link,title,category,City,phone,review_count,review_rating,website,facebookk,instagram,twitter_x,linkedin,youtube,tiktok,whatsapp,emails,
https://www.google.com/maps/place/%D9%85%D8%B1%D9%83%D8%B2+%D8%A7%D9%84%D8%AF%D8%B1%D9%8A%D9%88%D8%B4+%D9%84%D9%84%D8%BA%D8%A7%D8%AA+%D9%88+%D8%A7%D9%84%D8%A7%D8%B9%D9%84%D8%A7%D9%85%D9%8A%D8%A7%D8%AA%E2%80%AD/data=!4m7!3m6!1s0xd7643b5360e9913:0xf8b036f6c15c24db!8m2!3d34.9760558!4d-3.3902488!16s%2Fg%2F11j2whzf18!19sChIJE5kONrVDdg0R2yRcwfY2sPg?authuser=0&hl=en&rclk=1,مركز الدريوش للغات و الاعلاميات,Language school,Driouch ⴷⵔⵉⵡⵛ الدريوش,+212 5 36 36 71 83,4,3.8,,,,,,,,,,
https://www.google.com/maps/place/Institut+Alemane+Centre+Driouch/data=!4m7!3m6!1s0xd7643ba9a89fcff:0x21beae933dfc19f7!8m2!3d34.9746382!4d-3.3929621!16s%2Fg%2F11v9_lywgy!19sChIJ__yJmrpDdg0R9xn8PZOuviE?authuser=0&hl=en&rclk=1,Institut Alemane Centre Driouch,Foreign languages program school,Driouch ⴷⵔⵉⵡⵛ الدريوش,+212 6 58 59 78 95,4,5,,,,,,,,,,
https://www.google.com/maps/place/Roots+Academy+-+%D8%A3%D9%83%D8%A7%D8%AF%D9%8A%D9%85%D9%8A%D8%A9+%D8%AC%D8%B0%D9%88%D8%B1%E2%80%AD/data=!4m7!3m6!1s0xda76d2bb6297aa3:0xd42cb9a5aea5fb55!8m2!3d34.0173715!4d-6.8339848!16s%2Fg%2F11p15t2_7b!19sChIJo3optittpw0RVfulrqW5LNQ?authuser=0&hl=en&rclk=1,Roots Academy - أكاديمية جذور,Language school,Rabat,+212 5 37 73 35 77,165,4.9,https://rootsacademy.ma/,facebook.com/rootsacademy.ma,instagram.com/rootsacademy.ma,,,youtube.com/channel/UChOjbRaUTHw2rtE_awLAwyg,,,contact@rootsacademy.ma,
https://www.google.com/maps/place/Duolingua+Institute/data=!4m7!3m6!1s0xd9f8b0594f78473:0x6d6bf604e37ead81!8m2!3d34.0161879!4d-4.9844467!16s%2Fg%2F11t7vpb_35!19sChIJc4T3lAWLnw0Rga1-4wT2a20?authuser=0&hl=en&rclk=1,Duolingua Institute,English language school,Fez,+212 6 76 96 48 26,126,5,https://duolinguainstitute.com/,facebook.com/Duolingua.institute,instagram.com/duolingua.institute,,linkedin.com/company/duolingua-institute,youtube.com/embed/TJ1SDXbij8Y,tiktok.com/@duolingua.institute,,admin@duolinguainstitute.com,
https://www.google.com/maps/place/Acad%C3%A9mie+Internationale+Benset+-+Elite/data=!4m7!3m6!1s0xdaefd31b1a309d9:0x66d76737d82e1fd2!8m2!3d32.2417027!4d-8.535084!16s%2Fg%2F11yk1r_mwy!19sChIJ2QmjsTH9rg0R0h8u2Ddn12Y?authuser=0&hl=en&rclk=1,Académie Internationale Benset - Elite,Language school,Youssoufia,+212 7 01 02 02 24,2,5,,,,,,,,,,
"https://www.google.com/maps/place/German+Workshop+-+%C3%A9cole+de+langue+allemande+Casablanca/@33.5774621,-7.6267017,17z/data=!3m1!4b1!4m6!3m5!1s0xda7d38161c47dcf:0xbff4db7b6cb9f0d2!8m2!3d33.5774621!4d-7.6267017!16s%2Fg%2F11tcl_yghx?hl=en&entry=ttu&g_ep=EgoyMDI2MDgxMi4wIKXMDSoASAFQAw%3D%3D",German Workshop - école de langue allemande Casablanca,German language school,Casablanca,+212 6 58 61 91 31,107,5,https://germanworkshop.ma/,,instagram.com/germanworkshop.marokko,,,,,wa.me/212658619131,contact@germanworkshop.ma,
https://www.google.com/maps/place/International+Academy_2+%28IAC%29:+Centre+Allemand+Rabat/data=!4m7!3m6!1s0xda76d54823705d1:0x5896b14d36f878f5!8m2!3d33.9973229!4d-6.8483218!16s%2Fg%2F11kz_6d9jq!19sChIJ0QU3glRtpw0R9Xj4Nk2xllg?authuser=0&hl=en&rclk=1,International Academy_2 (IAC): Centre Allemand Rabat,Language school,Rabat,+212 5 30 00 28 38,33,3.9,https://mdazentrum.ma/,facebook.com/International.academy.iac,instagram.com/international.academy.iac,,,youtube.com/watch?v=hfsDJ_O5Jb0,,api.whatsapp.com/send/?phone=212608089494&text=Bonjour%2C+j%27ai+consult%C3%A9+votre+site+et+j%27ai+une+question+svp&type=phone_number&app_absent=0,contact@mdazentrum.ma,
https://www.google.com/maps/place/GLS+Sprachenzentrum+-+Centre+GLS+de+langue+Allemande+Rabat/data=!4m7!3m6!1s0xda76dcf7a656da5:0xcaf46ae5e6e81d87!8m2!3d33.9977354!4d-6.8486273!16s%2Fg%2F11mx7nq3lr!19sChIJpW1les9tpw0Rhx3o5uVq9Mo?authuser=0&hl=en&rclk=1,GLS Sprachenzentrum - Centre GLS de langue Allemande Rabat,German language school,Rabat,+212 8 08 57 35 09,352,4.9,https://gls-sprachzentrum.ma/fr,facebook.com/gls.sale,instagram.com/gls.maroc,,,youtube.com/@9onsolsTalks,tiktok.com/@gls.sprachenzentrum?is_from_webapp=1&sender_device=pc,wa.me/212603160277,info@gls-sprachzentrum.ma,
https://www.google.com/maps/place/GLS+Sprachenzentrum+-+Centre+de+langue+Allemande+Marrakech./data=!4m7!3m6!1s0xdafefd52ae80051:0xf05642e7c0fe1300!8m2!3d31.6379228!4d-8.009762!16s%2Fg%2F11txszst8t!19sChIJUQDoKtXvrw0RABP-wOdCVvA?authuser=0&hl=en&rclk=1,GLS Sprachenzentrum - Centre de langue Allemande Marrakech.,German language school,Marrakesh,+212 8 08 66 39 83,179,5,https://gls-sprachzentrum.ma/fr,facebook.com/gls.sale,instagram.com/gls.maroc,,,youtube.com/@9onsolsTalks,tiktok.com/@gls.sprachenzentrum?is_from_webapp=1&sender_device=pc,wa.me/212603160277,info@gls-sprachzentrum.ma,
https://www.google.com/maps/place/Von+Goethe+Center+Khouribga/data=!4m7!3m6!1s0xda4278a8759c20d:0x6ddeb75301d1fdc5!8m2!3d32.8813836!4d-6.9126451!16s%2Fg%2F11j1f3x7k5!19sChIJDcJZh4onpA0Rxf3RAVO33m0?authuser=0&hl=en&rclk=1,Von Goethe Center Khouribga,German language school,Khouribga,+212 6 66 08 48 44,7,4.9,,,,,,,,,,
https://www.google.com/maps/place/Sprachinstitut+Goethe+Fes+%28Goethe-Fes%29/data=!4m7!3m6!1s0xd9f8b38c273a497:0xc4319f04271f0322!8m2!3d34.0360439!4d-4.9998976!16s%2Fg%2F11c521v344!19sChIJl6RzwjiLnw0RIgMfJwSfMcQ?authuser=0&hl=en&rclk=1,Sprachinstitut Goethe Fes (Goethe-Fes),German language school,Fez,+212 5 35 65 02 95,61,4.5,https://sprachinstitut-goethe.com/,facebook.com/s.institutgoethe,instagram.com/s.institutgoethe,,,youtube.com/@sprachinstitutgoethefes9749,tiktok.com/@s.institutgoethe,,,
https://www.google.com/maps/place/Centre+Germaha+De+Langues/data=!4m7!3m6!1s0xdac21ce9fdef89b:0xd31463f9ab10101c!8m2!3d32.2875023!4d-9.2339998!16s%2Fg%2F11sd8q65cf!19sChIJm_jen84hrA0RHBAQq_ljFNM?authuser=0&hl=en&rclk=1,Centre Germaha De Langues,Language school,Safi,+212 6 65 84 76 33,5,5,,,,,,,,,,
https://www.google.com/maps/place/Goethex+Schule+%E2%80%93+Centre+de+langue+allemande/data=!4m7!3m6!1s0xda76d00338c78bd:0x6db1001d102fac21!8m2!3d33.9936146!4d-6.8471195!16s%2Fg%2F11vz4_tmwx!19sChIJvXiMMwBtpw0RIawvEB0AsW0?authuser=0&hl=en&rclk=1,Goethex Schule – Centre de langue allemande,German language school,Rabat,+212 6 06 68 15 68,34,3.9,https://goethexschule.com/,facebook.com/profile.php?id=61555447741456,instagram.com/goethexschule,,linkedin.com/company/goethex-schule,,tiktok.com/@goeth_exschule,,"contact@goethexschule.com, studioegreg@gmail.com", 
https://www.google.com/maps/place/Germarok+Casablanca/data=!4m7!3m6!1s0xda7d383c7822b97:0xfb3f464d09ae5dcc!8m2!3d33.5951546!4d-7.6273376!16s%2Fg%2F11h41h2zrb!19sChIJlyuCx4PTpw0RzF2uCU1GP_s?authuser=0&hl=en&rclk=1,Germarok Casablanca,German language school,Casablanca,+212 6 41 35 63 66,432,4.8,https://germarok.ma/,facebook.com/GerMarok.co,instagram.com/germarok_sprachzentrum,,linkedin.com/company/germarok,youtube.com/c/GerMarokKanal,tiktok.com/@germarok_,wa.me/+212601158887,,
https://www.google.com/maps/place/Institute+Friedrich+Rueckert/data=!4m7!3m6!1s0xda7cd8f096f4a9d:0x51601e36c7b1570b!8m2!3d33.5943316!4d-7.5886345!16s%2Fg%2F11fndg0wth!19sChIJnUpvCY_Npw0RC1exxzYeYFE?authuser=0&hl=en&rclk=1,Institute Friedrich Rueckert,German language school,Casablanca,+212 5 20 02 27 87,22,4.8,https://fr-institut.com/,,,,,,,,,
https://www.google.com/maps/place/Sprachcaffe+Maroc+%D8%A7%D9%84%D9%85%D8%B1%D9%83%D8%B2+%D8%A7%D9%84%D8%B9%D8%A7%D9%84%D9%85%D9%8A+%D9%84%D9%84%D8%BA%D8%A7%D8%AA+%D9%88+%D8%A7%D9%84%D8%AA%D8%A8%D8%A7%D8%AF%D9%84+%D8%A7%D9%84%D9%84%D8%BA%D9%88%D9%8A%E2%80%AD/data=!4m7!3m6!1s0xda76c792b2a87fd:0x9851b8a3b1df5743!8m2!3d34.0137009!4d-6.8370669!16s%2Fg%2F11b7lh17jx!19sChIJ_YcqK3lspw0RQ1ffsaO4UZg?authuser=0&hl=en&rclk=1,Sprachcaffe Maroc المركز العالمي للغات و التبادل اللغوي,Language school,Rabat,+212 5 37 73 20 60,81,4.5,https://www.sprachcaffe-rabat.com/ecole-de-langues-rabat-sprachcaffe.htm,,,,,,,,info@sprachcaffe-rabat.com,
https://www.google.com/maps/place/Academy+Taoussi+Language+German+-+%D9%85%D8%B1%D9%83%D8%B2+%D8%AA%D8%B9%D9%84%D9%85+%D8%A7%D9%84%D9%84%D8%BA%D8%A9+%D8%A7%D9%84%D8%A3%D9%84%D9%85%D8%A7%D9%86%D9%8A%D8%A9+%D9%81%D9%8A+%D8%A7%D9%84%D8%AF%D8%A7%D8%B1+%D8%A7%D9%84%D8%A8%D9%8A%D8%B6%D8%A7%D8%A1%E2%80%AD/data=!4m7!3m6!1s0xda7cd952bfaa6fd:0x4ef653536e94fbe6!8m2!3d33.5943178!4d-7.606365!16s%2Fg%2F11kj6wxljm!19sChIJ_ab6K5XNpw0R5vuUblNT9k4?authuser=0&hl=en&rclk=1,Academy Taoussi Language German - مركز تعلم اللغة الألمانية في الدار البيضاء,German language school,Casablanca,+212 5 20 60 30 38,68,4.8,https://www.academietaoussi.com/,facebook.com/academietaoussi,instagram.com/academietaoussi,,linkedin.com/company/academietaoussi,,tiktok.com/@acadmietaoussi,,contact@academietaoussi.com,
https://www.google.com/maps/place/Germarok+agadir/data=!4m7!3m6!1s0xdb3b7a0a1748537:0x2385ff77f96f7a3!8m2!3d30.4094554!4d-9.5486272!16s%2Fg%2F11fk2gf5vz!19sChIJN4V0oaC3sw0Ro_eWf_dfOAI?authuser=0&hl=en&rclk=1,Germarok agadir,German language school,Agadir,+212 6 79 76 41 99,239,4.5,https://germarok.ma/,facebook.com/GerMarok.co,instagram.com/germarok_sprachzentrum,,linkedin.com/company/germarok,youtube.com/c/GerMarokKanal,tiktok.com/@germarok_,wa.me/+212601158887,,
https://www.google.com/maps/place/GerMarok/data=!4m7!3m6!1s0xd0b87584c13df67:0x778adf9affffccbd!8m2!3d35.7791585!4d-5.8081525!16s%2Fg%2F11vd05d_5_!19sChIJZ98TTFiHCw0Rvcz__5rfinc?authuser=0&hl=en&rclk=1,GerMarok,German language school,Tangier,+212 6 65 26 37 07,34,4.4,https://www.germarok.ma/,facebook.com/GerMarok.co,instagram.com/germarok_sprachzentrum,,linkedin.com/company/germarok,youtube.com/c/GerMarokKanal,tiktok.com/@germarok_,wa.me/+212601158887,,
"https://www.google.com/maps/place/Centre+de+langues+%C3%A0+Casablanca+%E2%80%93+Cours+d%E2%80%99Allemand,+Fran%C3%A7ais+et+Anglais+%7C+Privil%C3%A8ge/data=!4m7!3m6!1s0xda7d28335fb479d:0x5cedd80384f0cfa2!8m2!3d33.5960168!4d-7.6138957!16s%2Fg%2F11cmqs38xr!19sChIJnUf7NYPSpw0Ros_whAPY7Vw?authuser=0&hl=en&rclk=1","Centre de langues à Casablanca – Cours d’Allemand, Français et Anglais | Privilège",Language school,Casablanca,+212 5 22 22 00 00,211,4.3,https://www.centreprivilege.com/,FaceBook.com/Centreprivilege,Instagram.com/Centre.privilege,Twitter.com/PrivilegeCentre,,,tiktok.com/i18n/pixel/events.js,,,
https://www.google.com/maps/place/Germarok+Mekn%C3%A8s/data=!4m7!3m6!1s0xda044d92aebcf71:0x3d3544a7769d0d43!8m2!3d33.8968477!4d-5.5481681!16s%2Fg%2F11b8v9y8vy!19sChIJcc_rKtlEoA0RQw2ddqdENT0?authuser=0&hl=en&rclk=1,Germarok Meknès,German language school,Meknes,+212 6 55 99 98 19,183,4.6,https://germarok.ma/,facebook.com/GerMarok.co,instagram.com/germarok_sprachzentrum,,linkedin.com/company/germarok,youtube.com/c/GerMarokKanal,tiktok.com/@germarok_,wa.me/+212601158887,,
https://www.google.com/maps/place/Germarok+Kenitra/data=!4m7!3m6!1s0xda759e590ecd02b:0xf3873a25fa493be9!8m2!3d34.2575643!4d-6.5880334!16s%2Fg%2F11cnc0p762!19sChIJK9DskOVZpw0R6TtJ-iU6h_M?authuser=0&hl=en&rclk=1,Germarok Kenitra,German language school,Kenitra,+212 6 93 33 81 21,60,4.4,https://germarok.ma/,facebook.com/GerMarok.co,instagram.com/germarok_sprachzentrum,,linkedin.com/company/germarok,youtube.com/c/GerMarokKanal,tiktok.com/@germarok_,wa.me/+212601158887,,
https://www.google.com/maps/place/Aktiv+Deutsch+%22+Ecole+de+la+langue+allemande+%22/data=!4m7!3m6!1s0xd0b87e8443b05b9:0xad22ccc9283381ef!8m2!3d35.7774478!4d-5.8047898!16s%2Fg%2F11s3xqrr3h!19sChIJuQU7ROiHCw0R74EzKMnMIq0?authuser=0&hl=en&rclk=1,"Aktiv Deutsch "" Ecole de la langue allemande """,Language school,Tangier,+212 6 31 18 53 00,8,4.5,,,,,,,,,,
https://www.google.com/maps/place/Media+Langues/data=!4m7!3m6!1s0xdac21432b81e87d:0x5f9af6675748d9aa!8m2!3d32.2921396!4d-9.2356939!16s%2Fg%2F11ns5gtvlf!19sChIJfeiBK0MhrA0RqtlIV2f2ml8?authuser=0&hl=en&rclk=1,Media Langues,Language school,Safi,+212 6 45 19 41 94,30,4.2,,,,,,,,,,
https://www.google.com/maps/place/Institut+Friedrich+Rueckert/data=!4m7!3m6!1s0xda759e6844e5b4b:0xa7c1d6127ebe6700!8m2!3d34.2598882!4d-6.5858528!16s%2Fg%2F11b620916b!19sChIJS1tOhOZZpw0RAGe-fhLWwac?authuser=0&hl=en&rclk=1,Institut Friedrich Rueckert,Language school,Kenitra,+212 5 37 37 59 16,36,4.6,https://fr-institut.com/,,,,,,,,,
https://www.google.com/maps/place/Al+Minbar+Institute+of+Arabic+Language+%D9%85%D8%B9%D9%87%D8%AF+%D8%A7%D9%84%D9%85%D9%86%D8%A8%D8%B1+%D9%84%D8%AA%D8%B9%D9%84%D9%8A%D9%85+%D8%A7%D9%84%D9%84%D8%BA%D8%A9+%D8%A7%D9%84%D8%B9%D8%B1%D8%A8%D9%8A%D8%A9%E2%80%AD/data=!4m7!3m6!1s0xda76b8fff67f081:0x91aa8e1787e018c4!8m2!3d34.0171461!4d-6.8343101!16s%2Fg%2F11sn3bg43r!19sChIJgfBn_49rpw0RxBjghxeOqpE?authuser=0&hl=en&rclk=1,Al Minbar Institute of Arabic Language معهد المنبر لتعليم اللغة العربية,Language school,Rabat,+212 6 49 65 54 10,128,4.9,https://alminbar-institute.com/,facebook.com/profile.php?id=100083189679318,instagram.com/p/DTlHslIjYcL,,linkedin.com/company/al-minbar-institute,,,wa.me/212649655410,contact@alminbar-institute.com,
"https://www.google.com/maps/place/ALCF+:+Centre+de+formation+en+langues+et+communication,+Soutien+Scolaire/data=!4m7!3m6!1s0xda387087b142ac9:0x1c8a773cc03bafee!8m2!3d32.328773!4d-6.376365!16s%2Fg%2F11g9fjbg2c!19sChIJySoUewiHow0R7q87wDx3ihw?authuser=0&hl=en&rclk=1","ALCF : Centre de formation en langues et communication, Soutien Scolaire",Language school,Beni Mellal,+212 7 62 56 96 96,4,5,,,,,,,,,,
https://www.google.com/maps/place/Center+Benjamin+Des+Langues+Et+De+Formation/data=!4m7!3m6!1s0xda387503a4875fd:0x5e1bda28dcd322bd!8m2!3d32.3375386!4d-6.3734901!16s%2Fg%2F11sk3svsdg!19sChIJ_XVIOlCHow0RvSLT3CjaG14?authuser=0&hl=en&rclk=1,Center Benjamin Des Langues Et De Formation,Foreign languages program school,Beni Mellal,+212 6 20 85 55 97,39,5,,,,,,,,,,
https://www.google.com/maps/place/Institute+Private+Language+Les+Sages/data=!4m7!3m6!1s0xda63b17adf65489:0xea230d140766ade6!8m2!3d33.3870681!4d-7.5326474!16s%2Fg%2F11fr8427h_!19sChIJiVT2rRc7pg0R5q1mBxQNI-o?authuser=0&hl=en&rclk=1,Institute Private Language Les Sages,Foreign languages program school,Deroua,+212 6 70 38 48 73,10,4.5,,,,,,,,,,
https://www.google.com/maps/place/Universal+Sup+:+Languages+%26+Certification/data=!4m7!3m6!1s0xda387abf075b545:0x44a916553e48d07e!8m2!3d32.3364832!4d-6.3696875!16s%2Fg%2F11gd2184sm!19sChIJRbV18KuHow0RftBIPlUWqUQ?authuser=0&hl=en&rclk=1,Universal Sup : Languages & Certification,Foreign languages program school,Beni Mellal,+212 6 66 73 68 15,448,4.8,https://universalsup.org/,,,,,,,,,
"https://www.google.com/maps/place/Cambridge+English+Center/@31.6347963,-8.0163211,17z/data=!3m1!4b1!4m6!3m5!1s0xdafef491c96b33d:0xbfd892cef49913b6!8m2!3d31.6347963!4d-8.0163211!16s%2Fg%2F11kczs1vqw?hl=en&entry=ttu&g_ep=EgoyMDI2MDgxMi4wIKXMDSoASAFQAw%3D%3D",Cambridge English Center,English language school,Marrakesh,+212 6 93 81 93 93,1,5,https://www.lesud.ma/fr/cambridge/,facebook.com/EcoleLeSud,instagram.com/ecolelesud,,,youtube.com/channel/UCHsmH5y1iAH3x4AR4CIj48A,,,,
https://www.google.com/maps/place/School+Academia+De+Languages+And+Communication+Continuing+Education/data=!4m7!3m6!1s0xd984a9037c8515b:0xe79148616159bd1f!8m2!3d31.9295942!4d-4.4272301!16s%2Fg%2F11cs2h1d6x!19sChIJW1HIN5BKmA0RH71ZYWFIkec?authuser=0&hl=en&rclk=1,School Academia De Languages And Communication Continuing Education,Language school,Errachidia,+212 5 35 57 22 22,116,4.8,https://academialangues.ma/,facebook.com/ACADEMIAERRACHIDIA,instagram.com/academiaschool_errachidia,,,,,api.whatsapp.com/send?phone=https://wa.me/212648162614?text=Bonjour%20%2C%20je%20viens%20de%20consulter%20votre%20site%20web%20et%20j,,
https://www.google.com/maps/place/ALA+Agadir+Language+Academy+%D8%A3%D9%83%D8%A7%D8%AF%D9%8A%D9%85%D9%8A%D8%A9+%D8%A3%D9%83%D8%A7%D8%AF%D9%8A%D8%B1+%D9%84%D9%84%D8%BA%D8%A7%D8%AA%E2%80%AD/data=!4m7!3m6!1s0xdb3b7899b4a9527:0xf8f4738446c12337!8m2!3d30.3985129!4d-9.5471365!16s%2Fg%2F11tj8zp6lc!19sChIJJ5VKm4m3sw0RNyPBRoRz9Pg?authuser=0&hl=en&rclk=1,ALA Agadir Language Academy أكاديمية أكادير للغات,Language school,Agadir,+212 5 28 21 58 14,27,5,,,,,,,,,,
https://www.google.com/maps/place/Ecole+Academia/data=!4m7!3m6!1s0xdbb118a7c207d71:0x2b786ff8dff4cc39!8m2!3d30.9268635!4d-6.9033855!16s%2Fg%2F11lfqhtb0q!19sChIJcX0gfIoRuw0ROcz03_hveCs?authuser=0&hl=en&rclk=1,Ecole Academia,Language school,Ouarzazate,+212 8 08 54 67 62,53,4.8,https://academialangues.ma/inscription/,facebook.com/ACADEMIAOUARZAZATE,instagram.com/academiaschool_errachidia,,,,,api.whatsapp.com/send?phone=https://wa.me/212648162614?text=Bonjour%20%2C%20je%20viens%20de%20consulter%20votre%20site%20web%20et%20j,"errachidia@academialangues.ma, ouarzazate@academialangues.ma", 
https://www.google.com/maps/place/Assimil-Formation+1+%C3%A8re+%C3%A9cole+de+langues+au+Maroc/data=!4m7!3m6!1s0xda7d29d2c4942ef:0x152905bcaf7bfc13!8m2!3d33.5955366!4d-7.6134762!16s%2Fg%2F1tfx67rk!19sChIJ70JJLJ3Spw0RE_x7r7wFKRU?authuser=0&hl=en&rclk=1,Assimil-Formation 1 ère école de langues au Maroc,Language school,Casablanca,+212 5 22 31 25 67,55,4.5,,,,,,,,,,
https://www.google.com/maps/place/Lingua-Academy+Center+Language+And+Training/data=!4m7!3m6!1s0xda0cf33b769ea09:0x6e295b4c45c2f3bc!8m2!3d33.8928915!4d-6.3156095!16s%2Fg%2F11sfbb_skc!19sChIJCepptzPPoA0RvPPCRUxbKW4?authuser=0&hl=en&rclk=1,Lingua-Academy Center Language And Training,English language school,Tiflet,+212 6 66 71 61 26,1,5,,,,,,,,,,
https://www.google.com/maps/place/WLC+Marrakech+-+Centre+de+Langue+et+de+Technologie/data=!4m7!3m6!1s0xdafee889d8390f1:0x1037c865a4be0be1!8m2!3d31.6393102!4d-8.0064757!16s%2Fg%2F11b6dz0kcp!19sChIJ8ZCDnYjurw0R4Qu-pGXINxA?authuser=0&hl=en&rclk=1,WLC Marrakech - Centre de Langue et de Technologie,English language school,Marrakesh,+212 5 24 43 38 69,285,4.9,https://www.wlc.ma/,facebook.com/WLC.Marrakech,instagram.com/wlc.ma,twitter.com/wlc_ma,linkedin.com/school/wlc-ma,,,wa.me/212665481292,contact@wlc.ma,
https://www.google.com/maps/place/ALC+MARRAKESH+-+American+Language+Center+Of+Marrakesh/data=!4m7!3m6!1s0xdafee8f708b2015:0xfa9691ff2e354c9a!8m2!3d31.6384049!4d-8.0105328!16s%2Fg%2F1hd_szkdm!19sChIJFSCLcI_urw0Rmkw1Lv-Rlvo?authuser=0&hl=en&rclk=1,ALC MARRAKESH - American Language Center Of Marrakesh,English language school,Marrakesh,+212 5 24 44 72 59,188,4.4,https://www.alcmarrakesh.com/index.php/en/,facebook.com/ALC.Marrakech/photos/a.759658514100775/4515598261840096,,,,,,,alcmarrinfo@acamorocco.org,
https://www.google.com/maps/place/Access+Language+Center/data=!4m7!3m6!1s0xdb3c3b322dbe2f3:0xc1bec6cee07bed6b!8m2!3d30.2165689!4d-9.3916121!16s%2Fg%2F11lgqg6mk3!19sChIJ8-LbIrPDsw0Ra-174M7GvsE?authuser=0&hl=en&rclk=1,Access Language Center,English language school,Ouad Essafa,+212 6 31 22 72 03,3,5,,,,,,,,,,
https://www.google.com/maps/place/Ouaaziz+Center/data=!4m7!3m6!1s0xdad9b238c6a3b2d:0xc9e38895559e5b7!8m2!3d31.5162287!4d-9.757013!16s%2Fg%2F11vk57g687!19sChIJLTtqjCObrQ0Rt-VZVYk4ngw?authuser=0&hl=en&rclk=1,Ouaaziz Center,Language school,Essaouira,+212 5 29 35 19 25,2,5,,,,,,,,,,
https://www.google.com/maps/place/Eurolingua+Languages+Centre/data=!4m7!3m6!1s0xda386ffbc971ab5:0x71992057d8f7df5!8m2!3d32.3303401!4d-6.3628851!16s%2Fg%2F11gdm615mf!19sChIJtRqXvP-Gow0R9X2PfQWSGQc?authuser=0&hl=en&rclk=1,Eurolingua Languages Centre,Foreign languages program school,Beni Mellal,+212 5 23 48 24 75,2,3.5,,,,,,,,,,
https://www.google.com/maps/place/Institut+Marsoul/data=!4m7!3m6!1s0xda63b76ef42bea9:0x2ec5b43fbde37c32!8m2!3d33.3749709!4d-7.534106!16s%2Fg%2F11h_wrr59p!19sChIJqb5C73Y7pg0RMnzjvT-0xS4?authuser=0&hl=en&rclk=1,Institut Marsoul,Language school,Deroua,+212 5 22 53 22 17,5,4.2,,,,,,,,,,
https://www.google.com/maps/place/LINGO+CENTER/data=!4m7!3m6!1s0xdb3b7bb29bf0335:0x4cedca8c1c09ac7!8m2!3d30.3993849!4d-9.5575984!16s%2Fg%2F11g0ll9cgk!19sChIJNQO_Kbu3sw0Rx5rAwajczgQ?authuser=0&hl=en&rclk=1,LINGO CENTER,Language school,Agadir,+212 5 28 29 18 14,135,4.7,https://lingomorocco.com/,facebook.com/lingocenterforlanguages,,,,youtube.com/embed/N63Uz30EXKE,,,lingocentre1@gmail.com,
https://www.google.com/maps/place/English+School+beni-mellal/data=!4m7!3m6!1s0xda387fde77be015:0x7c4d3de0bbbdd437!8m2!3d32.3431805!4d-6.3635007!16s%2Fg%2F11wxph3wjr!19sChIJFeB75_2How0RN9S9u-A9TXw?authuser=0&hl=en&rclk=1,English School beni-mellal,Language school,Beni Mellal,+212 6 21 37 85 00,13,5,https://theenglishschool.center/home/,,instagram.com/nour_ich0u,,,,,,,
https://www.google.com/maps/place/Excellence+Language+Center+ELC/data=!4m7!3m6!1s0xda50bae9b32d755:0x7209838a241d9522!8m2!3d32.054371!4d-7.407779!16s%2Fg%2F11q979m9cb!19sChIJVdcym64LpQ0RIpUdJIqDCXI?authuser=0&hl=en&rclk=1,Excellence Language Center ELC,Language school,El Kelaa des Sraghna,+212 6 51 23 62 76,21,5,,,,,,,,,,
https://www.google.com/maps/place/British+Workshop+CIL/data=!4m7!3m6!1s0xda7d326d2bc487f:0x91af70f0cfe49220!8m2!3d33.576717!4d-7.657123!16s%2Fg%2F1tt1jl0c!19sChIJf0i80ibTpw0RIJLkz_Bwr5E?authuser=0&hl=en&rclk=1,British Workshop CIL,English language school,Casablanca,+212 5 22 94 77 58,138,4.6,https://www.britishworkshop.ma/,facebook.com/britishworkshop.ma,instagram.com/britishworkshop/?hl=fr,,linkedin.com/company/british-workshop,youtube.com/watch?v=cP8YFtKaT9g,,,"britishwokrshop.cil@gmail.com, britishworkshop.cil@gmail.com, britishworkshop.rabat@gmail.com, britishworkshopmohammedia@gmail.com, britishworkshoptangier@gmail.com, darb@decochic.ma, darb@gmail.ma, eljadida.britishworkshop@gmail.com", 
https://www.google.com/maps/place/Deutsches+Haus/data=!4m7!3m6!1s0xda3870a152dc5ab:0xe704033c5d148e2b!8m2!3d32.3430524!4d-6.3636465!16s%2Fg%2F11j3sbyf81!19sChIJq8UtFQqHow0RK44UXTwDBOc?authuser=0&hl=en&rclk=1,Deutsches Haus,German language school,Beni Mellal,+212 6 80 95 05 91,132,5,,,,,,,,,,
https://www.google.com/maps/place/Allemand+Schule/data=!4m7!3m6!1s0xda387ee956decc5:0xfaa5a23e5ee2a2d6!8m2!3d32.335985!4d-6.3648467!16s%2Fg%2F11shkd4dgh!19sChIJxextle6How0R1qLiXj6ipfo?authuser=0&hl=en&rclk=1,Allemand Schule,German language school,Beni Mellal,+212 6 11 18 79 21,5,5,,,,,,,,,,
https://www.google.com/maps/place/EINSTEIN+ZENTRUM+BM/data=!4m7!3m6!1s0xda387cfb2eefb37:0xec3768ecbd2b1457!8m2!3d32.3355798!4d-6.3656696!16s%2Fg%2F11h1vf9k5z!19sChIJN_vuss-How0RVxQrvexoN-w?authuser=0&hl=en&rclk=1,EINSTEIN ZENTRUM BM,Language school,Beni Mellal,+212 5 23 42 31 62,13,5,,,,,,,,,,
https://www.google.com/maps/place/The+English+School/data=!4m7!3m6!1s0xda517028884c60f:0x5a5ed5f6713771f1!8m2!3d31.8391395!4d-7.3152442!16s%2Fg%2F11j6f1gtz1!19sChIJD8aEiAIXpQ0R8XE3cfbVXlo?authuser=0&hl=en&rclk=1,The English School,Language school,Laattaouia,+212 6 61 59 38 17,7,4.6,,,,,,,,,,
https://www.google.com/maps/place/American+Language+Center+%28ALC%29/data=!4m7!3m6!1s0xda7d292229a1299:0x765b516d4a315619!8m2!3d33.5934155!4d-7.6283308!16s%2Fg%2F1td9rwm5!19sChIJmRKaIpLSpw0RGVYxSm1RW3Y?authuser=0&hl=en&rclk=1,American Language Center (ALC),English language school,Casablanca,+212 5 22 27 52 70,271,4.3,https://alccasablanca.com/,facebook.com/alccasablancaOfficial,instagram.com/alccasablancaofficial,,,,,,,
https://www.google.com/maps/place/The+English+Academy+Fez+%28For+Students+and+Professionals%29/data=!4m7!3m6!1s0xd9f8b63006cf125:0x1df6cbe5f83153af!8m2!3d34.0385964!4d-5.0069084!16s%2Fg%2F11p0hhhjtn!19sChIJJfFsAGOLnw0Rr1Mx-OXL9h0?authuser=0&hl=en&rclk=1,The English Academy Fez (For Students and Professionals),English language school,Fez,+212 6 61 25 75 51,60,5,https://www.instagram.com/the_english_academy_fez/,,instagram.com/rsrc.php/y4/r/QaBlI0OZiks.ico,,,,,,,
https://www.google.com/maps/place/Elitetouan+%28English+Language+Institute%29/data=!4m7!3m6!1s0xd0b42560d5e3f87:0x6ddba999d3e25b5d!8m2!3d35.5769463!4d-5.3579561!16s%2Fg%2F11bwysq418!19sChIJhz9eDVZCCw0RXVvi05mp220?authuser=0&hl=en&rclk=1,Elitetouan (English Language Institute),English language school,Tétouan تطوان,+212 5 39 97 14 15,269,4.7,https://www.elitetouan.com/,facebook.com/elitetouan,instagram.com/elitetouan,,,youtube.com/watch?v=aLnVK5fAx7g,,,contact@elitetouan.com,
https://www.google.com/maps/place/Center+for+Language+%26+Culture/data=!4m7!3m6!1s0xdafee88f7c6c8b3:0x3c594c1a3a907cd!8m2!3d31.6372817!4d-8.0056696!16s%2Fg%2F1thf9xx3!19sChIJs8jG94jurw0RzQepo8GUxQM?authuser=0&hl=en&rclk=1,Center for Language & Culture,English language school,Marrakesh,+212 5 24 44 76 91,157,4.6,https://www.clcmorocco.org/,facebook.com/clcmorocco,instagram.com/clc_morocco,,,youtube.com/watch?v=UPeRCpSuU34,,,info@clcmorocco.org,
https://www.google.com/maps/place/London+Language+Centre/data=!4m7!3m6!1s0xd0c78a4558bdf09:0x5794c715f4c59565!8m2!3d35.7823504!4d-5.8277773!16s%2Fg%2F11gblf1hfs!19sChIJCd-LVaR4DA0RZZXF9BXHlFc?authuser=0&hl=en&rclk=1,London Language Centre,Language school,Tangier,+212 5 39 37 10 38,19,4.7,https://llctangier.com/,facebook.com/londonlanguagecentretangier,instagram.com/llctangier,,,,,,"contact@llctangier.com, info@llctangier.com", 
https://www.google.com/maps/place/Britannia+Language+School/data=!4m7!3m6!1s0xdb3b78e2525c63b:0x67c20a401d68fd6c!8m2!3d30.4028201!4d-9.542334!16s%2Fg%2F11l1yl5z0j!19sChIJO8YlJY63sw0RbP1oHUAKwmc?authuser=0&hl=en&rclk=1,Britannia Language School,English language school,Agadir,+212 6 70 88 89 90,65,5,https://britannialanguageschool.com/,,,,,,,,,
https://www.google.com/maps/place/Allemando+Institute+Marrakech-Gueliz+-+Center+Language+German+Marrakech+Gueliz.+German+Language+Center+Marrakech+Gueliz/data=!4m7!3m6!1s0xdafef34b3a8eb39:0xa0092268fb644fe8!8m2!3d31.63826!4d-8.0098683!16s%2Fg%2F11l5wqtg8h!19sChIJOeuoszTvrw0R6E9k-2giCaA?authuser=0&hl=en&rclk=1,Allemando Institute Marrakech-Gueliz - Center Language German Marrakech Gueliz. German Language Center Marrakech Gueliz,Language school,Marrakesh,+212 6 60 70 52 08,41,4.9,,,,,,,,,,
https://www.google.com/maps/place/Bremen+Center+%D8%A7%D9%84%D9%85%D8%B1%D9%83%D8%B2+%D8%A7%D9%84%D8%A3%D9%84%D9%85%D8%A7%D9%86%D9%8A+%D8%A8%D8%B7%D9%86%D8%AC%D8%A9%E2%80%AD/data=!4m7!3m6!1s0xd0b81d6383305fd:0x46610af8638ced13!8m2!3d35.7684222!4d-5.8052711!16s%2Fg%2F11k_q0j62f!19sChIJ_QUzONaBCw0RE-2MY_gKYUY?authuser=0&hl=en&rclk=1,Bremen Center المركز الألماني بطنجة,German language school,Tangier,+212 5 31 50 00 04,462,5,https://bremencenter.com/,facebook.com/bremencenter,instagram.com/bremencenter_tanger,,linkedin.com/company/bremencenter-tanger,,,,contact.tanger@bremencenter.com, 
https://www.google.com/maps/place/Easy+Germany+Academy/data=!4m7!3m6!1s0xd0b43dcbe3da879:0x1f6181405c629c61!8m2!3d35.5773244!4d-5.3565866!16s%2Fg%2F11s47b49t_!19sChIJeag9vtxDCw0RYZxiXECBYR8?authuser=0&hl=en&rclk=1,Easy Germany Academy,German language school,Tétouan تطوان,+212 6 87 75 50 40,16,4.3,https://easygermany.ma/,facebook.com/EgeraMarokko,instagram.com/easy_germany_acedemy,,,,,wa.me/+212695312007,egera.languag@gmail.com,
https://www.google.com/maps/place/Germania+Sprachenakademie/data=!4m7!3m6!1s0xd9f8bcd9b908fbb:0xe4d05355176f88db!8m2!3d34.0338072!4d-4.9963536!16s%2Fg%2F11sw3y22fl!19sChIJu4-Qm82Lnw0R24hvF1VT0OQ?authuser=0&hl=en&rclk=1,Germania Sprachenakademie,German language school,Fez,+212 6 66 19 78 34,19,3.5,,,,,,,,,, 
https://www.google.com/maps/place/CMA+-+German+Language+Center/data=!4m7!3m6!1s0xd0c7fb81ee1a483:0x815cbece4333220e!8m2!3d35.7805605!4d-5.8126634!16s%2Fg%2F11rq4t0z33!19sChIJg6ThHrh_DA0RDiIzQ86-XIE?authuser=0&hl=en&rclk=1,CMA - German Language Center,Language school,Tangier,+212 6 11 10 08 33,34,4.9,https://www.cmamaroc.com/en,facebook.com/cma.dmz.tanger,instagram.com/cma.deutsch.darija,,linkedin.com/in/lahsen-ait-ouanakhar-271632283,,,wa.me/212665454423,"contact@cmamaroc.com, lahsen@cmamaroc.com", 
https://www.google.com/maps/place/Germarok+Ait+Melloul/data=!4m7!3m6!1s0xdb3c790757f26cd:0x177460e9933140d5!8m2!3d30.3431218!4d-9.502292!16s%2Fg%2F11trhlnq39!19sChIJzSZ_dZDHsw0R1UAxk-lgdBc?authuser=0&hl=en&rclk=1,Germarok Ait Melloul,Foreign languages program school,Aït Melloul,+212 6 01 15 88 87,11,4.6,https://www.germarok.ma/,facebook.com/GerMarok.co,instagram.com/germarok_sprachzentrum,,linkedin.com/company/germarok,youtube.com/c/GerMarokKanal,tiktok.com/@germarok_,wa.me/+212601158887,,
https://www.google.com/maps/place/Allemando+Institut/data=!4m7!3m6!1s0xdafeff03a8f9459:0xd09d26d4d2532ee7!8m2!3d31.6493391!4d-8.0016152!16s%2Fg%2F11shfkr9fh!19sChIJWZSPOvDvrw0R5y5T0tQmndA?authuser=0&hl=en&rclk=1,Allemando Institut,German language school,Marrakesh,+212 6 33 49 51 65,201,4.9,https://www.instagram.com/allemando_institut/,,instagram.com/rsrc.php/y4/r/QaBlI0OZiks.ico,,,,,,,
https://www.google.com/maps/place/Yago+School/data=!4m7!3m6!1s0x6d67d339fb8caa7b:0x4f4f29b545431b13!8m2!3d32.3906419!4d-6.2789268!16s%2Fg%2F11nc2671c2!19sChIJe6qM-znTZ20RExtDRbUpT08?authuser=0&hl=en&rclk=1,Yago School,Language school,Beni Mellal,+212 7 77 48 62 32,4,5,,,,,,,,,,
https://www.google.com/maps/place/Meryglishacademy/data=!4m7!3m6!1s0x8401a473ba7ea0f5:0x6dc2f99459f8a43f!8m2!3d31.8008346!4d-7.1513478!16s%2Fg%2F11z756s9pn!19sChIJ9aB-unOkAYQRP6T4WZT5wm0?authuser=0&hl=en&rclk=1,Meryglishacademy,Language school,Assahrij,+212 6 45 07 60 74,0,0,,,,,,,,,,
https://www.google.com/maps/place/Cozmon+languages+center+%D9%85%D8%B1%D9%83%D8%B2+%D9%83%D9%88%D8%B2%D9%85%D9%88+%D9%84%D9%84%D8%BA%D8%A7%D8%AA%E2%80%AD/data=!4m7!3m6!1s0xacefcdaf051c0ed7:0x66bd62a6aeb57ad6!8m2!3d32.0510303!4d-7.4030682!16s%2Fg%2F11z5fg6_v_!19sChIJ1w4cBa_N76wR1nq1rqZivWY?authuser=0&hl=en&rclk=1,Cozmon languages center مركز كوزمو للغات,Language school,El Kelaa des Sraghna,+212 6 01 75 76 33,0,0,https://cozmoncenter.com/,facebook.com/cozmoncenter,instagram.com/cozmoncenter,twitter.com/cozmoncenter,,,,api.whatsapp.com/send?phone=212601757633,contact@cozmoncenter.com,
https://www.google.com/maps/place/Center+Bayern+Language+German+Private/data=!4m7!3m6!1s0xdb3b7629a5a4287:0x81e7e9edf415226!8m2!3d30.4019489!4d-9.5474117!16s%2Fg%2F11qghyx19_!19sChIJh0JammK3sw0RJlJB355-Hgg?authuser=0&hl=en&rclk=1,Center Bayern Language German Private,Language school,Agadir,+212 6 68 37 66 43,22,4.6,,,,,,,,,,
https://www.google.com/maps/place/Deutsches+Kompetenzzentrum+-+Beni+Mellal/data=!4m7!3m6!1s0x84f0218366e7cb35:0xf1f02e3501401f53!8m2!3d32.3906419!4d-6.2789268!16s%2Fg%2F11l2gjlsdx!19sChIJNcvnZoMh8IQRUx9AATUu8PE?authuser=0&hl=en&rclk=1,Deutsches Kompetenzzentrum - Beni Mellal,Language school,Foum El Anceur,+212 6 25 74 82 94,0,0,,,,,,,,,,
https://www.google.com/maps/place/Apex+Speaking/data=!4m7!3m6!1s0x13b80297bfbc60b:0x60b23fddd90f7b9a!8m2!3d31.8008346!4d-7.1513478!16s%2Fg%2F11zb4lpsjr!19sChIJC8b7eymAOwERmnsP2d0_smA?authuser=0&hl=en&rclk=1,Apex Speaking,English language school,Assahrij,+212 6 20 34 55 25,0,0,https://apexspeaking.com/,facebook.com/profile.php?id=61580670612454,instagram.com/apexspeaking,,linkedin.com/company/apex-speaking-online,youtube.com/@ApexSpeaking,,wa.me/212620345525,support@apexspeaking.com,
https://www.google.com/maps/place/International+Language+Institute+-Ili-/data=!4m7!3m6!1s0xda0350b8be69d11:0x798f0d750daaf165!8m2!3d33.6933765!4d-5.3676369!16s%2Fg%2F11h613ny0g!19sChIJEZ3miws1oA0RZfGqDXUNj3k?authuser=0&hl=en&rclk=1,International Language Institute -Ili-,Language school,El Hajeb,+212 5 35 54 22 02,3,5,,,,,,,,,,
https://www.google.com/maps/place/CENTRE+EUROPEEN+DES+LANGUES+INTERNATIONALES/data=!4m7!3m6!1s0xc2249c44a345091:0x47ac3a4483704261!8m2!3d23.692563!4d-15.9376959!16s%2Fg%2F11n3ppfplp!19sChIJkVA0SsRJIgwRYUJwg0Q6rEc?authuser=0&hl=en&rclk=1,CENTRE EUROPEEN DES LANGUES INTERNATIONALES,Foreign languages program school,Dakhla,+212 5 28 93 30 54,11,4.8,https://centreeuropeen.com/,facebook.com/Centre.Europeen.Langue,instagram.com/centre_europeen_,,,,,api.whatsapp.com/send/?phone=212661334362&text&type=phone_number&app_absent=0,contact@centreeuropeen.com,
https://www.google.com/maps/place/Centre+Langues+Labov/data=!4m7!3m6!1s0xda09b6de299769b:0xb82a64de77e65425!8m2!3d34.2587707!4d-5.9152854!16s%2Fg%2F11fqpxqsx3!19sChIJm3aZ4m2boA0RJVTmd95kKrg?authuser=0&hl=en&rclk=1,Centre Langues Labov,French language school,Sidi Slimane,+212 6 95 32 17 43,4,4.8,,,,,,,,,,
https://www.google.com/maps/place/Arabic+Language+Institute+in+Fez+%28ALIF%29/data=!4m7!3m6!1s0xd9f8b47dab00b17:0x40c2fbc3c94b4e35!8m2!3d34.0407476!4d-4.9945902!16s%2Fg%2F1trxln0d!19sChIJFwuw2keLnw0RNU5LycP7wkA?authuser=0&hl=en&rclk=1,Arabic Language Institute in Fez (ALIF),Language school,Fez,+212 5 35 62 48 50,46,4.7,https://alif-fes.com/,facebook.com/ALC.Fes.ALIF,instagram.com/arabiclanguageinstituteinfez,,,,,,alif-fes@acamorocco.org,
https://www.google.com/maps/place/Eeli+-+Centre+Langues/data=!4m7!3m6!1s0xda045b84820d3e1:0xe2e55ac9a3d8712e!8m2!3d33.8986736!4d-5.5489369!16s%2Fg%2F11h7t8xcf8!19sChIJ4dMgSLhFoA0RLnHYo8la5eI?authuser=0&hl=en&rclk=1,Eeli - Centre Langues,Language school,Meknes,+212 5 35 40 04 17,51,4.9,https://centreeuropeen.com/,facebook.com/Centre.Europeen.Langue,instagram.com/centre_europeen_,,,,,api.whatsapp.com/send/?phone=212661334362&text&type=phone_number&app_absent=0,contact@centreeuropeen.com,
https://www.google.com/maps/place/INSTITUT+TOP+LANGUES/data=!4m7!3m6!1s0xd78232583f87523:0x99f6e18ec9c5adba!8m2!3d34.9261685!4d-2.3325703!16s%2Fg%2F11j01pw_59!19sChIJI3X4gyUjeA0Ruq3FyY7h9pk?authuser=0&hl=en&rclk=1,INSTITUT TOP LANGUES,Language school,Berkane,+212 6 88 12 35 05,33,5,,,,,,,,,,
https://www.google.com/maps/place/Academy+Language/data=!4m7!3m6!1s0xd9f9b005324a9bd:0xdd4027fecc85ba1b!8m2!3d33.8313335!4d-4.8299393!16s%2Fg%2F11w1x1dt0r!19sChIJvakkUwCbnw0RG7qFzP4nQN0?authuser=0&hl=en&rclk=1,Academy Language,Language school,Sefrou,+212 5 38 61 40 50,1,5,,,,,,,,,,
https://www.google.com/maps/place/%D9%85%D8%AF%D8%B1%D8%B3%D8%A9+%D8%A7%D9%84%D8%AD%D9%83%D9%85%D8%A9+Wisdom+School%E2%80%AD/data=!4m7!3m6!1s0xd9f8b7f9e14c41b:0x624706d8621c12d4!8m2!3d34.0092068!4d-4.9792033!16s%2Fg%2F11bz48b7dn!19sChIJG8QUnn-Lnw0R1BIcYtgGR2I?authuser=0&hl=en&rclk=1,مدرسة الحكمة Wisdom School,Language school,Fez,+212 5 35 61 70 29,317,4.9,https://wisdomschool.ma/,facebook.com/profile.php?id=100064249322647,instagram.com/wisdomschool.ma,,linkedin.com/company/wisdom-school-fez,youtube.com/@Wisdomschool_ma,,"wa.me/+212777772924?text=Hello%20Mr.%20Hamid,%20I%20need%20some%20informations%20about%20WISDOM%20SCHOOL","contact@wisdomschool.ma, h.ziyane@wisdomschool.ma", 
https://www.google.com/maps/place/Alif+Sphere+Language+and+Cultural+Centre+-+%D9%85%D8%B1%D9%83%D8%B2+%D8%A3%D9%84%D9%81+%D8%A7%D8%B3%D9%81%D9%8A%D8%B1%E2%80%AD/data=!4m7!3m6!1s0xda0458310050571:0xf707e58ec82ff9e7!8m2!3d33.8577691!4d-5.5480509!16s%2Fg%2F11k8ck5rj8!19sChIJcQUFEINFoA0R5_kvyI7lB_c?authuser=0&hl=en&rclk=1,Alif Sphere Language and Cultural Centre - مركز ألف اسفير,Language school,Meknes,+212 6 72 76 02 36,7,4.7,,,,,,,,,,
https://www.google.com/maps/place/Subul+Assalm+Center+for+Arabic+Language/data=!4m7!3m6!1s0xd9ff357aea0e763:0xda506451aae2012a!8m2!3d34.0606728!4d-4.974503!16s%2Fg%2F11bylc6np3!19sChIJY-egrlfznw0RKgHiqlFkUNo?authuser=0&hl=en&rclk=1,Subul Assalm Center for Arabic Language,Language school,Fez,+212 6 63 54 91 72,29,5,https://www.sacal-fez.com/,facebook.com/subul.assalam.centre?_rdc=1&_rdr,,,,,,,sacalfez@gmail.com,
"https://www.google.com/maps/place/Moutamakine+:+Centre+De+Langues,+De+Support+%26+Training/data=!4m7!3m6!1s0xda7b7853297feb7:0x68faaf51b360d824!8m2!3d33.6900496!4d-7.3809518!16s%2Fg%2F11rkj42zhp!19sChIJt_6XMoW3pw0RJNhgs1Gv-mg?authuser=0&hl=en&rclk=1","Moutamakine : Centre De Langues, De Support & Training",Language school,Mohammedia,+212 7 01 27 68 58,14,4.4,,,,,,,,,,
"https://www.google.com/maps/place/Ibn+Ghazi+Arabic+Institute/@34.0230794,-4.9978677,17z/data=!3m1!4b1!4m6!3m5!1s0xd9f8ae23d722c57:0xb1731b3b454ac4a3!8m2!3d34.0230794!4d-4.9978677!16s%2Fg%2F11b_2x0vpt?hl=en&entry=ttu&g_ep=EgoyMDI2MDgxMi4wIKXMDSoASAFQAw%3D%3D",Ibn Ghazi Arabic Institute,Foreign languages program school,Fez,+212 6 79 24 53 92,73,4.8,https://www.igai-fez.com/,facebook.com/all4arabic,,,,youtube.com/channel/UCJMP3bvYKMeeujjDvbPJn6Q,,,igai.fez@gmail.com,
https://www.google.com/maps/place/Deutschzentrum+Fes+%28Sarl+AU%29+Telc/data=!4m7!3m6!1s0xd9f8b5a3dcd93a1:0x36fcc380aa9416d5!8m2!3d34.0359246!4d-5.0124881!16s%2Fg%2F11vxvv1jh9!19sChIJoZPNPVqLnw0R1RaUqoDD_DY?authuser=0&hl=en&rclk=1,Deutschzentrum Fes (Sarl AU) Telc,German language school,Fez,+212 5 35 93 10 50,82,4.9,https://www.dzf-zentrum.de/,,,,,,,,"info@dzf-zentrum.de, info@icf-centrum.de", 
https://www.google.com/maps/place/DeutschPro/data=!4m7!3m6!1s0xda0450fe5f42127:0x88e922c062a7be53!8m2!3d33.8994033!4d-5.5521102!16s%2Fg%2F11xvmpc_d9!19sChIJJyH05Q9FoA0RU76nYsAi6Yg?authuser=0&hl=en&rclk=1,DeutschPro,German language school,Meknes,+212 7 77 77 00 95,13,5,,,,,,,,,,
https://www.google.com/maps/place/Training+Center+Boufekrane/data=!4m7!3m6!1s0xda04df903229f8d:0x3c76c2f111cea91!8m2!3d33.7576862!4d-5.482599!16s%2Fg%2F11s7cj0f9x!19sChIJjZ8iA_lNoA0RkeocES9sxwM?authuser=0&hl=en&rclk=1,Training Center Boufekrane,Language school,Boufakrane,+212 6 40 10 57 92,1,5,,,,,,,,,,
https://www.google.com/maps/place/School+Language/data=!4m7!3m6!1s0xd0b816acd3b6cb9:0xf8ed96a6e26a3e1b!8m2!3d35.7737786!4d-5.7995919!16s%2Fg%2F11rfbk8q7f!19sChIJuWw7zWqBCw0RGz5q4qaW7fg?authuser=0&hl=en&rclk=1,School Language,Language school,Tangier,+212 6 44 02 82 26,6,3,,,,,,,,,,
https://www.google.com/maps/place/Institut+Des+Langues+ESLAN+%D9%85%D8%B9%D9%87%D8%AF+%D8%A7%D9%84%D9%84%D8%BA%D8%A7%D8%AA+%D8%A5%D8%B3%D9%84%D8%A7%D9%86%E2%80%AD/data=!4m7!3m6!1s0xd0b5c6ead8f3fe9:0xbd169d37325c09c!8m2!3d35.6825465!4d-5.3257262!16s%2Fg%2F11bwg0_gdj!19sChIJ6T-PrW5cCw0RnMAlc9Np0Qs?authuser=0&hl=en&rclk=1,Institut Des Langues ESLAN معهد اللغات إسلان,Language school,M'Diq,+212 6 61 97 58 81,2,4.5,,,,,,,,,,
https://www.google.com/maps/place/Smart+Teaching/data=!4m7!3m6!1s0xd0b80aef2721617:0x8e2031e7a1c58327!8m2!3d35.7676868!4d-5.8074678!16s%2Fg%2F11fxvypw0g!19sChIJFxZy8q6ACw0RJ4PFoecxII4?authuser=0&hl=en&rclk=1,Smart Teaching,Language school,Tangier,+212 6 60 47 55 25,60,5,https://smart4teaching.com/,,,,,,,,smart4teaching@gmail.com / contact@smart4teaching.com, 
https://www.google.com/maps/place/Alingua+Academy/data=!4m7!3m6!1s0x23774e97d086e343:0xfd37e48deae648b!8m2!3d35.7712772!4d-5.7882503!16s%2Fg%2F11vz6qh99g!19sChIJQ-OG0JdOdyMRi2Su3kh-0w8?authuser=0&hl=en&rclk=1,Alingua Academy,German language school,Tangier,+212 5 39 95 54 55,45,4.7,https://alingua.ma/,facebook.com/profile.php?id=61558003342402,instagram.com/alingua_a,,,,,wa.me/212770142201,info@alingua.ma,
"https://www.google.com/maps/place/%D9%85%D8%B1%D9%83%D8%B2+%D9%85%D9%86%D8%A7%D8%B1%D8%A9+%D8%A7%D9%84%D9%85%D8%B9%D8%B1%D9%81%D8%A9%E2%80%AD/@28.4415735,-11.0968295,17z/data=!3m1!4b1!4m6!3m5!1s0xc4a91a8e094002b:0x346519f8f19f8f9e!8m2!3d28.4415735!4d-11.0968295!16s%2Fg%2F11zh9qfpr5?hl=en&entry=ttu&g_ep=EgoyMDI2MDgxMi4wIKXMDSoASAFQAw%3D%3D",مركز منارة المعرفة,Language school,Tan-Tan,+212 6 15 51 53 25,0,0,,,,,,,,,,
https://www.google.com/maps/place/Instituto+Cervantes+de+T%C3%A1nger/data=!4m7!3m6!1s0xd0c78aeb462561b:0xa58f9185d95889ae!8m2!3d35.780241!4d-5.820602!16s%2Fg%2F1vh_9mrb!19sChIJG1ZitK54DA0RrolY2YWRj6U?authuser=0&hl=en&rclk=1,Instituto Cervantes de Tánger,Language school,Tangier,+212 5 39 93 20 01,239,4.2,https://tanger.cervantes.es/es/default.shtm,facebook.com/share/1Bm25U3qfA,instagram.com/institutocervantestanger,,,youtube.com/user/InstCervantesTanger,,,"centan@cervantes.es, cursos.larache@cervantes.es", 
https://www.google.com/maps/place/innovation+school/data=!4m7!3m6!1s0xd0b8135bc6b0229:0x9996d4b8af7a3b21!8m2!3d35.7853183!4d-5.8243425!16s%2Fg%2F11gtzh2ccz!19sChIJKQJrvDWBCw0RITt6r7jUlpk?authuser=0&hl=en&rclk=1,innovation school,English language school,Tangier,+212 6 44 44 23 33,16,4.9,https://flcmaroc.com/,facebook.com/Future.Learning.center,instagram.com/flcmaroc,,,,tiktok.com/@flcmaroc,wa.me/212651506400,contact@flcmaroc.com,
https://www.google.com/maps/place/Aktiv+Academy+Language+School+Tanger/data=!4m7!3m6!1s0xd0b8122fd450517:0x6ce12ac5dddeafc4!8m2!3d35.7736215!4d-5.8030641!16s%2Fg%2F11ytl0dysk!19sChIJFwVF_SKBCw0RxK_e3cUq4Ww?authuser=0&hl=en&rclk=1,Aktiv Academy Language School Tanger,German language school,Tangier,+212 6 04 96 61 50,13,5,https://aktiv-academy.com/,,,,,,,,info@aktiv-academy.com,
https://www.google.com/maps/place/FORMAXIS+LANGUAGE+CENTER/data=!4m7!3m6!1s0xd0b81addce1bf6d:0xc949fee2fceb5032!8m2!3d35.7538443!4d-5.7932148!16s%2Fg%2F11wppz2ms7!19sChIJbb_h3K2BCw0RMlDr_OL-Sck?authuser=0&hl=en&rclk=1,FORMAXIS LANGUAGE CENTER,Foreign languages program school,Tangier,+212 6 81 87 64 79,110,5,,,,,,,,,,
https://www.google.com/maps/place/Oncademy+Germany+by+Allamo+Academie/data=!4m7!3m6!1s0xd0c79a348c04fff:0x94076b05bf109d4e!8m2!3d35.7823936!4d-5.828057!16s%2Fg%2F11zjm1g1td!19sChIJ_0_ASKN5DA0RTp0QvwVrB5Q?authuser=0&hl=en&rclk=1,Oncademy Germany by Allamo Academie,German language school,Tangier,+212 6 63 75 25 22,44,4.7,https://www.oncademy-morocco.com/,,,,,,,,,
https://www.google.com/maps/place/Tanger+Institute/data=!4m7!3m6!1s0xd0b87f50b24e5db:0xf862b446127027ae!8m2!3d35.7618396!4d-5.8370556!16s%2Fg%2F11mvh92kdp!19sChIJ2-UkC_WHCw0RridwEka0Yvg?authuser=0&hl=en&rclk=1,Tanger Institute,Foreign languages program school,Tangier,+212 7 63 44 56 68,14,4.7,https://tanger-institut.com/,facebook.com/tangerinstitut\,instagram.com/tangerinstitut\,,,youtube.com/@LarabefacileFr,tiktok.com/@larabe_facile,wa.me/212643437441?text=Salam%20alaykoum%2C%0A%0AMon%20enfant%20a%20*mettre%20l,contact@tanger-institut.com,
https://www.google.com/maps/place/Learn+For+Life/data=!4m7!3m6!1s0xd0c79d37b1b836f:0xfd736fe6f7885d16!8m2!3d35.7852635!4d-5.8242316!16s%2Fg%2F11ff245hz2!19sChIJb4Mbe9N5DA0RFl2I9-Zvc_0?authuser=0&hl=en&rclk=1,Learn For Life,Language school,Tangier,+212 5 39 37 44 71,5,5,,,,,,,,,,
https://www.google.com/maps/place/Institute+Masoft/data=!4m7!3m6!1s0xd0b87393a1bc923:0x74cb3734b1ccc2ce!8m2!3d35.746297!4d-5.8370477!16s%2Fg%2F11gr0_jxjh!19sChIJI8kbOjmHCw0RzsLMsTQ3y3Q?authuser=0&hl=en&rclk=1,Institute Masoft,English language school,Tangier,+212 6 63 31 72 46,2,4.5,,,,,,,,,,
https://www.google.com/maps/place/Deutsch+Richtig+School+Center+Language+Allemande/data=!4m7!3m6!1s0xd0c7f7b72ba35f7:0x3239598f9f1b3733!8m2!3d35.7801499!4d-5.8124312!16s%2Fg%2F11nns77xjz!19sChIJ9zW6cnt_DA0RMzcbn49ZOTI?authuser=0&hl=en&rclk=1,Deutsch Richtig School Center Language Allemande,German language school,Tangier,+212 6 37 79 45 04,67,4.9,,,,,,,,,,
https://www.google.com/maps/place/American+Language+Center+-+Annex/data=!4m7!3m6!1s0xd0c7f5361f3a995:0x91a6de487cc74506!8m2!3d35.7805234!4d-5.8126432!16s%2Fg%2F11bych7l4l!19sChIJlanzYVN_DA0RBkXHfEjeppE?authuser=0&hl=en&rclk=1,American Language Center - Annex,English language school,Tangier,+212 5 39 37 23 84,28,3.8,https://alctangier.org/,facebook.com/ALC.Tangier,instagram.com/alctangier,,,,,,infoalctangier@acamorocco.org,
https://www.google.com/maps/place/Germanista+Center+-+Center+Language+German+-+Translator+And+Interpreter+-+Jaafar+Abdelghani/data=!4m7!3m6!1s0xd0b811c93d68555:0x2dc0b25440f6d25d!8m2!3d35.7727624!4d-5.81424!16s%2Fg%2F11tsdc3c04!19sChIJVYXWkxyBCw0RXdL2QFSywC0?authuser=0&hl=en&rclk=1,Germanista Center - Center Language German - Translator And Interpreter - Jaafar Abdelghani,German language school,Tangier,+212 6 63 73 94 41,365,4.9,https://germanista-center.com/,,,,,,,,,
https://www.google.com/maps/place/%D9%90Centre+Duden-SDL%E2%80%AD/data=!4m7!3m6!1s0xd0b81691394c80b:0x32adb621615392e1!8m2!3d35.7703706!4d-5.80945!16s%2Fg%2F11p0zm4sp0!19sChIJC8iUE2mBCw0R4ZJTYSG2rTI?authuser=0&hl=en&rclk=1,ِCentre Duden-SDL,German language school,Tangier,+212 6 99 12 01 66,66,4.8,,,,,,,,,,
https://www.google.com/maps/place/E-planet/data=!4m7!3m6!1s0xd0c799df2e96acd:0x766e154bbe51b2cc!8m2!3d35.7806294!4d-5.8241719!16s%2Fg%2F11hzmt205h!19sChIJzWrp8p15DA0RzLJRvksVbnY?authuser=0&hl=en&rclk=1,E-planet,English language school,Tangier,+212 5 39 93 40 09,33,4.3,https://www.eplaneteducation.com/,facebook.com/EPlanet.Education1/?fref=ts,instagram.com/eplanetuk,twitter.com/EplanetEdu,linkedin.com/company/e-planet-educational-services,youtube.com/channel/UC4N75hJk814rC8Yc67IgUiQ,,,support@eplaneteducation.com,
https://www.google.com/maps/place/DMG+Centre+Allemand/data=!4m7!3m6!1s0xd0c7f5356e3202f:0x6a971a2517520c5e!8m2!3d35.7804199!4d-5.8138657!16s%2Fg%2F11c2jbbntw!19sChIJLyDjVlN_DA0RXgxSFyUal2o?authuser=0&hl=en&rclk=1,DMG Centre Allemand,German language school,Tangier,+212 5 39 37 33 90,31,4.1,https://dmg.ma/,facebook.com/DMG.Marokko,instagram.com/Dmg.Morokko,,,youtube.com/channel/UCQiuuaaO9IS-srvrFoo66Dg,,,info@dmg.ma,
https://www.google.com/maps/place/Cambridge+Academy+of+Tangiers/data=!4m7!3m6!1s0xd0b876f61d136dd:0x4490521534e038d1!8m2!3d35.7549166!4d-5.8333473!16s%2Fg%2F11h81jkr3v!19sChIJ3TbRYW-HCw0R0TjgNBVSkEQ?authuser=0&hl=en&rclk=1,Cambridge Academy of Tangiers,Language school,Tangier,+212 5 39 38 64 52,32,4,,,,,,,,,,
https://www.google.com/maps/place/ACCENT+Executive+Business+English+Centre/data=!4m7!3m6!1s0xd0b81942d8fef35:0x1692f58e58d39e77!8m2!3d35.7528647!4d-5.7991713!16s%2Fg%2F11s2m9k0z5!19sChIJNe-PLZSBCw0Rd57TWI71khY?authuser=0&hl=en&rclk=1,ACCENT Executive Business English Centre,English language school,Tangier,+212 6 61 39 77 89,1,5,,,,,,,,,,
https://www.google.com/maps/place/Sagely+Tanger/data=!4m7!3m6!1s0xd0b81f100cce901:0x79dd0c20bd2ddab3!8m2!3d35.7664322!4d-5.8333443!16s%2Fg%2F11j0283hsl!19sChIJAenMAPGBCw0Rs9otvSAM3Xk?authuser=0&hl=en&rclk=1,Sagely Tanger,Language school,Tangier,+212 6 42 46 31 71,12,4.8,https://www.sagelytanger.com/,facebook.com/Sagelytanger,instagram.com/sagelytanger,x.com/bolt-performance?src=72&evid=,,,,,contact@sagelytanger.com,
https://www.google.com/maps/place/Brent+learning+centre/data=!4m7!3m6!1s0xd0b87b36e827805:0x1cc12a483035a31b!8m2!3d35.7607584!4d-5.840698!16s%2Fg%2F11xyp0qf99!19sChIJBXiCbrOHCw0RG6M1MEgqwRw?authuser=0&hl=en&rclk=1,Brent learning centre,English language school,Tangier,+212 5 39 94 71 56,9,5,https://brentlearningcentre.ma/,facebook.com/tr?id=2077489619619295&ev=PageView&noscript=1,,,,,,,,
https://www.google.com/maps/place/Berlitz+Tanger/data=!4m7!3m6!1s0xd0b81616bff3ecd:0x50ef633df78bb7af!8m2!3d35.7712807!4d-5.8002878!16s%2Fg%2F11g1vyqvtf!19sChIJzT7_a2GBCw0Rr7eL9z1j71A?authuser=0&hl=en&rclk=1,Berlitz Tanger,Language school,Tangier,+212 6 63 80 24 99,3,1,https://www.berlitz.com/fr-ma/centres-de-langues/tanger,facebook.com/berlitzmaroc,,,linkedin.com/company/5083062,,,,dataprotection@berlitz-maroc.com,
https://www.google.com/maps/place/Millennium+Nostrum/data=!4m7!3m6!1s0xd0b81562d2a535f:0xae2f0ab3c1cb9954!8m2!3d35.7738301!4d-5.8112948!16s%2Fg%2F11k589l16m!19sChIJX1MqLVaBCw0RVJnLwbMKL64?authuser=0&hl=en&rclk=1,Millennium Nostrum,Language school,Tangier,+212 6 69 71 17 88,3,3.7,,,,,,,,,,
https://www.google.com/maps/place/British+Way/data=!4m7!3m6!1s0xd0c7f57d889f0c1:0x402ca372201bf9d1!8m2!3d35.7754471!4d-5.8056283!16s%2Fg%2F11bywk_bfc!19sChIJwfCJ2Fd_DA0R0fkbIHKjLEA?authuser=0&hl=en&rclk=1,British Way,Language school,Tangier,+212 5 39 32 57 81,6,4.3,,,,,,,,,,
https://www.google.com/maps/place/English+Language+Centre+of+Tangier/data=!4m7!3m6!1s0xd0c7f8efd5575eb:0x4516435d0b00ca0!8m2!3d35.7599563!4d-5.8271097!16s%2Fg%2F11c1q54dcr!19sChIJ63VV_Y5_DA0RoAyw0DVkUQQ?authuser=0&hl=en&rclk=1,English Language Centre of Tangier,English language school,Tangier,+212 5 39 34 06 21,26,4,https://elctangier.com/,facebook.com/elctangier2016,instagram.com/elc.tangier,,,,,wa.me/+212682076339,contact@elctangier.com,
https://www.google.com/maps/place/Teacup+Centre/data=!4m7!3m6!1s0xd0b873110670393:0x7c7cf81f991df0b3!8m2!3d35.7619687!4d-5.8391552!16s%2Fg%2F11wxs3zg28!19sChIJkwNnEDGHCw0Rs_AdmR_4fHw?authuser=0&hl=en&rclk=1,Teacup Centre,Language school,Tangier,+212 6 69 90 54 44,49,5,https://www.instagram.com/prof_sam_garnett?igsh=MTN1ZnZlNmM0eG1h,,instagram.com/rsrc.php/y4/r/QaBlI0OZiks.ico,,,,,,,
https://www.google.com/maps/place/Medbritish+Center/data=!4m7!3m6!1s0xd0b8765ffdb5475:0x45518122fbdda293!8m2!3d35.763004!4d-5.840842!16s%2Fg%2F11c1nwggjt!19sChIJdVTb_2WHCw0Rk6Ld-yKBUUU?authuser=0&hl=en&rclk=1,Medbritish Center,Language school,Tangier,+212 5 39 38 35 24,3,2.3,,,,,,,,,,
https://www.google.com/maps/place/Happy+Learning+%28in+collab+with+ACLC%29/data=!4m7!3m6!1s0xd0c7955a88f779b:0xd6ac4d3859b986c8!8m2!3d35.7838036!4d-5.8212235!16s%2Fg%2F11wr9h3twj!19sChIJm3ePqFV5DA0RyIa5WThNrNY?authuser=0&hl=en&rclk=1,Happy Learning (in collab with ACLC),German language school,Tangier,+212 6 21 39 59 36,38,5,,,,,,,,,,
https://www.google.com/maps/place/English+Incorporated/data=!4m7!3m6!1s0xd0c7fb72ba39bb7:0xc4251aa91fa3390!8m2!3d35.7783969!4d-5.808512!16s%2Fg%2F11kr8swtsz!19sChIJt5ujK7d_DA0RkDP6kapRQgw?authuser=0&hl=en&rclk=1,English Incorporated,English language school,Tangier,+212 6 63 23 49 15,14,5,https://docs.google.com/forms/d/e/1FAIpQLSfGMWuxRInDs_SiPkx5l-Q-5xd3PweWcmf-oWJh7EW9xhRDFQ/viewform,,,,,,,,,
https://www.google.com/maps/place/BRITISH+WORKSHOP/data=!4m7!3m6!1s0xd0b879707c4de5d:0x841b23ea320684a6!8m2!3d35.777192!4d-5.8020865!16s%2Fg%2F11p7680nkr!19sChIJXd7EB5eHCw0RpoQGMuojG4Q?authuser=0&hl=en&rclk=1,BRITISH WORKSHOP,English language school,Tangier,+212 5 39 34 22 22,16,4.9,https://www.britishworkshop.ma/,facebook.com/britishworkshop.ma,instagram.com/britishworkshop/?hl=fr,,linkedin.com/company/british-workshop,youtube.com/watch?v=cP8YFtKaT9g,,,"britishwokrshop.cil@gmail.com, britishworkshop.cil@gmail.com, britishworkshop.rabat@gmail.com, britishworkshopmohammedia@gmail.com, britishworkshoptangier@gmail.com, darb@decochic.ma, darb@gmail.ma, eljadida.britishworkshop@gmail.com", 
https://www.google.com/maps/place/British+Language+Centre+Tangier/data=!4m7!3m6!1s0xd0c7899368f6915:0x4587b5492dde80d4!8m2!3d35.7794891!4d-5.8390745!16s%2Fg%2F11cmcjnmr8!19sChIJFWmPNpl4DA0R1IDeLUm1h0U?authuser=0&hl=en&rclk=1,British Language Centre Tangier,English language school,Tangier,+212 5 39 37 05 05,64,4.6,,,,,,,,,,
https://www.google.com/maps/place/Harfcenter/data=!4m7!3m6!1s0xd0b81de889f4345:0x3fc7ff1dbe9fa9e3!8m2!3d35.7761946!4d-5.7749793!16s%2Fg%2F11h32hk1yv!19sChIJRUOfiN6BCw0R46mfvh3_xz8?authuser=0&hl=en&rclk=1,Harfcenter,Language school,Tangier,+212 6 61 79 16 39,12,4.9,,,,,,,,,,
https://www.google.com/maps/place/Ilearn+Language+Center/data=!4m7!3m6!1s0xd0b4382ff77949f:0x2a064cfb1bb5ae49!8m2!3d35.5696476!4d-5.3699846!16s%2Fg%2F11tcjn000x!19sChIJn5R3_4JDCw0RSa61G_tMBio?authuser=0&hl=en&rclk=1,Ilearn Language Center,Language school,Tétouan تطوان,+212 6 82 89 37 31,3,4.3,,,,,,,,,,
https://www.google.com/maps/place/Sprachenakademie+Group/data=!4m7!3m6!1s0xd0c7f547fec5439:0x313ef3d998242d86!8m2!3d35.7805206!4d-5.8115596!16s%2Fg%2F11hcy9_c2l!19sChIJOVTsf1R_DA0Rhi0kmNnzPjE?authuser=0&hl=en&rclk=1,Sprachenakademie Group,Language school,Tangier,+212 5 39 32 02 66,1,5,,,,,,,,,,
https://www.google.com/maps/place/American+Language+Center+Tetouan/data=!4m7!3m6!1s0xd0b426434a70113:0x270f540cf5e4f2bd!8m2!3d35.569119!4d-5.379242!16s%2Fg%2F1hhjwcf7_!19sChIJEwGnNGRCCw0RvfLk9QxUDyc?authuser=0&hl=en&rclk=1,American Language Center Tetouan,English language school,Tétouan تطوان,+212 5 39 96 33 08,37,4.6,,,,,,,,,,
https://www.google.com/maps/place/Activlang/data=!4m7!3m6!1s0xd0c7fe08c1d5a37:0xcaed837e81f6dff8!8m2!3d35.7783379!4d-5.807733!16s%2Fg%2F11h5md4c26!19sChIJN1odjOB_DA0R-N_2gX6D7co?authuser=0&hl=en&rclk=1,Activlang,Language school,Tangier,+212 8 08 52 90 32,0,0,,,,,,,,,,
https://www.google.com/maps/place/Gateway+To+Fluency/data=!4m7!3m6!1s0xd0b45c06fcf396f:0x8efd0a1125b41109!8m2!3d35.6129175!4d-5.2836296!16s%2Fg%2F11npqy9lqh!19sChIJbznPb8BFCw0RCRG0JREK_Y4?authuser=0&hl=en&rclk=1,Gateway To Fluency,Language school,Martil,+212 7 55 88 74 17,1,5,,,,,,,,,,
https://www.google.com/maps/place/moughir+%7C+%D9%85%D9%88%D8%BA%D9%8A%D8%B1%E2%80%AD/data=!4m7!3m6!1s0xd0c7ff22a09c7ff:0xd88fd669434f33c2!8m2!3d35.7409122!4d-5.8298659!16s%2Fg%2F11zchz318c!19sChIJ_8cJKvJ_DA0RwjNPQ2nWj9g?authuser=0&hl=en&rclk=1,moughir | موغير,Language school,Tangier,+212 7 78 78 74 12,0,0,,,,,,,,,,
https://www.google.com/maps/place/Centre+culturel+Notre+Dame+de+l%27Assomption/data=!4m7!3m6!1s0xd0b8145403e9a29:0x710f670db7544a27!8m2!3d35.774899!4d-5.8071233!16s%2Fg%2F11vdsdjbp9!19sChIJKZo-QEWBCw0RJ0pUtw1nD3E?authuser=0&hl=en&rclk=1,Centre culturel Notre Dame de l'Assomption,Language school,Tangier,+212 7 77 73 39 25,4,4.3,,,,,,,,,,
https://www.google.com/maps/place/%D9%85%D8%B1%D9%83%D8%B2+%D8%A7%D9%84%D9%84%D8%BA%D8%A7%D8%AA+%D9%88+%D8%A7%D9%84%D8%AA%D9%83%D9%88%D9%8A%D9%86+Centre+Des+Langues+Et+Formation+Ggfos%E2%80%AD/data=!4m7!3m6!1s0xd0b426684e06601:0x2a7726518052e1dc!8m2!3d35.5696953!4d-5.3778016!16s%2Fg%2F11c5bnmv2z!19sChIJAWbghGZCCw0R3OFSgFEmdyo?authuser=0&hl=en&rclk=1,مركز اللغات و التكوين Centre Des Langues Et Formation Ggfos,Language school,Tétouan تطوان,+212 6 38 83 32 24,2,3,,,,,,,,,,
https://www.google.com/maps/place/German+Plus/data=!4m7!3m6!1s0xd0b811403a55615:0xc9e277bc4b245932!8m2!3d35.774628!4d-5.7983222!16s%2Fg%2F11pcsl5r0p!19sChIJFValAxSBCw0RMlkkS7x34sk?authuser=0&hl=en&rclk=1,German Plus,Language school,Tangier,+212 6 61 36 42 63,3,5,https://germanplus.org/,,,,,,,,,
https://www.google.com/maps/place/ForsaBildung+%C3%89cole+de+langue+allemande+%D9%85%D8%B1%D9%83%D8%B2+%D8%A7%D9%84%D9%84%D8%BA%D8%A9+%D8%A7%D9%84%D8%A3%D9%84%D9%85%D8%A7%D9%86%D9%8A%D8%A9%E2%80%AD/data=!4m7!3m6!1s0xd0b81b5a8d1cdc7:0x219cc2ee3a622bc8!8m2!3d35.7793794!4d-5.8083069!16s%2Fg%2F11y32hlm13!19sChIJx83RqLWBCw0RyCtiOu7CnCE?authuser=0&hl=en&rclk=1,ForsaBildung École de langue allemande مركز اللغة الألمانية,German language school,Tangier,+212 6 00 90 37 81,100,5,https://forsabildung.com/,,,,linkedin.com/company/forsabildung,youtube.com/embed/g6rbuIunMho?version=3&#038;rel=1&#038;showsearch=0&#038;showinfo=1&#038;iv_load_policy=1&#038;fs=1&#038;hl=en-US&#038;autohide=2&#038;wmode=transparent,,wa.me/212669333211,,
https://www.google.com/maps/place/E-planet+Tanger+-+Tanja+balia/data=!4m7!3m6!1s0xd0b81626df894df:0x83489b5a1b909a10!8m2!3d35.7720018!4d-5.7693115!16s%2Fg%2F11yqzmj02g!19sChIJ35T4bWKBCw0REJqQG1qbSIM?authuser=0&hl=en&rclk=1,E-planet Tanger - Tanja balia,English language school,Tangier,+212 6 66 35 24 86,5,5,https://eplanet.ma/,facebook.com/people/E-Planet/61581328892194/#,instagram.com/eplanetoujda,,,,,,"contact@eplanet.ma, oujda@eplaneteducation.com, tangier@eplaneteducation.com, temara.wifaq@eplaneteducation.com", 
https://www.google.com/maps/place/bigben+the+language+school/data=!4m7!3m6!1s0xd0b6377420288f9:0x134914ea3cbd5f0c!8m2!3d35.7495134!4d-5.5308897!16s%2Fg%2F11vy_wyj1p!19sChIJ-YgCQndjCw0RDF-9POoUSRM?authuser=0&hl=en&rclk=1,bigben the language school,Foreign languages program school,Ksar al Majaz ⵇⵚⴰⵔ ⵍⵎⵊⴰⵣ قصر المجاز,+212 6 14 67 98 78,1,5,https://www.bblanguages.com/morocco/,facebook.com/profile.php?id=61557689500929,instagram.com/bigbenthelanguageschoolmorocco,,,,,wa.me/2120687395141,morocco@bblanguages.com,
https://www.google.com/maps/place/%D9%85%D8%B1%D9%83%D8%B2+%D8%A7%D9%84%D9%86%D8%A8%D8%B1%D8%A7%D8%B3+%D9%84%D9%84%D8%AF%D8%B9%D9%85+%D9%88+%D8%A7%D9%84%D9%84%D8%BA%D8%A7%D8%AA%E2%80%AD/data=!4m7!3m6!1s0xd0b810022041a17:0xf8dd66a78f9484e7!8m2!3d35.7495942!4d-5.8049927!16s%2Fg%2F11y4xbn6t6!19sChIJFxoEIgCBCw0R54SUj6dm3fg?authuser=0&hl=en&rclk=1,مركز النبراس للدعم و اللغات,Language school,Tangier,+212 6 49 40 97 09,4,4.8,,,,,,,,,,
https://www.google.com/maps/place/Le+Centre+Carri%C3%A8res/data=!4m7!3m6!1s0xd0c7f9792f61f9d:0x17c465d6ba911f3d!8m2!3d35.7776655!4d-5.8061599!16s%2Fg%2F11h07pqvxh!19sChIJnR_2kpd_DA0RPR-RutZlxBc?authuser=0&hl=en&rclk=1,Le Centre Carrières,Foreign languages program school,Tangier,+212 6 97 61 45 90,4,4.3,,,,,,,,,,
https://www.google.com/maps/place/Practical+Studies+Institute+-+PSI+Tanger+%D8%A7%D9%84%D9%85%D8%B9%D9%87%D8%AF+%D8%A7%D9%84%D8%A3%D9%84%D9%85%D8%A7%D9%86%D9%8A%E2%80%AD/data=!4m7!3m6!1s0xd0c7f5841d89f13:0x59e167b5dd98ae92!8m2!3d35.7752274!4d-5.8131531!16s%2Fg%2F11ff1wmyyg!19sChIJE5_YQVh_DA0Rkq6Y3bVn4Vk?authuser=0&hl=en&rclk=1,Practical Studies Institute - PSI Tanger المعهد الألماني,German language school,Tangier,+212 6 61 34 79 33,55,4.9,https://www.psims.net/,,,,,,,,,
https://www.google.com/maps/place/Cpccl+Center+Language+Training+And+Academic+Support/data=!4m7!3m6!1s0xd0b87fe0081e4eb:0x5af2ea68e2c7c771!8m2!3d35.7634569!4d-5.8304311!16s%2Fg%2F11tc1j__g_!19sChIJ6-SBAP6HCw0RccfH4mjq8lo?authuser=0&hl=en&rclk=1,Cpccl Center Language Training And Academic Support,Language school,Tangier,+212 7 04 35 68 13,11,4.5,,,,,,,,,,
https://www.google.com/maps/place/%D9%85%D8%B1%D9%83%D8%B2+%D8%A7%D9%84%D8%AA%D9%88%D8%A7%D8%B5%D9%84+%D9%84%D9%84%D8%BA%D8%A7%D8%AA+%D9%88%D8%A7%D9%84%D8%AF%D8%B9%D9%85+%D8%A7%D9%84%D9%85%D8%AF%D8%B1%D8%B3%D9%8A%E2%80%AD/data=!4m7!3m6!1s0xd0b430513c1d49b:0xb89db788faa1fb18!8m2!3d35.5707554!4d-5.3789201!16s%2Fg%2F11hzhf_nyg!19sChIJm9TBEwVDCw0RGPuh-oi3nbg?authuser=0&hl=en&rclk=1,مركز التواصل للغات والدعم المدرسي,Language school,Tétouan تطوان,+212 5 39 71 31 06,2,4.5,,,,,,,,,,
https://www.google.com/maps/place/%C3%89cole+Moli%C3%A8re+Al+Boughaz/data=!4m7!3m6!1s0xd0b89005c0d0419:0xc6d91f1fcd96680b!8m2!3d35.7038277!4d-5.9180328!16s%2Fg%2F11lmk6m04h!19sChIJGQQNXACJCw0RC2iWzR8f2cY?authuser=0&hl=en&rclk=1,École Molière Al Boughaz,French language school,Ibn Batouta ⴱⵏⵓ ⴱⵟⵟⵓⵟⴰ ابن بطوطة,+212 6 20 92 37 49,3,5,,,,,,,,,,
https://www.google.com/maps/place/%D8%A7%D9%84%D8%AA%D8%B9%D9%84%D9%8A%D9%85+10%2F10%E2%80%AD/data=!4m7!3m6!1s0xd0b45ba026d7d97:0xc4ee1d5ffe432efc!8m2!3d35.6169398!4d-5.273962!16s%2Fg%2F11s93mywf7!19sChIJl31tArpFCw0R_C5D_l8d7sQ?authuser=0&hl=en&rclk=1,التعليم 10/10,Language school,Martil,+212 6 31 40 32 93,1,5,,,,,,,,,,
https://www.google.com/maps/place/Fluentry+English+Coaching/data=!4m7!3m6!1s0xa604e7495c98d1f3:0xeb24e4b0ac588d13!8m2!3d33.0975153!4d-7.298119!16s%2Fg%2F11n9v4q2n5!19sChIJ89GYXEnnBKYRE41YrLDkJOs?authuser=0&hl=en&rclk=1,Fluentry English Coaching,English language school,Bouguargouh,+212 6 72 58 09 32,1,5,https://www.fluentry.online/en,facebook.com/fluentry.online,instagram.com/fluentry.online,,linkedin.com/in/ibrahimkabaikm,youtube.com/@fluentry,,,ibrahim@fluentry.online,
https://www.google.com/maps/place/Centre+Fleur+des+Sciences+-+%D9%85%D8%B1%D9%83%D8%B2+%D8%B2%D9%87%D8%B1%D8%A9+%D8%A7%D9%84%D8%B9%D9%84%D9%88%D9%85%E2%80%AD/data=!4m7!3m6!1s0xd0b43d4d0647477:0x9c3d0fa8d13cb544!8m2!3d35.5720969!4d-5.3595317!16s%2Fg%2F11kqgn0y4t!19sChIJd3Rk0NRDCw0RRLU80agPPZw?authuser=0&hl=en&rclk=1,Centre Fleur des Sciences - مركز زهرة العلوم,Foreign languages program school,Tétouan تطوان,+212 6 78 23 68 20,2,5,,,,,,,,,,
https://www.google.com/maps/place/D.T.A+Deutsch+Training+f%C3%BCr+Alle/data=!4m7!3m6!1s0xd0b4519582fbecf:0xf733b7ca473c5d50!8m2!3d35.5685863!4d-5.3753266!16s%2Fg%2F11sx72v5yk!19sChIJz74vWBlFCw0RUF08R8q3M_c?authuser=0&hl=en&rclk=1,D.T.A Deutsch Training für Alle,German language school,Tétouan تطوان,+212 6 63 28 24 56,81,4.9,,,,,,,,,,
https://www.google.com/maps/place/Nafocom+Training+Center/data=!4m7!3m6!1s0xd0c7f54acc2f1ed:0x89d6627cd21a3c3d!8m2!3d35.7799116!4d-5.8142128!16s%2Fg%2F11f3byy077!19sChIJ7fHCrFR_DA0RPTwa0nxi1ok?authuser=0&hl=en&rclk=1,Nafocom Training Center,Language school,Tangier,+212 6 70 09 16 30,2,5,,,,,,,,,,
https://www.google.com/maps/place/%D9%85%D8%B9%D9%87%D8%AF+%D8%A7%D9%84%D9%85%D8%AA%D9%88%D8%B3%D8%B7+%D9%84%D9%84%D8%B9%D9%84%D9%88%D9%85+%D9%88+%D8%A7%D9%84%D9%84%D8%BA%D8%A7%D8%AA%E2%80%AD/data=!4m7!3m6!1s0xd0c82d4e65b63f3:0xdd6766ee97255cee!8m2!3d35.7731332!4d-5.8037463!16s%2Fg%2F11cs4fg1wj!19sChIJ82Nb5tSCDA0R7lwll-5mZ90?authuser=0&hl=en&rclk=1,معهد المتوسط للعلوم و اللغات,English language school,Tangier,+212 6 69 91 57 01,10,5,https://www.englishtangier.com/,,,,,,,,,
https://www.google.com/maps/place/Easy+Germany+Academy+%28Tanger2%29/data=!4m7!3m6!1s0xd0c79c1bd1905a1:0x35f3c606d31cf38!8m2!3d35.7773795!4d-5.8147609!16s%2Fg%2F11zgw74frq!19sChIJoQUZvcF5DA0ROM8xbWA8XwM?authuser=0&hl=en&rclk=1,Easy Germany Academy (Tanger2),German language school,Tangier,+212 7 85 51 41 42,0,0,,,,,,,,,,
https://www.google.com/maps/place/CAMP+LS/data=!4m7!3m6!1s0xd0b87e78894b38b:0xb0ed9649ec06d19f!8m2!3d35.7337873!4d-5.8826424!16s%2Fg%2F11j14rhrd3!19sChIJi7OUiOeHCw0Rn9EG7EmW7bA?authuser=0&hl=en&rclk=1,CAMP LS,Language school,Tangier,+212 6 00 61 03 83,2,4.5,,,,,,,,,,
https://www.google.com/maps/place/%D8%A7%D9%84%D9%85%D8%B1%D9%83%D8%B2+%D8%A7%D9%84%D8%AF%D9%88%D9%84%D9%8A+%D9%84%D9%84%D8%BA%D8%A7%D8%AA+%D9%88%D8%A7%D9%84%D8%AA%D8%B1%D8%AC%D9%85%D8%A9+%D9%88%D8%A7%D9%84%D8%AE%D8%AF%D9%85%D8%A7%D8%AA%E2%80%AD/data=!4m7!3m6!1s0xd0c7f57324bf8e1:0xe16076c1f84aec!8m2!3d35.779577!4d-5.8098931!16s%2Fg%2F11pwj3jfqj!19sChIJ4fhLMld_DA0R7Er4wXZg4QA?authuser=0&hl=en&rclk=1,المركز الدولي للغات والترجمة والخدمات,Language school,Tangier,+212 6 31 30 30 04,3,2.3,,,,,,,,,,
https://www.google.com/maps/place/English+Prime/data=!4m7!3m6!1s0xd0b439a9278d627:0x2bef9343a2afc111!8m2!3d35.5816507!4d-5.3451046!16s%2Fg%2F11l1l750vp!19sChIJJ9Z4kppDCw0REcGvokOT7ys?authuser=0&hl=en&rclk=1,English Prime,Language school,Tétouan تطوان,+212 8 08 55 93 74,24,4.8,,,,,,,,,,
https://www.google.com/maps/place/Easy+Germany+Academy+%28Tanger%29/data=!4m7!3m6!1s0xd0b81cab1f7731f:0x5b256d0dae39be32!8m2!3d35.7650196!4d-5.8130654!16s%2Fg%2F11tn7t5sqr!19sChIJH3P3scqBCw0RMr45rg1tJVs?authuser=0&hl=en&rclk=1,Easy Germany Academy (Tanger),German language school,Tangier,+212 7 21 13 34 12,4,5,https://easygermany.ma/,facebook.com/EgeraMarokko,instagram.com/easy_germany_acedemy,,,,,wa.me/+212695312007,egera.languag@gmail.com,
https://www.google.com/maps/place/English+Connection+Tetouan/data=!4m7!3m6!1s0xd0b43ebb04817bb:0x8fd33cf6ada2161e!8m2!3d35.5820545!4d-5.3522164!16s%2Fg%2F11w25gl14f!19sChIJuxdIsOtDCw0RHhairfY8048?authuser=0&hl=en&rclk=1,English Connection Tetouan,English language school,Tétouan تطوان,+212 6 62 13 89 08,46,4.8,https://englishconnection.ma/,facebook.com/englishconnectiontetouan,instagram.com/englishconnectiontetouan,,,,,,tetouan@englishconnection.ma,
https://www.google.com/maps/place/Jossour+Annajah/data=!4m7!3m6!1s0xd0b874f5b130ad5:0xd4581fe40f99b11e!8m2!3d35.7555214!4d-5.8556648!16s%2Fg%2F11yf7f1b6f!19sChIJ1QoTW0-HCw0RHrGZD-QfWNQ?authuser=0&hl=en&rclk=1,Jossour Annajah,Language school,Tangier,+212 6 41 24 63 24,1,4,,,,,,,,,,
https://www.google.com/maps/place/ESTIL+ACADEMY+NORD+PRIVE/data=!4m7!3m6!1s0xd0b87024f53b9e5:0x6f7885e2788892e0!8m2!3d35.7348873!4d-5.8811661!16s%2Fg%2F11xzvvr46b!19sChIJ5blTTwKHCw0R4JKIeOKFeG8?authuser=0&hl=en&rclk=1,ESTIL ACADEMY NORD PRIVE,Language school,Tangier,+212 7 78 28 76 42,7,3.9,,,,,,,,,,
https://www.google.com/maps/place/Darija+Maroc+Academy/data=!4m7!3m6!1s0x6d9c83116020f0f3:0x751295d5b0f130c3!8m2!3d35.5916909!4d-37.6900988!16s%2Fg%2F11zkbyx2v9!19sChIJ8_AgYBGDnG0RwzDxsNWVEnU?authuser=0&hl=en&rclk=1,Darija Maroc Academy,Language school,,+212 7 08 34 60 68,7,5,,,,,,,,,,
https://www.google.com/maps/place/Centre+Lilyan/data=!4m7!3m6!1s0xd0ca1619b12fbcb:0xcca9f7c5cad6c735!8m2!3d35.849274!4d-5.353732!16s%2Fg%2F11hdz6n0tj!19sChIJy_sSm2GhDA0RNcfWysX3qcw?authuser=0&hl=en&rclk=1,Centre Lilyan,Language school,Fnideq,+212 7 08 10 48 63,1,5,,,,,,,,,,
https://www.google.com/maps/place/Vocalo+Institut+De+Langues/data=!4m7!3m6!1s0xd0b4356b5d0e36f:0xacda0f0c3ddba4a4!8m2!3d35.5644016!4d-5.3693944!16s%2Fg%2F11fwj_jkg2!19sChIJb-PQtVZDCw0RpKTbPQwP2qw?authuser=0&hl=en&rclk=1,Vocalo Institut De Langues,Language school,Tétouan تطوان,+212 5 39 71 15 07,0,0,,,,,,,,,,
https://www.google.com/maps/place/Instituto+Cervantes+T%C3%A9touan/data=!4m7!3m6!1s0xd0b425d001a163d:0x2191abcbe6218f5b!8m2!3d35.5693173!4d-5.3704283!16s%2Fg%2F11b7lnc1v5!19sChIJPRYaAF1CCw0RW48h5surkSE?authuser=0&hl=en&rclk=1,Instituto Cervantes Tétouan,Language school,Tétouan تطوان,+212 5 39 96 70 56,95,4.4,https://tetuan.cervantes.es/es/default.shtm,facebook.com/institutocervantestetuan,,,,youtube.com/user/CervantesTetuan,,,"centet@cervantes.es, infotet@cervantes.es", 
https://www.google.com/maps/place/Sprachinstitut+Goethe-Tanger/data=!4m7!3m6!1s0xd0c7faa38c2d653:0xb03495034ca68e99!8m2!3d35.7762652!4d-5.8057579!16s%2Fg%2F11v4hyd6g4!19sChIJU9bCOKp_DA0RmY6mTAOVNLA?authuser=0&hl=en&rclk=1,Sprachinstitut Goethe-Tanger,Language school,Tangier,+212 6 40 40 43 81,16,5,,,,,,,,,,
https://www.google.com/maps/place/Sunny+center/data=!4m7!3m6!1s0xd0b87a8105ac275:0x5619fa614f8a1d6f!8m2!3d35.7432285!4d-5.8304908!16s%2Fg%2F11s0d7gybr!19sChIJdcJaEKiHCw0Rbx2KT2H6GVY?authuser=0&hl=en&rclk=1,Sunny center,Language school,Tangier,+212 6 08 06 20 08,21,4.6,,,,,,,,,,
https://www.google.com/maps/place/Lactantium/data=!4m7!3m6!1s0xd0b4377c218ec25:0xed730b155447b767!8m2!3d35.5858194!4d-5.3487551!16s%2Fg%2F11sf7r9bs5!19sChIJJewYwndDCw0RZ7dHVBULc-0?authuser=0&hl=en&rclk=1,Lactantium,German language school,Tétouan تطوان,+212 8 08 68 47 70,5,3.4,https://lactantium.de/,facebook.com/profile.php?id=100088017878338,instagram.com/zenmedia0,x.com/HASiL_Malaysia,,youtube.com/@Lactantium-/featured,tiktok.com/@lactantiumalleman?_t=8fDj26N93Ac&_r=1,,info@lactantium.de,
https://www.google.com/maps/place/Centre+Qiam+de+formation+et+langue/data=!4m7!3m6!1s0xd0b4312b06d00f9:0xbe5e8c744aea1db0!8m2!3d35.5685213!4d-5.3582238!16s%2Fg%2F11kkgkpcx0!19sChIJ-QBtsBJDCw0RsB3qSnSMXr4?authuser=0&hl=en&rclk=1,Centre Qiam de formation et langue,Language school,Tétouan تطوان,+212 6 53 81 81 28,0,0,,,,,,,,,,
https://www.google.com/maps/place/Connect+Cambridge+Academy+Of+Tetouan/data=!4m7!3m6!1s0xd0b437c067acfb3:0x3041147954b2d2d2!8m2!3d35.5819931!4d-5.3478329!16s%2Fg%2F11rf7pmj7v!19sChIJs896BnxDCw0R0tKyVHkUQTA?authuser=0&hl=en&rclk=1,Connect Cambridge Academy Of Tetouan,Language school,Tétouan تطوان,+212 5 39 97 28 16,1,5,https://zayd.my.canva.site/,,,,,,,,hello@reallygreatsite.com,
https://www.google.com/maps/place/Takalam+English+Center/data=!4m7!3m6!1s0x2ff21a46ef0edbf3:0x2cbcc14370054ed2!8m2!3d31.8008346!4d-7.1513478!16s%2Fg%2F11z06p_16k!19sChIJ89sO70Ya8i8R0k4FcEPBvCw?authuser=0&hl=en&rclk=1,Takalam English Center,English language school,Assahrij,+212 7 22 77 47 53,0,0,https://www.takalamenglish.ma/,facebook.com/tr?id=2048783262707096&ev=PageView&noscript=1,,,,,,wa.me/212722774753?text=Hi%20Takalam!%20I,takalamenglishcenter@gmail.com,
"https://www.google.com/maps/place/La+Fontaine+Curieuse/@30.3423909,-5.8406517,17z/data=!3m1!4b1!4m6!3m5!1s0xdbc37d6a5104203:0xf05783abe3708e19!8m2!3d30.3423909!4d-5.8406517!16s%2Fg%2F11kr7r8m_c?hl=en&entry=ttu&g_ep=EgoyMDI2MDgxMi4wIKXMDSoASAFQAw%3D%3D",La Fontaine Curieuse,Language school,Zagora,+212 6 73 02 24 10,1,5,https://www.lafontainecurieuse.com/,facebook.com/lafontainecurieuse,instagram.com/fontainecurieuse,x.com/bolt-performance?src=72&evid=,,,,"api.whatsapp.com/send?phone=212677337807&text=Bonjour,%20je%20voudrais%20des%20informations.%20Merci",contact@lafontainecurieuse.com,
"https://www.google.com/maps/place/Centre+De+Langues+Motpassant+-+Settat-/@32.9960426,-7.6203244,17z/data=!3m1!4b1!4m6!3m5!1s0xda605792fca7405:0x4b37f7352544b712!8m2!3d32.9960426!4d-7.6203244!16s%2Fg%2F11frsdsh3q?hl=en&entry=ttu&g_ep=EgoyMDI2MDgxMi4wIKXMDSoASAFQAw%3D%3D",Centre De Langues Motpassant - Settat-,Foreign languages program school,Settat,+212 7 67 26 10 89,92,4.6,,,,,,,,,,
"https://www.google.com/maps/place/Multilang+B.S+Centre+De+Langues+Et+De+Formation/@28.9898808,-10.0557944,17z/data=!3m1!4b1!4m6!3m5!1s0xdb5031f1ec62b03:0x3010675286f3efd0!8m2!3d28.9898808!4d-10.0557944!16s%2Fg%2F11by_y6np0?hl=en&entry=ttu&g_ep=EgoyMDI2MDgxMi4wIKXMDSoASAFQAw%3D%3D",Multilang B.S Centre De Langues Et De Formation,Language school,Guelmim,+212 5 28 77 39 05,1,3,,,,,,,,,,
https://www.google.com/maps/place/Ibn+Rushd+Centre+%D9%85%D8%B1%D9%83%D8%B2+%D8%A7%D8%A8%D9%86+%D8%B1%D8%B4%D8%AF+%D9%84%D9%84%D8%BA%D8%A7%D8%AA%E2%80%AD/data=!4m7!3m6!1s0xdb4eb1670827915:0x32ab022b88c23afa!8m2!3d29.3757767!4d-10.180872!16s%2Fg%2F11h7t8bn4r!19sChIJFXmCcBbrtA0R-jrCiCsCqzI?authuser=0&hl=en&rclk=1,Ibn Rushd Centre مركز ابن رشد للغات,Language school,Sidi Ifni,+212 5 28 87 54 89,10,5,,,,,,,,,,
https://www.google.com/maps/place/Pouchkine+Language+Center/data=!4m7!3m6!1s0xda76c7ca2e7afc9:0x1dd22b95c6a0d278!8m2!3d34.0147263!4d-6.8422616!16s%2Fg%2F11fy4zkzcd!19sChIJya_nonxspw0ReNKgxpUr0h0?authuser=0&hl=en&rclk=1,Pouchkine Language Center,Language school,Rabat,+212 5 37 70 71 79,14,4.6,,,,,,,,,,
https://www.google.com/maps/place/British+Language+Center+Bouskoura/data=!4m7!3m6!1s0xda62f0ba27219d3:0x36c7b97d2f4c921!8m2!3d33.4826768!4d-7.6443645!16s%2Fg%2F11rckwgbmr!19sChIJ0xlyogsvpg0RIcn00pd7bAM?authuser=0&hl=en&rclk=1,British Language Center Bouskoura,Language school,Bouskoura,+212 7 83 20 02 00,7,4.9,https://theblc.ma/,facebook.com/Britishlanguagecentretangier,instagram.com/blc_morocco/#,,linkedin.com/company/the-british-language-centre-tangier,youtube.com/@TheBLCagadir,tiktok.com/@blc_agadir,,contact@theblc.ma,
https://www.google.com/maps/place/%D8%A7%D9%84%D9%85%D9%83%D9%88%D8%AF%D9%8A+%D9%84%D8%AA%D8%B9%D9%84%D9%8A%D9%85+%D8%A7%D9%84%D9%84%D8%BA%D8%A7%D8%AA+EL+MAKOUDI+LANGUAGE+CENTER%E2%80%AD/data=!4m7!3m6!1s0xd0b43b5c974a0db:0xd71a0ac1a0f154cd!8m2!3d35.5793567!4d-5.3724633!16s%2Fg%2F11q1vs_s51!19sChIJ26B0ybVDCw0RzVTxoMEKGtc?authuser=0&hl=en&rclk=1,المكودي لتعليم اللغات EL MAKOUDI LANGUAGE CENTER,Foreign languages program school,Tétouan تطوان,+212 6 52 04 19 01,8,4.8,https://www.elmakoudi.org/,facebook.com/profile.php?id=100054420972811,instagram.com/elmakoudi.language?igsh=ZXN6MzJmbGhwOTlv,,,youtube.com/@elmakoudicenter2786,tiktok.com/@el.makoudi.language?is_from_webapp=1&sender_device=pc,api.whatsapp.com/send?phone=212652041901,elmakoudi.language.center@gmail.com, 
https://www.google.com/maps/place/Centre+De+Langues+Emf+Philippe+Grenier/data=!4m7!3m6!1s0xda62f5c27f4cefd:0x555889b116edf9a4!8m2!3d33.4623128!4d-7.6559972!16s%2Fg%2F11nfv472z2!19sChIJ_c70J1wvpg0RpPntFrGJWFU?authuser=0&hl=en&rclk=1,Centre De Langues Emf Philippe Grenier,Language school,Bouskoura,+212 6 42 53 71 63,45,4.9,,,,,,,,,,
https://www.google.com/maps/place/Lougha+Institute/data=!4m7!3m6!1s0xda91d2a2a7cb477:0x124da408d82b05c5!8m2!3d33.2530717!4d-8.5042176!16s%2Fg%2F11t5_65c7d!19sChIJd7R8KiodqQ0RxQUr2AikTRI?authuser=0&hl=en&rclk=1,Lougha Institute,English language school,El Jadida,+212 5 21 07 07 07,337,4.9,https://loughainstitute.com/,facebook.com/Loughainstitute,instagram.com/lougha_institute,,linkedin.com/company/80939928,youtube.com/channel/UCt-NA7euEXIXdbhH3G-hfeA,tiktok.com/@lougha_institute,wa.me/212661557999,contact@loughainstitute.com,
"https://www.google.com/maps/place/oxford+school+of+english/@33.5476543,-7.6777943,17z/data=!3m1!4b1!4m6!3m5!1s0xda62de384829a1f:0xeb400eae3018703d!8m2!3d33.5476543!4d-7.6777943!16s%2Fg%2F11t8d8dkkx?hl=en&entry=ttu&g_ep=EgoyMDI2MDgxMi4wIKXMDSoASAFQAw%3D%3D",oxford school of english,English language school,Casablanca,+212 5 20 20 84 10,172,4.9,https://www.oxfordenglish.ma/,facebook.com/profile.php?id=100078456967226,instagram.com/oxfordschool_casa,,linkedin.com/in/oxford-school-of-english-casablanca-baba08267,,,wa.me/+212608559457,"contact.oxfordschool@oxfordenglish.ma, contact.oxfordschool@oxfordwnglish.ma, contact@oxfordenglish.ma", 
"https://www.google.com/maps/place/Prof+French+%7C+Course+French+%7C+Tuition+Communication+In+French+Casablanca+%7C+Prof+Abdelilah/@33.5855886,-7.630503,17z/data=!3m1!4b1!4m6!3m5!1s0xda7d36739641fdd:0x61a489f819b4678a!8m2!3d33.5855886!4d-7.630503!16s%2Fg%2F11yv8yl56g?hl=en&entry=ttu&g_ep=EgoyMDI2MDgxMi4wIKXMDSoASAFQAw%3D%3D",Prof French | Course French | Tuition Communication In French Casablanca | Prof Abdelilah,French language school,Casablanca,+212 6 64 53 68 94,1,5,,,,,,,,,,
https://www.google.com/maps/place/British+Language+Academy/data=!4m7!3m6!1s0xda633dca2367b37:0x7652265899a82ebf!8m2!3d33.5361799!4d-7.6028337!16s%2Fg%2F11fghq77wy!19sChIJN3s2otwzpg0Rvy6omVgmUnY?authuser=0&hl=en&rclk=1,British Language Academy,Language school,Casablanca,+212 5 22 21 61 61,43,4.1,,,,,,,,,,
https://www.google.com/maps/place/THE+BRITISH+TOWN+KENITRA/data=!4m7!3m6!1s0xda759cbce16294b:0x3df06aa4db67abc3!8m2!3d34.2588006!4d-6.594498!16s%2Fg%2F11h0g_cbl9!19sChIJSykWzstZpw0Rw6tn26Rq8D0?authuser=0&hl=en&rclk=1,THE BRITISH TOWN KENITRA,English language school,Kenitra,+212 5 37 37 90 57,75,4.8,https://www.thebritishtown.ma/en,facebook.com/thebritishtown,instagram.com/thebritishtown,,linkedin.com/company/the-british-town-k%C3%A9nitra,youtube.com/@thebritishtownkenitra710,,,thebritishtown@gmail.com,
https://www.google.com/maps/place/Broadway+Institute/data=!4m7!3m6!1s0xda713b345698a13:0xae053a52256f26cf!8m2!3d33.9591206!4d-6.8758679!16s%2Fg%2F1tp1_52q!19sChIJE4ppRbMTpw0RzyZvJVI6Ba4?authuser=0&hl=en&rclk=1,Broadway Institute,English language school,Rabat,+212 5 37 67 45 10,181,3.9,,,,,,,,,,
"https://www.google.com/maps/place/Academy+Future+Center+:+Language+Center+International/@33.701515,-7.3616016,17z/data=!3m1!4b1!4m6!3m5!1s0xda7b6d06b10fd23:0x1780c8e4e253df02!8m2!3d33.701515!4d-7.3616016!16s%2Fg%2F11dxq_gxks?hl=en&entry=ttu&g_ep=EgoyMDI2MDgxMi4wIKXMDSoASAFQAw%3D%3D",Academy Future Center : Language Center International,Language school,Mohammedia,+212 5 23 30 82 99,13,3.9,,,,,,,,,,
"https://www.google.com/maps/place/American+Institute+Temara/@33.920933,-6.9165803,17z/data=!3m1!4b1!4m6!3m5!1s0xda712832ff7d60d:0x5eb87d9c98b8c031!8m2!3d33.920933!4d-6.9165803!16s%2Fg%2F11r909kt_?hl=en&entry=ttu&g_ep=EgoyMDI2MDgxMi4wIKXMDSoASAFQAw%3D%3D",American Institute Temara,English language school,Temara,+212 5 37 64 01 82,129,4.7,,,,,,,,,,
https://www.google.com/maps/place/MarTalent+Academy/data=!4m7!3m6!1s0xc3773004d164155:0xed23b6598e1223ea!8m2!3d27.1510375!4d-13.1982656!16s%2Fg%2F11ldry_0ck!19sChIJVUEWTQBzNwwR6iMSjlm2I-0?authuser=0&hl=en&rclk=1,MarTalent Academy,German language school,Laayoune,+212 6 01 78 62 59,45,5,https://martalentacademy.com/,facebook.com/martalentacademy,instagram.com/martalentacademy,,,,tiktok.com/@martalent.academy,,info@martalentacademy.com,
"https://www.google.com/maps/place/English+Castle+Bouskoura/@33.4662311,-7.6633562,17z/data=!3m1!4b1!4m6!3m5!1s0xda62f5cb6f84977:0x953a2f9af14c8d76!8m2!3d33.4662311!4d-7.6633562!16s%2Fg%2F11khf5zzj7?hl=en&entry=ttu&g_ep=EgoyMDI2MDgxMi4wIKXMDSoASAFQAw%3D%3D",English Castle Bouskoura,English language school,Bouskoura,+212 5 22 32 09 00,90,4.9,https://linktr.ee/englishcastle,facebook.com/englishcastlebouskoura,instagram.com/english_castle_bouskoura,x.com/Linktree_,linkedin.com/company/english-castle-school-bouskoura,youtube.com/@english_castle_bouskoura,tiktok.com/@englishcastlebouskoura?is_from_webapp=1\u0026sender_device=pc,wa.me/c/212629585305,,
https://www.google.com/maps/place/NISRINE+SCHOOL/data=!4m7!3m6!1s0xd9f8bb273463f77:0x467ae6cc14a093d2!8m2!3d34.022444!4d-5.0063725!16s%2Fg%2F11y5qclk0r!19sChIJdz9Gc7KLnw0R0pOgFMzmekY?authuser=0&hl=en&rclk=1,NISRINE SCHOOL,German language school,Fez,+212 6 66 69 57 93,6,4.7,https://nisrineschool.com/,facebook.com/p/Nisrine-School-Acad%C3%A9mie-Polyvalente-Infirmier-H%C3%B4tellerie-et-Allemand-100064126113056,instagram.com/nisrinegermanschool,,,youtube.com/embed/bS07FeWQiHc?enablejsapi=1&autoplay=1&mute=1,,wa.me/212666695793,,
https://www.google.com/maps/place/Sls+Super+Language+School/data=!4m7!3m6!1s0xda7d32535174cb5:0xdcf0b1c9e082e42e!8m2!3d33.5931524!4d-7.6174264!16s%2Fg%2F11vjjlpj7x!19sChIJtUwXNSXTpw0RLuSC4Mmx8Nw?authuser=0&hl=en&rclk=1,Sls Super Language School,German language school,Casablanca,+212 6 06 06 35 50,102,4.9,,,,,,,,,,
https://www.google.com/maps/place/Center+Language+Moli%C3%A8re+Essaouira/data=!4m7!3m6!1s0xdad9bbe221c4a55:0x1ab476824209998!8m2!3d31.5007571!4d-9.7567899!16s%2Fg%2F11s8r4dbp2!19sChIJVUocIr6brQ0RmJkgJGhHqwE?authuser=0&hl=en&rclk=1,Center Language Molière Essaouira,Language school,Essaouira,+212 6 15 10 35 12,2,5,,,,,,,,,,
https://www.google.com/maps/place/Engl-Easy+Guelmim/data=!4m7!3m6!1s0xdb50341d1feaf59:0x513448a46ef41957!8m2!3d28.9883659!4d-10.0527498!16s%2Fg%2F11k40vb9nw!19sChIJWa_-0UEDtQ0RVxn0bqRINFE?authuser=0&hl=en&rclk=1,Engl-Easy Guelmim,Language school,Guelmim,+212 6 45 26 62 95,0,0,,,,,,,,,,
https://www.google.com/maps/place/Ardi+Language+Center+And+Communication/data=!4m7!3m6!1s0xdb50388f9cb27af:0x769df13e87041c86!8m2!3d28.9935754!4d-10.0526106!16s%2Fg%2F11rrsc3h2q!19sChIJryfL-YgDtQ0RhhwEhz7xnXY?authuser=0&hl=en&rclk=1,Ardi Language Center And Communication,Language school,Guelmim,+212 6 76 13 42 37,0,0,,,,,,,,,,
https://www.google.com/maps/place/Everyone+Academy/data=!4m7!3m6!1s0xdb5035a9cc13bbd:0x88ca1ee158851ebf!8m2!3d28.9883659!4d-10.0527498!16s%2Fg%2F11td4tsy6z!19sChIJvTvBnFoDtQ0Rvx6FWOEeyog?authuser=0&hl=en&rclk=1,Everyone Academy,English language school,Guelmim,+212 6 62 43 23 40,0,0,,,,,,,,,,
https://www.google.com/maps/place/Center+Sud+Oxford+Pour+Les+Langues/data=!4m7!3m6!1s0xdb50390fe8f01c9:0x178c76cd49745430!8m2!3d29.0022908!4d-10.0486828!16s%2Fg%2F11t_tsp87b!19sChIJyQGP_pADtQ0RMFR0Sc12jBc?authuser=0&hl=en&rclk=1,Center Sud Oxford Pour Les Langues,Foreign languages program school,Guelmim,+212 7 53 29 34 21,3,5,,,,,,,,,,
https://www.google.com/maps/place/Olc+Sprachzentrum/data=!4m7!3m6!1s0xda713cc9f62f833:0x7916c546617a45f1!8m2!3d33.9256286!4d-6.8943559!16s%2Fg%2F11ybbtsj0q!19sChIJM_hin8wTpw0R8UV6YUbFFnk?authuser=0&hl=en&rclk=1,Olc Sprachzentrum,Language school,Temara,+212 6 60 43 70 07,16,5,,,,,,,,,,
https://www.google.com/maps/place/English+House+Temara/data=!4m7!3m6!1s0xda7131d00c299f3:0x3ad6f82fe513f414!8m2!3d33.9401986!4d-6.9002165!16s%2Fg%2F11t60xy3ll!19sChIJ85nCAB0Tpw0RFPQT5S_41jo?authuser=0&hl=en&rclk=1,English House Temara,English language school,Temara,+212 5 30 13 97 96,108,4.9,,,,,,,,,,
https://www.google.com/maps/place/Cultural+Center+Temara/data=!4m7!3m6!1s0xda70d52fd7984df:0x7950398d18da6024!8m2!3d33.9020384!4d-6.9235071!16s%2Fg%2F11s6w1xkx4!19sChIJ34R5_VINpw0RJGDaGI05UHk?authuser=0&hl=en&rclk=1,Cultural Center Temara,English language school,Temara,+212 6 61 44 49 00,1,5,,,,,,,,,,
https://www.google.com/maps/place/MarTalent+Academy+Temara/data=!4m7!3m6!1s0xda7130ae4f9696f:0x6dc3312a76f24513!8m2!3d33.9253795!4d-6.8948723!16s%2Fg%2F11mcx3d4v6!19sChIJb2n55AoTpw0RE0Xydioxw20?authuser=0&hl=en&rclk=1,MarTalent Academy Temara,Language school,Temara,+212 6 30 38 08 05,21,4.6,https://martalentacademy.com/,facebook.com/martalentacademy,instagram.com/martalentacademy,,,,tiktok.com/@martalent.academy,,info@martalentacademy.com,
https://www.google.com/maps/place/Center+Descartes+T%C3%A9mara/data=!4m7!3m6!1s0xda7128fee7d06a1:0x18d9a15af71371f3!8m2!3d33.9251224!4d-6.9093694!16s%2Fg%2F11cspglgnt!19sChIJoQZ97o8Spw0R83ET91qh2Rg?authuser=0&hl=en&rclk=1,Center Descartes Témara,Language school,Temara,+212 6 31 50 65 20,1,4,,,,,,,,,,
https://www.google.com/maps/place/E-planet+Educational+Services/data=!4m7!3m6!1s0xda70dda8430e013:0xab98d7cf80b02bb8!8m2!3d33.9245187!4d-6.9339371!16s%2Fg%2F11yg1fcv96!19sChIJE-AwhNoNpw0RuCuwgM_XmKs?authuser=0&hl=en&rclk=1,E-planet Educational Services,English language school,Temara,+212 6 20 99 98 89,17,4.9,https://www.e-planet.ma/,facebook.com/tr?id=1595575545419738&ev=PageView&noscript=1,,,,youtube.com/watch?v=xXLKfELNhZw,,,temara@eplaneteducation.com,
https://www.google.com/maps/place/Prolingua+Academy/data=!4m7!3m6!1s0xda7127f95894a91:0xd2ccea27067dff99!8m2!3d33.9118504!4d-6.9172125!16s%2Fg%2F11c55jx1jc!19sChIJkUqJlX8Spw0Rmf99BifqzNI?authuser=0&hl=en&rclk=1,Prolingua Academy,English language school,Temara,+212 6 43 40 17 86,36,5,https://ppa.ma/,,,,,,,wa.me/212643401786?text=Bonjour%2C%20je%20souhaite%20des%20informations%20sur%20les%20cours%20d%27anglais%20%C3%A0%20PPA%20Temara,"contact@ppa.ma, noreply@gmail.com", 
https://www.google.com/maps/place/American+Academy+Temara/data=!4m7!3m6!1s0xda713844f242651:0x3b6a27c732354585!8m2!3d33.9287131!4d-6.8916071!16s%2Fg%2F11xdg_wy_g!19sChIJUSYkT4QTpw0RhUU1Mscnajs?authuser=0&hl=en&rclk=1,American Academy Temara,Foreign languages program school,Temara,+212 6 45 59 14 38,0,0,,,,,,,,,,
https://www.google.com/maps/place/Centre+Culturel+Fran%C3%A7ais+De+T%C3%A9mara/data=!4m7!3m6!1s0xda71282657f55f1:0x998ef1727bb7849a!8m2!3d33.9217093!4d-6.9205673!16s%2Fg%2F1yg4d_k72!19sChIJ8VV_ZYISpw0RmoS3e3Lxjpk?authuser=0&hl=en&rclk=1,Centre Culturel Français De Témara,Language school,Temara,+212 6 76 94 60 39,27,4.6,,,,,,,,,,
https://www.google.com/maps/place/Rabat+Global+Learning+School/data=!4m7!3m6!1s0xda70d8b40af3915:0x95e512293b7e44cb!8m2!3d33.9359166!4d-6.9418151!16s%2Fg%2F11y4c00lhs!19sChIJFTmvQIsNpw0Ry0R-OykS5ZU?authuser=0&hl=en&rclk=1,Rabat Global Learning School,Language school,Harhoura,+212 5 30 27 57 75,3,5,,,,,,,,,,
https://www.google.com/maps/place/English+Time/data=!4m7!3m6!1s0xda7136b1cca7f71:0xaf4444a51e0c151c!8m2!3d33.9255959!4d-6.9176716!16s%2Fg%2F11lzdkmq4_!19sChIJcX_KHGsTpw0RHBUMHqVERK8?authuser=0&hl=en&rclk=1,English Time,Language school,Temara,+212 6 24 77 91 30,0,0,,,,,,,,,,
https://www.google.com/maps/place/My+Classroom/data=!4m7!3m6!1s0xda70d0366cfc223:0xacb6c250f2bd6b5f!8m2!3d33.921136!4d-6.9605984!16s%2Fg%2F11gfh2vpdd!19sChIJI8LPZgMNpw0RX2u98lDCtqw?authuser=0&hl=en&rclk=1,My Classroom,Language school,Harhoura,+212 5 37 62 64 61,2,4,https://contactmyclassroom.wixsite.com/my-classroom,facebook.com/plugins/like.php?href=https%3A%2F%2Fcontactmyclassroom.wixsite.com%2Fmy-classroom&amp;layout=button_count&amp;show_faces=false&amp;action=like&amp;colorscheme=light&amp;send=false&amp;locale=fr_FR,,x.com/favicon.ico,,,,,,
https://www.google.com/maps/place/ELITE+TRAINING/data=!4m7!3m6!1s0xda70d8756be4b55:0x7815bab5bce30d5f!8m2!3d33.9093202!4d-6.9219347!16s%2Fg%2F11s4s23vp8!19sChIJVUu-VocNpw0RXw3jvLW6FXg?authuser=0&hl=en&rclk=1,ELITE TRAINING,Language school,Temara,+212 5 30 13 80 80,2,5,,,,,,,,,,
https://www.google.com/maps/place/English+Communication+Pour+Les+D%C3%A9butants+Temara/data=!4m7!3m6!1s0xda713d59211b02b:0x1832a5bea93c7eff!8m2!3d33.9242482!4d-6.918549!16s%2Fg%2F11lqcwxvjz!19sChIJK7ARktUTpw0R_348qb6lMhg?authuser=0&hl=en&rclk=1,English Communication Pour Les Débutants Temara,English language school,Temara,+212 5 30 12 07 04,0,0,,,,,,,,,,
https://www.google.com/maps/place/Lighthouse+Language+Center/data=!4m7!3m6!1s0xda76d725b0a9023:0x4a9bc827790a17e7!8m2!3d33.9134483!4d-6.924675!16s%2Fg%2F11hdlr8q_8!19sChIJI5AKW3Jtpw0R5xcKeSfIm0o?authuser=0&hl=en&rclk=1,Lighthouse Language Center,Language school,Temara,+212 6 08 65 64 00,18,5,,,,,,,,,,
https://www.google.com/maps/place/Welingo+Academy/data=!4m7!3m6!1s0xda713b9f730d487:0x8c4c99f8d3cfce9e!8m2!3d33.9130726!4d-6.9201193!16s%2Fg%2F11zb70xk5c!19sChIJh9Qw97kTpw0Rns7P0_iZTIw?authuser=0&hl=en&rclk=1,Welingo Academy,Foreign languages program school,Temara,+212 7 84 82 25 84,2,5,,,,,,,,,,
https://www.google.com/maps/place/Berlin+House/data=!4m7!3m6!1s0xda70df762ac1dc3:0xb0114a5b924c98e1!8m2!3d33.9100638!4d-6.9219694!16s%2Fg%2F11s5hxdf_3!19sChIJwx2sYvcNpw0R4ZhMkltKEbA?authuser=0&hl=en&rclk=1,Berlin House,Language school,Temara,+212 6 42 62 06 71,2,5,,,,,,,,,,
https://www.google.com/maps/place/%D9%85%D8%B1%D9%83%D8%B2+%D8%B2%D8%A7%D8%AF+%D8%A7%D9%84%D8%B9%D9%84%D9%85+Centre+Zad+_EL+_ILM%E2%80%AD/data=!4m7!3m6!1s0xda713bdccc49c99:0xc26765b8480a1d76!8m2!3d33.9240167!4d-6.895519!16s%2Fg%2F11tdrts8qt!19sChIJmZzEzL0Tpw0Rdh0KSLhlZ8I?authuser=0&hl=en&rclk=1,مركز زاد العلم Centre Zad _EL _ILM,Language school,Temara,+212 7 00 14 94 61,13,5,https://www.merkezzadelilm.com/,,instagram.com/nelmaweb,,,,,wa.me/212700149461,,
https://www.google.com/maps/place/Youth+Academy/data=!4m7!3m6!1s0xda713cd267dc987:0x5b474953c1805c81!8m2!3d33.9391404!4d-6.8981661!16s%2Fg%2F11t317y48n!19sChIJh8l9Js0Tpw0RgVyAwVNJR1s?authuser=0&hl=en&rclk=1,Youth Academy,Language school,Temara,+212 6 66 68 69 89,0,0,,,,,,,,,,
https://www.google.com/maps/place/The+American+Language+Center+of+Rabat/data=!4m7!3m6!1s0xda76b839afbf8f7:0x20156af5e729190c!8m2!3d34.013125!4d-6.827735!16s%2Fg%2F1ptypmz95!19sChIJ9_j7moNrpw0RDBkp5_VqFSA?authuser=0&hl=en&rclk=1,The American Language Center of Rabat,Language school,Rabat,+212 5 37 76 12 69,298,4.3,https://alcrabat.org/,facebook.com/ALCRabat,instagram.com/alcrabatofficial/?hl=en,,,,,,rabat.inquiry@acamorocco.org,
https://www.google.com/maps/place/British+Workshop/data=!4m7!3m6!1s0xda71330799d269d:0x44c0102b2743c2d8!8m2!3d33.950724!4d-6.8654714!16s%2Fg%2F11d_p89br9!19sChIJnSadeTATpw0R2MJDJysQwEQ?authuser=0&hl=en&rclk=1,British Workshop,Language school,Rabat,+212 5 37 56 41 12,74,4.6,https://www.britishworkshop.ma/,facebook.com/britishworkshop.ma,instagram.com/britishworkshop/?hl=fr,,linkedin.com/company/british-workshop,youtube.com/watch?v=cP8YFtKaT9g,,,"britishwokrshop.cil@gmail.com, britishworkshop.cil@gmail.com, britishworkshop.rabat@gmail.com, britishworkshopmohammedia@gmail.com, britishworkshoptangier@gmail.com, darb@decochic.ma, darb@gmail.ma, eljadida.britishworkshop@gmail.com", 
https://www.google.com/maps/place/Berlitz+Rabat/data=!4m7!3m6!1s0xda71329897f02f7:0x114877da5eb4041c!8m2!3d33.9555232!4d-6.8762592!16s%2Fg%2F1hd_ccd94!19sChIJ9wJ_iSkTpw0RHAS0Xtp3SBE?authuser=0&hl=en&rclk=1,Berlitz Rabat,Language school,Rabat,+212 5 37 57 12 55,21,5,https://www.berlitz.com/fr-ma/centres-de-langues/rabat,facebook.com/berlitzmaroc,,,linkedin.com/company/5083062,,,,dataprotection@berlitz-maroc.com,
https://www.google.com/maps/place/123+Deutschland+Rabat+-+Centre+de+Langues+et+de+Formation/data=!4m7!3m6!1s0xda713f0e03a8a59:0x91ef6c1b3a5d3fea!8m2!3d33.9606953!4d-6.8660008!16s%2Fg%2F11ntpgpnhn!19sChIJWYo64PATpw0R6j9dOhts75E?authuser=0&hl=en&rclk=1,123 Deutschland Rabat - Centre de Langues et de Formation,Language school,Rabat,+212 6 77 70 86 70,1,5,https://www.123deutschland.ma/,,instagram.com/123deutschland.ma,,,,,wa.me/212677708670,info@123deutschland.ma,
https://www.google.com/maps/place/Bridges+Center+for+Culture+and+Communication/data=!4m7!3m6!1s0xda71337198e2971:0xb356e98802d7f4ee!8m2!3d33.9532204!4d-6.8601968!16s%2Fg%2F11c58wj3n2!19sChIJcSmOGTcTpw0R7vTXAojpVrM?authuser=0&hl=en&rclk=1,Bridges Center for Culture and Communication,Language school,Rabat,+212 5 37 71 42 51,42,4.9,https://bridges.ma/,facebook.com/BridgesCenter,instagram.com/bridgesmorocco,,linkedin.com/company/bridgescenter,,,wa.me/212666930689?text=I%E2%80%99m%20interested,info@bridges.ma,
https://www.google.com/maps/place/Bridges+Center+for+Culture+and+Communication/data=!4m7!3m6!1s0xda76d2b688e7ffd:0x68f6acc6573ac3cb!8m2!3d33.9623606!4d-6.882384!16s%2Fg%2F1hf17p9ld!19sChIJ_X-OaCttpw0Ry8M6V8as9mg?authuser=0&hl=en&rclk=1,Bridges Center for Culture and Communication,Language school,Rabat,+212 5 37 71 20 00,28,4.6,https://bridges.ma/,facebook.com/BridgesCenter,instagram.com/bridgesmorocco,,linkedin.com/company/bridgescenter,,,wa.me/212666930689?text=I%E2%80%99m%20interested,info@bridges.ma,
https://www.google.com/maps/place/Learn+Oase+Center+Language+German/data=!4m7!3m6!1s0xda76d58f51ea3f7:0x799946bdc450ffdb!8m2!3d33.9753294!4d-6.8882453!16s%2Fg%2F11z14220g0!19sChIJ96Me9Vhtpw0R2_9QxL1GmXk?authuser=0&hl=en&rclk=1,Learn Oase Center Language German,Language school,Rabat,+212 6 51 74 80 64,1,5,,,,,,,,,,
https://www.google.com/maps/place/Qalam+wa+Lawh+Center+for+Arabic+Studies/data=!4m7!3m6!1s0xda76ca65dbfcb69:0xbbb8422dc6301a4e!8m2!3d33.997157!4d-6.8437534!16s%2Fg%2F11bbwr6zsp!19sChIJacu_XaZspw0RThowxi1CuLs?authuser=0&hl=en&rclk=1,Qalam wa Lawh Center for Arabic Studies,Language school,Rabat,+212 5 37 77 58 81,495,4.8,https://www.qalamcenter.com/,facebook.com/qalamcenter,instagram.com/qalamwalawh,,linkedin.com/company/qalamcenter,youtube.com/user/qalamcenter,,,"info@qalamcenter.com, rabat@qalamcenter.com, registrations@qalamcenter.com", 
https://www.google.com/maps/place/Bpec+Academy/data=!4m7!3m6!1s0xda71328f5706505:0x23e0ffd715243a7e!8m2!3d33.9606023!4d-6.8681595!16s%2Fg%2F11g6bnlcpv!19sChIJBWVw9SgTpw0RfjokFdf_4CM?authuser=0&hl=en&rclk=1,Bpec Academy,English language school,Rabat,+212 5 37 57 07 57,14,3.6,https://bpecacademy.com/,facebook.com/Bpecacademy,,,,,,,"bpecacademy@bpec-english.com, info-rabat@bpec-english.com", 
https://www.google.com/maps/place/Ef+Education+First+Maroc/data=!4m7!3m6!1s0xda76c9017a07eef:0x57682f7ce5db230b!8m2!3d33.9591206!4d-6.8758679!16s%2Fg%2F11c6rwn3ym!19sChIJ736gF5Bspw0RCyPb5XwvaFc?authuser=0&hl=en&rclk=1,Ef Education First Maroc,Language school,Rabat,+212 6 61 18 76 98,3,2.7,https://www.ef.com/wwen/,,,,,youtube.com/watch?v=U0oXyiNsteE,,,"eflanguages@ef.com, u003eeflanguages@ef.com", 
https://www.google.com/maps/place/Center+Language+Spanish+Rabat/data=!4m7!3m6!1s0xda76d0c2e698b11:0xadf2baf4fc70f778!8m2!3d34.0058009!4d-6.8503045!16s%2Fg%2F11h3sqdxlr!19sChIJEYtpLgxtpw0RePdw_PS68q0?authuser=0&hl=en&rclk=1,Center Language Spanish Rabat,Language school,Rabat,+212 6 17 12 99 40,5,5,https://campus-espagne.ma/admissions-en-espagne/,facebook.com/CampusEspagneMaroc,instagram.com/campus_espagne_maroc,,,,,,contact@campus-espagne.ma,
https://www.google.com/maps/place/SLS+Rabat/data=!4m7!3m6!1s0x864c3a7a3f7f0ce1:0xa4d4fb768243602c!8m2!3d33.9976768!4d-6.8485641!16s%2Fg%2F11mz4qhyq2!19sChIJ4Qx_P3o6TIYRLGBDgnb71KQ?authuser=0&hl=en&rclk=1,SLS Rabat,German language school,Rabat,+212 6 64 73 90 46,1,5,,,,,,,,,,
https://www.google.com/maps/place/Take2english/data=!4m7!3m6!1s0xda713940a004219:0xfcc771108acaa631!8m2!3d33.9552018!4d-6.8831487!16s%2Fg%2F11vsc7rpgk!19sChIJGUIACpQTpw0RMabKihBxx_w?authuser=0&hl=en&rclk=1,Take2english,English language school,Rabat,+212 6 62 40 41 12,18,4.9,https://take2english.com/,,,,,,,,,
https://www.google.com/maps/place/Fly+-+Future+Language+%26+You/data=!4m7!3m6!1s0xda713ec338a1ded:0x8fc0f1b3fb530f76!8m2!3d33.920334!4d-6.9170268!16s%2Fg%2F11xw2ys66h!19sChIJ7R2KM-wTpw0Rdg9T-7PxwI8?authuser=0&hl=en&rclk=1,Fly - Future Language & You,Language school,Temara,+212 6 68 21 21 55,3,5,,,,,,,,,,
https://www.google.com/maps/place/Misterey+English/data=!4m7!3m6!1s0x84ff01db5ee9a09d:0x2d8c8b125d4f0539!8m2!3d33.6581094!4d-6.4343659!16s%2Fg%2F11t4wtc845!19sChIJnaDpXtsB_4QROQVPXRKLjC0?authuser=0&hl=en&rclk=1,Misterey English,English language school,Jemaat Moul Blad,+212 7 00 89 05 26,0,0,,,,,,,,,,
https://www.google.com/maps/place/British+Council+Rabat+-+Young+learners+centre/data=!4m7!3m6!1s0xda76c77c8a22b49:0xa1b9c7898052e023!8m2!3d33.962585!4d-6.8290704!16s%2Fg%2F1pp2tkn06!19sChIJSSuiyHdspw0RI-BSgInHuaE?authuser=0&hl=en&rclk=1,British Council Rabat - Young learners centre,English language school,Rabat,+212 6 62 13 71 70,214,3.9,,,,,,,,,,
https://www.google.com/maps/place/Hermann+Hesse+Institut/data=!4m7!3m6!1s0xda76ddb97698071:0x4fcf714b68b88170!8m2!3d33.9750683!4d-6.8891799!16s%2Fg%2F11jkrzxb_3!19sChIJcYBpl9ttpw0RcIG4aEtxz08?authuser=0&hl=en&rclk=1,Hermann Hesse Institut,German language school,Rabat,+212 6 20 16 97 43,4,4,,,,,,,,,,
https://www.google.com/maps/place/Tesla+Academy+%D9%85%D8%B1%D9%83%D8%B2+%D8%A7%D9%84%D8%AA%D9%83%D9%88%D9%8A%D9%86+%D9%88%D8%A7%D9%84%D8%AA%D8%A3%D8%B7%D9%8A%D8%B1+%D9%88%D8%A7%D9%84%D8%AF%D8%B9%D9%85+%2F+%D8%AA%D8%B9%D9%84%D9%85+%D8%A7%D9%84%D9%84%D8%BA%D8%A7%D8%AA%E2%80%AD/data=!4m7!3m6!1s0xda46b03ec36c115:0x924233fa8016fda4!8m2!3d32.4943427!4d-6.68726!16s%2Fg%2F11j8vkph4z!19sChIJFcE27ANrpA0RpP0WgPozQpI?authuser=0&hl=en&rclk=1,Tesla Academy مركز التكوين والتأطير والدعم / تعلم اللغات,Language school,Fkih Ben Salah,+212 6 60 19 81 74,2,3.5,,,,,,,,,,
https://www.google.com/maps/place/Tcf+Canada/data=!4m7!3m6!1s0xda76be5f988c673:0x9b86f2b2a54a9e6!8m2!3d33.9743304!4d-6.8296291!16s%2Fg%2F11jz44943w!19sChIJc8aI-eVrpw0R5qlUKitvuAk?authuser=0&hl=en&rclk=1,Tcf Canada,Language school,Rabat,+212 6 91 44 36 36,5,3.4,,,,,,,,,,
https://www.google.com/maps/place/Exclusive+Dreams+Agency/data=!4m7!3m6!1s0x29a668787d68b715:0x61a46da036a6003!8m2!3d34.0257302!4d-6.8336447!16s%2Fg%2F11y3qjsqd8!19sChIJFbdofXhopikRA2BqA9pGGgY?authuser=0&hl=en&rclk=1,Exclusive Dreams Agency,English language camp,Rabat,+212 6 66 17 76 62,66,5,,,,,,,,,,
https://www.google.com/maps/place/Languages+Occidentales+Maroc/data=!4m7!3m6!1s0xda7097c7363cf05:0x59e0a654d0dedf17!8m2!3d33.8492325!4d-7.040047!16s%2Fg%2F11twngnv66!19sChIJBc9jc3wJpw0RF9_e0FSm4Fk?authuser=0&hl=en&rclk=1,Languages Occidentales Maroc,Language school,Skhirat,+212 5 37 74 21 32,3,3.7,,,,,,,,,,
https://www.google.com/maps/place/APA/data=!4m7!3m6!1s0xda76c89511c8b77:0x703a5442fe6f8e3e!8m2!3d34.0020301!4d-6.8507204!16s%2Fg%2F11c6q838y6!19sChIJd4scUYlspw0RPo5v_kJUOnA?authuser=0&hl=en&rclk=1,APA,English language school,Rabat,+212 5 37 77 04 44,2,3,,,,,,,,,,
https://www.google.com/maps/place/Cambridge+Campus+Rabat/data=!4m7!3m6!1s0xda76dc72a092071:0x5db14fbd78726d60!8m2!3d33.9978671!4d-6.8452518!16s%2Fg%2F11y48tfhtj!19sChIJcSAJKsdtpw0RYG1yeL1PsV0?authuser=0&hl=en&rclk=1,Cambridge Campus Rabat,English language school,Rabat,+212 6 63 05 77 63,34,4.9,https://www.cambridgecampus.ma/,,,,,,,,contact@cambridgecampus.ma,
https://www.google.com/maps/place/English+Mastery+Hub+Bouznika/data=!4m7!3m6!1s0xda7a71f2908fb0d:0x29891c7389da6f0a!8m2!3d33.7893782!4d-7.160363!16s%2Fg%2F11xzfs0pv3!19sChIJDfsIKR-npw0RCm_aiXMciSk?authuser=0&hl=en&rclk=1,English Mastery Hub Bouznika,Language school,Bouznika,+212 6 62 63 26 69,5,5,,,,,,,,,,
https://www.google.com/maps/place/Germania+Sprachwelt/data=!4m7!3m6!1s0x2a1ff2f269d1f43f:0xd3818f16190abe6d!8m2!3d34.0177499!4d-6.8326884!16s%2Fg%2F11zjpjbyt2!19sChIJP_TRafLyHyoRbb4KGRaPgdM?authuser=0&hl=en&rclk=1,Germania Sprachwelt,German language school,Rabat,+212 6 66 80 63 44,16,4.9,,,,,,,,,,
https://www.google.com/maps/place/Allemande+haus+Institut/data=!4m7!3m6!1s0xda76d84fdda0a3b:0xa066c91fc174c55a!8m2!3d33.9960937!4d-6.8466491!16s%2Fg%2F11krgwnld_!19sChIJOwra_YRtpw0RWsV0wR_JZqA?authuser=0&hl=en&rclk=1,Allemande haus Institut,German language school,Rabat,+212 6 60 62 49 70,91,4.9,,,,,,,,,,
https://www.google.com/maps/place/Speak+Now+Centre+Bouznika/data=!4m7!3m6!1s0xda7a729b986dcc7:0xb0e1ff78b24c1139!8m2!3d33.7906709!4d-7.1575646!16s%2Fg%2F11sx2zybkz!19sChIJx9yGuSmnpw0RORFMsnj_4bA?authuser=0&hl=en&rclk=1,Speak Now Centre Bouznika,Language school,Bouznika,+212 6 67 12 54 53,9,5,,,,,,,,,,
https://www.google.com/maps/place/Nelson+Center/data=!4m7!3m6!1s0xd9d93dbb590e615:0xf601009c2f3c88f!8m2!3d34.22602!4d-3.3461995!16s%2Fg%2F11c3s95mk5!19sChIJFeaQtduTnQ0Rj8jzwgkQYA8?authuser=0&hl=en&rclk=1,Nelson Center,Language school,Guercif,+212 5 35 67 64 97,28,4.8,,,,,,,,,,
https://www.google.com/maps/place/ecole+descartes+de+langues/data=!4m7!3m6!1s0xd9d93d75f545779:0x3f8b763a21823beb!8m2!3d34.2265722!4d-3.3447837!16s%2Fg%2F11gmcq4tt8!19sChIJeVdUX9eTnQ0R6zuCITp2iz8?authuser=0&hl=en&rclk=1,ecole descartes de langues,French language school,Guercif,+212 5 35 67 64 44,3,3.7,,,,,,,,,,
https://www.google.com/maps/place/ENGLISHCO+by+MHCN+LAABI/data=!4m7!3m6!1s0xd9d639698073f2d:0x904ea0c694c8b91c!8m2!3d34.4097482!4d-2.8931129!16s%2Fg%2F11smdj18gq!19sChIJLT8HmJZjnQ0RHLnIlMagTpA?authuser=0&hl=en&rclk=1,ENGLISHCO by MHCN LAABI,English language school,Taourirt,+212 7 00 55 89 21,4,4.8,,,,,,,,,,
https://www.google.com/maps/place/Training+Center/data=!4m7!3m6!1s0xd9d636171f64db1:0x1d5652f647272f04!8m2!3d34.4080382!4d-2.8940162!16s%2Fg%2F11v9yy751k!19sChIJsU32cWFjnQ0RBC8nR_ZSVh0?authuser=0&hl=en&rclk=1,Training Center,English language school,Taourirt,+212 6 42 73 45 49,0,0,,,,,,,,,,
https://www.google.com/maps/place/Excellence+Center/data=!4m7!3m6!1s0xf590ce52530b7ff:0x14307f1e1670c243!8m2!3d33.8297201!4d-4.8316447!16s%2Fg%2F11v0b4p_zn!19sChIJ_7cwJeUMWQ8RQ8JwFh5_MBQ?authuser=0&hl=en&rclk=1,Excellence Center,Language school,Sefrou,+212 6 30 58 80 07,4,5,,,,,,,,,,
https://www.google.com/maps/place/Conrad+Centre+Langues+Et+De+Formation+Professionnelle+Sefrou/data=!4m7!3m6!1s0xd9f9bbeeca54827:0xfd28999abdc2c4f8!8m2!3d33.8300921!4d-4.8313317!16s%2Fg%2F11t3cxvsh9!19sChIJJ0il7L6bnw0R-MTCvZqZKP0?authuser=0&hl=en&rclk=1,Conrad Centre Langues Et De Formation Professionnelle Sefrou,Language school,Sefrou,+212 5 35 66 23 25,0,0,,,,,,,,,,
https://www.google.com/maps/place/Language+Center+And+Communication/data=!4m7!3m6!1s0xd9f9b0c8360877f:0x3149927d8f75a86b!8m2!3d33.8305478!4d-4.8353075!16s%2Fg%2F11jt0hcl0f!19sChIJf4dggwybnw0Ra6h1j32SSTE?authuser=0&hl=en&rclk=1,Language Center And Communication,Language school,Sefrou,+212 6 76 31 86 94,0,0,,,,,,,,,,
https://www.google.com/maps/place/Progress+Center/data=!4m7!3m6!1s0xd9f8be03626a15b:0x3827de18fcc718a2!8m2!3d34.0170753!4d-4.9894864!16s%2Fg%2F11j0y8m7mv!19sChIJW6EmNuCLnw0RohjH_BjeJzg?authuser=0&hl=en&rclk=1,Progress Center,German language school,Fez,+212 5 35 65 87 27,12,4.7,,,,,,,,,,
https://www.google.com/maps/place/Institut+Iqraa+Zoumi/data=!4m7!3m6!1s0xd0af3bbd81cbac7:0x3fcdc0d44d1a090!8m2!3d34.7953438!4d-5.5674485!16s%2Fg%2F11s841r3_g!19sChIJx7oc2LvzCg0RkKDRRA3c_AM?authuser=0&hl=en&rclk=1,Institut Iqraa Zoumi,English language school,Ouazzane,+212 6 66 25 24 14,0,0,,,,,,,,,,
https://www.google.com/maps/place/Centre+Privil%C3%A8ge+Rabat/data=!4m7!3m6!1s0xda76c76fdea3a57:0xc85617ebdace4c4a!8m2!3d34.021776!4d-6.838203!16s%2Fg%2F1thlpfg7!19sChIJVzrq_XZspw0RSkzO2usXVsg?authuser=0&hl=en&rclk=1,Centre Privilège Rabat,Language school,Rabat,+212 5 37 66 03 09,196,4,https://www.centreprivilege.com/,FaceBook.com/Centreprivilege,Instagram.com/Centre.privilege,Twitter.com/PrivilegeCentre,,,tiktok.com/i18n/pixel/events.js,,,
https://www.google.com/maps/place/center+don+quijote/data=!4m7!3m6!1s0xd0ca16835150381:0x728026c3d286011b!8m2!3d35.8417364!4d-5.357805!16s%2Fg%2F11hdjg1rwv!19sChIJgQMVNWihDA0RGwGG0sMmgHI?authuser=0&hl=en&rclk=1,center don quijote,Language school,Fnideq,+212 5 39 67 69 18,0,0,,,,,,,,,,
https://www.google.com/maps/place/Germarok/data=!4m7!3m6!1s0xda22bc49e6a9309:0xb625244efcd6e9bd!8m2!3d32.934056!4d-5.669617!16s%2Fg%2F11zh9_128p!19sChIJCZNqnsQrog0RvenW_E4kJbY?authuser=0&hl=en&rclk=1,Germarok,Language school,Khenifra,+212 6 80 37 00 16,4,5,,,,,,,,,,
https://www.google.com/maps/place/Atlas+Center+%D9%85%D8%B1%D9%83%D8%B2+%D8%AF%D8%B1%D9%88%D8%B3+%D8%A7%D9%84%D8%AF%D8%B9%D9%85+%D9%88%D8%A7%D9%84%D9%84%D8%BA%D8%A7%D8%AA%E2%80%AD/data=!4m7!3m6!1s0xda22b8f3a98982d:0x5cfaa461dc17e093!8m2!3d32.929878!4d-5.6688351!16s%2Fg%2F11vb63n7ct!19sChIJLZiYOo8rog0Rk-AX3GGk-lw?authuser=0&hl=en&rclk=1,Atlas Center مركز دروس الدعم واللغات,Foreign languages program school,Khenifra,+212 6 87 50 38 66,24,5,,,,,,,,,,
https://www.google.com/maps/place/Science+Et+Connaissance/data=!4m7!3m6!1s0xd98bf2094f0e0f7:0x4fd5596f8eff765c!8m2!3d32.6846906!4d-4.7424677!16s%2Fg%2F11sfrnj95p!19sChIJ9-DwlCC_mA0RXHb_jm9Z1U8?authuser=0&hl=en&rclk=1,Science Et Connaissance,Language school,Midelt,+212 6 61 14 35 57,0,0,,,,,,,,,,
https://www.google.com/maps/place/English+%D8%AA%D8%B9%D9%84%D9%85%E2%80%AD/data=!4m7!3m6!1s0x84fa1d35005d3fe7:0xa32857ef4936b2c2!8m2!3d24.5646384!4d23.1326765!16s%2Fg%2F11ryz4mqzl!19sChIJ5z9dADUd-oQRwrI2Se9XKKM?authuser=0&hl=en&rclk=1,English تعلم,English language school,,+212 7 08 00 42 71,0,0,,,,,,,,,,
https://www.google.com/maps/place/ima+International+Moderne+Academy/data=!4m7!3m6!1s0xd98bfc29f8a8c5d:0x9950cbdf70ebdfeb!8m2!3d32.6787827!4d-4.731504!16s%2Fg%2F11pcw_yt1z!19sChIJXYyKn8K_mA0R69_rcN_LUJk?authuser=0&hl=en&rclk=1,ima International Moderne Academy,French language school,Midelt,+212 6 07 62 09 25,0,0,,,,,,,,,,
https://www.google.com/maps/place/Institute+Arinass/data=!4m7!3m6!1s0x410c6156ca1d5aab:0xd4b4ade31abfc726!8m2!3d31.8008346!4d-7.1513478!16s%2Fg%2F11y39hhm0p!19sChIJq1odylZhDEERJse_GuOttNQ?authuser=0&hl=en&rclk=1,Institute Arinass,Language school,Assahrij,+212 6 60 09 22 36,0,0,,,,,,,,,,
https://www.google.com/maps/place/Good+Step+Centre+allemand/data=!4m7!3m6!1s0xda04539c1c3cd85:0x733f5562f6133e9b!8m2!3d33.897715!4d-5.547048!16s%2Fg%2F11g1z5gm67!19sChIJhc3DwTlFoA0Rmz4T9mJVP3M?authuser=0&hl=en&rclk=1,Good Step Centre allemand,Language school,Meknes,+212 5 38 95 38 42,55,5,,,,,,,,,,
https://www.google.com/maps/place/Deutschzentrum/data=!4m7!3m6!1s0xda04500672d3aa7:0xbb940e465e620839!8m2!3d33.8976502!4d-5.544179!16s%2Fg%2F11vx0m60ls!19sChIJpzotZwBFoA0ROQhiXkYOlLs?authuser=0&hl=en&rclk=1,Deutschzentrum,German language school,Meknes,+212 5 35 51 14 05,37,4.7,,,,,,,,,,
https://www.google.com/maps/place/Germany+School/data=!4m7!3m6!1s0xda045bd6a94ebb1:0xda6ad89ede0ed653!8m2!3d33.8983173!4d-5.5526332!16s%2Fg%2F11sdd9vk1k!19sChIJseuUar1FoA0RU9YO3p7Yato?authuser=0&hl=en&rclk=1,Germany School,Language school,Meknes,+212 6 84 55 44 02,42,4.7,https://germanyschool.net/,facebook.com/germanyschool.co,instagram.com/mouad_gallil,,,,,,"exam@germanyschool.net, germanyschool@hotmail.com", 
https://www.google.com/maps/place/Institut+Allemand+IAMTEC+F%C3%A8s/data=!4m7!3m6!1s0xd9f8b4777abb1c7:0xc1f630cfe492e7e3!8m2!3d34.0378664!4d-4.9966468!16s%2Fg%2F11f0l1xz20!19sChIJx7Grd0eLnw0R4-eS5M8w9sE?authuser=0&hl=en&rclk=1,Institut Allemand IAMTEC Fès,German language school,Fez,+212 8 09 88 81 84,408,4.7,https://www.iamtec.net/,,,x.com/bolt-performance?src=72&evid=,,,,,,
https://www.google.com/maps/place/ETIC+Centre+Allemand/data=!4m7!3m6!1s0xd9f8b5fdd7ee94d:0x4480beadaf091e6a!8m2!3d34.0345851!4d-4.9985869!16s%2Fg%2F11l5fb6b5c!19sChIJTel-3V-Lnw0Rah4Jr62-gEQ?authuser=0&hl=en&rclk=1,ETIC Centre Allemand,German language school,Fez,+212 6 25 64 88 52,2,5,,,,,,,,,,
https://www.google.com/maps/place/Mita+Academy/data=!4m7!3m6!1s0xdafef76441ff583:0xca7b65f4b995acb9!8m2!3d31.6449753!4d-8.0129519!16s%2Fg%2F11jykd_sxg!19sChIJg_UfRHbvrw0RuayVufRle8o?authuser=0&hl=en&rclk=1,Mita Academy,Foreign languages program school,Marrakesh,+212 5 24 43 06 06,28,4.5,https://mita-academy.com/,facebook.com/profile.php?id=100086590961352,instagram.com/p/CjdjlXGIuI0/?igshid=YmMyMTA2M2Y=,,,,tiktok.com/@mita.academy,api.whatsapp.com/send?phone=212714526952,"contact@example.com, contact@mita-academy.com", 
https://www.google.com/maps/place/DAWLIA+PRIVATE+SCHOOL/data=!4m7!3m6!1s0xda4dc222f541ab3:0xa8c4fbf6650f0ce3!8m2!3d31.7345621!4d-7.0011113!16s%2Fg%2F11dyp45ng0!19sChIJsxpULyLcpA0R4wwPZfb7xKg?authuser=0&hl=en&rclk=1,DAWLIA PRIVATE SCHOOL,Language school,Demnate,+212 5 23 50 88 88,2,5,,,,,,,,,,
"https://www.google.com/maps/place/Institut+Moselle+Etudes+Sup%C3%A9rieures,+Studienkolleg,+Classes+Pr%C3%A9paratoires/@33.5881944,-7.6169594,17z/data=!3m1!4b1!4m6!3m5!1s0xda7d3cfbeaf8767:0x474320e680732e6c!8m2!3d33.5881944!4d-7.6169594!16s%2Fg%2F11szc0gvsy?hl=en&entry=ttu&g_ep=EgoyMDI2MDgxMi4wIKXMDSoASAFQAw%3D%3D","Institut Moselle Etudes Supérieures, Studienkolleg, Classes Préparatoires",German language school,Casablanca,+212 6 66 01 51 75,86,4.9,https://expireddomains.com/domain/institutmoselle.com?utm_source=redi,facebook.com/expireddomainscom,instagram.com/expireddomainscom,x.com/ExpiredDomainHQ,linkedin.com/company/expireddomainscom,youtube.com/@ExpiredDomainscom,tiktok.com/@expireddomainscom,,,
https://www.google.com/maps/place/%D9%85%D8%B9%D9%87%D8%AF+%D8%B4%D8%B9%D8%B1%D8%A7%D9%86+%D9%84%D9%84%D8%BA%D8%A7%D8%AA%E2%80%AD/data=!4m7!3m6!1s0xdaf290014b6ccf1:0x29ab1a8514619307!8m2!3d32.6521619!4d-8.4266472!16s%2Fg%2F11vz9swkyv!19sChIJ8cy2FAAprw0RB5NhFIUaqyk?authuser=0&hl=en&rclk=1,معهد شعران للغات,Language school,Sidi Bennour,+212 6 42 59 81 18,4,5,,,,,,,,,,
https://www.google.com/maps/place/Read+Academy/data=!4m7!3m6!1s0xdaf29b3071e0b2d:0x55f459dc4268ef2f!8m2!3d32.6510686!4d-8.4244999!16s%2Fg%2F11smv0vxz4!19sChIJLQseB7Mprw0RL-9oQtxZ9FU?authuser=0&hl=en&rclk=1,Read Academy,Language school,Sidi Bennour,+212 5 29 21 04 73,8,5,https://read-academy.my.canva.site/read-academy,facebook.com/Read.acad,instagram.com/read_academy_,,,,tiktok.com/@read.academy?_t=ZM-8y7CoB39ntQ&_r=1,wa.me/message/JQ74UPZ3SYEXC1,,
https://www.google.com/maps/place/Deutsche+Akademie+Der+Sprache/data=!4m7!3m6!1s0xdaf29c8659efca1:0x909953cd7a63e4ca!8m2!3d32.6516144!4d-8.4248246!16s%2Fg%2F11q7zjjs0_!19sChIJofyeZcgprw0RyuRjes1TmZA?authuser=0&hl=en&rclk=1,Deutsche Akademie Der Sprache,Language school,Sidi Bennour,+212 6 66 11 51 85,0,0,,,,,,,,,,
https://www.google.com/maps/place/Centre+Bugafer/data=!4m7!3m6!1s0xdbd33890b029fa9:0xf8900326813e3175!8m2!3d31.5067622!4d-5.541106!16s%2Fg%2F11rk8jnm1s!19sChIJqZ8CC4kzvQ0RdTE-gSYDkPg?authuser=0&hl=en&rclk=1,Centre Bugafer,Language school,Tinghir,+212 7 08 01 21 77,7,4.7,,,,,,,,,,
https://www.google.com/maps/place/English+SB/data=!4m7!3m6!1s0xdaf29b6dc6998d7:0x58b7b1216a9118e!8m2!3d32.6455048!4d-8.4213596!16s%2Fg%2F11k8c6h16c!19sChIJ15hp3LYprw0RjhGpFhJ7iwU?authuser=0&hl=en&rclk=1,English SB,English language school,Sidi Bennour,+212 7 70 77 31 79,0,0,,,,,,,,,,
https://www.google.com/maps/place/Germankraft+Akedemie/data=!4m7!3m6!1s0xda759067312c631:0x74f27732ccec074c!8m2!3d34.2585422!4d-6.5877757!16s%2Fg%2F11lp118b63!19sChIJMcYScwZZpw0RTAfszDJ38nQ?authuser=0&hl=en&rclk=1,Germankraft Akedemie,German language school,Kenitra,+212 6 50 93 54 10,85,5,,,,,,,,,,
https://www.google.com/maps/place/Deutsch+Land+School/data=!4m7!3m6!1s0xda7cddab152c11d:0xeba23797463ce023!8m2!3d33.5942993!4d-7.6105384!16s%2Fg%2F11yfd_tscp!19sChIJHcFSsdrNpw0RI-A8Rpc3ous?authuser=0&hl=en&rclk=1,Deutsch Land School,Language school,Casablanca,+212 6 60 60 06 16,55,4.9,https://www.deutschlandschool.com/,facebook.com/tr?id=1744181073437177&ev=PageView&noscript=1,,,,,,,,
https://www.google.com/maps/place/GLS+Sprachenzentrum+-+Centre+GLS+de+langue+Allemande+K%C3%A9nitra./data=!4m7!3m6!1s0xda75970012d1755:0xb301a964fc17f669!8m2!3d34.2582587!4d-6.5876841!16s%2Fg%2F11q44v7801!19sChIJVRctAXBZpw0RafYX_GSpAbM?authuser=0&hl=en&rclk=1,GLS Sprachenzentrum - Centre GLS de langue Allemande Kénitra.,German language school,Kenitra,+212 8 08 65 14 50,146,4.8,https://gls-sprachzentrum.ma/fr,facebook.com/gls.sale,instagram.com/gls.maroc,,,youtube.com/@9onsolsTalks,tiktok.com/@gls.sprachenzentrum?is_from_webapp=1&sender_device=pc,wa.me/212603160277,info@gls-sprachzentrum.ma,
https://www.google.com/maps/place/Academia+Cultura+Language+Center/data=!4m7!3m6!1s0xda0356ea60fe97b:0x6245dcaa2b404c7b!8m2!3d33.6911658!4d-5.3709289!16s%2Fg%2F11fn473gdz!19sChIJe-kPpm41oA0Re0xAK6rcRWI?authuser=0&hl=en&rclk=1,Academia Cultura Language Center,Language school,El Hajeb,+212 6 55 18 25 80,2,3,,,,,,,,,,
https://www.google.com/maps/place/Eba+Akademie+%F0%9F%87%A9%F0%9F%87%AA/data=!4m7!3m6!1s0xda045000129eff1:0x20d2b4824b777aa2!8m2!3d33.8956215!4d-5.5467835!16s%2Fg%2F11w94z45lw!19sChIJ8e8pAQBFoA0Ronp3S4K00iA?authuser=0&hl=en&rclk=1,Eba Akademie 🇩🇪,German language school,Meknes,+212 6 60 32 50 90,26,4.8,https://www.ebaakademie.com/,,,,,,,,,
https://www.google.com/maps/place/Center+Hilbert+Prime/data=!4m7!3m6!1s0xda035b85c229f6f:0x540ae83a47338c86!8m2!3d33.6952365!4d-5.3755356!16s%2Fg%2F11lngqp2nb!19sChIJb58iXLg1oA0RhowzRzroClQ?authuser=0&hl=en&rclk=1,Center Hilbert Prime,Foreign languages program school,El Hajeb,+212 5 35 54 38 94,4,5,,,,,,,,,,
"https://www.google.com/maps/place/Aalim+%2F+Ase,+The+American+School+Of+English/data=!4m7!3m6!1s0xda05b2b10e632a5:0xfa94ed60cf864982!8m2!3d33.8978528!4d-5.5635487!16s%2Fg%2F11f1pllw_f!19sChIJpTLmECtboA0RgkmGz2DtlPo?authuser=0&hl=en&rclk=1","Aalim / Ase, The American School Of English",English language school,Meknes,+212 5 35 55 30 68,3,4.7,,,,,,,,,,
https://www.google.com/maps/place/ENGLISH+HIGHWAY/data=!4m7!3m6!1s0xda044d7530f5d8d:0xbdddcdd62311105b!8m2!3d33.9001271!4d-5.5517935!16s%2Fg%2F11ckv6x600!19sChIJjV0PU9dEoA0RWxARI9bN3b0?authuser=0&hl=en&rclk=1,ENGLISH HIGHWAY,English language school,Meknes,+212 5 35 52 81 82,45,4.5,https://eh.ma/,,,,,,,,,
https://www.google.com/maps/place/Study+Arabic+Morocco+:+Lessane+Arabi+Center/data=!4m7!3m6!1s0xdafec274dc08433:0x9bdb959e71cb3bd4!8m2!3d31.6482968!4d-8.038524!16s%2Fg%2F11c2kyzr87!19sChIJM4TATSfsrw0R1DvLcZ6V25s?authuser=0&hl=en&rclk=1,Study Arabic Morocco : Lessane Arabi Center,Language school,Marrakesh,+212 6 58 80 33 84,43,4.6,,,,,,,,,,
https://www.google.com/maps/place/Centre+de+Formation+professionnelle:+Langues+et+Informatique/data=!4m7!3m6!1s0xdafef0977aa7aeb:0x1e3bdd1a5cc5bfcb!8m2!3d31.6366922!4d-8.0103245!16s%2Fg%2F11hz_3wcpn!19sChIJ63qqdwnvrw0Ry7_FXBrdOx4?authuser=0&hl=en&rclk=1,Centre de Formation professionnelle: Langues et Informatique,Language school,Marrakesh,+212 5 24 44 89 53,102,4.5,https://www.cpliformation.com/,,,,,,,"wa.me/212664626408?text=Bonjour%20CPLI%20Center,%20je%20suis%20intéressé(e)%20par%20vos%20formations",,
"https://www.google.com/maps/place/Atlas+Language+Academy/@31.595912,-8.0492449,17z/data=!3m1!4b1!4m6!3m5!1s0x4445d80bf6789fa9:0x48fc7fe8309e672e!8m2!3d31.595912!4d-8.0492449!16s%2Fg%2F11ysckbxnd?hl=en&entry=ttu&g_ep=EgoyMDI2MDgxMi4wIKXMDSoASAFQAw%3D%3D",Atlas Language Academy,Language school,Marrakesh,+212 7 66 16 09 34,15,4.9,https://atlasla.ma/,facebook.com/share/1FdqmAeBhf,instagram.com/atlas.language_academy?igsh=MWx4anR5b2ZvYWVqNw==,,,,"tiktok.com/&quot;]}]]],&quot;mobile&quot;:[0,{&quot;top&quot;:[0,224],&quot;left&quot;:[0,170],&quot;width&quot;:[0,158],&quot;height&quot;:[0,24]}],&quot;desktop&quot;:[0,{&quot;top&quot;:[0,200],&quot;left&quot;:[0,1072],&quot;width&quot;:[0,152],&quot;height&quot;:[0,24]}],&quot;settings&quot;:[0,{&quot;styles&quot;:[0,{&quot;icon-size&quot;:[0,&quot;24px&quot;],&quot;icon-color&quot;:[0,&quot;#ffffff&quot;],&quot;icon-spacing&quot;:[0,&quot;space-between&quot;],&quot;icon-direction&quot;:[0,&quot;row&quot;],&quot;icon-color-hover&quot;:[0,&quot;#ffffff&quot;],&quot;m-element-margin&quot;:[0,&quot;0",wa.me/212766160934,contact@atlasla.ma,
https://www.google.com/maps/place/AL+MARKAZ/data=!4m7!3m6!1s0xdafefad568fc673:0x794aac95f69b198e!8m2!3d31.6370937!4d-8.0160724!16s%2Fg%2F11h_xdnnyf!19sChIJc8aPVq3vrw0Rjhmb9pWsSnk?authuser=0&hl=en&rclk=1,AL MARKAZ,Language school,Marrakesh,+212 5 25 07 64 52,2,5,,,,,,,,,,
https://www.google.com/maps/place/Arabic+Language+School+Morocco+%F0%9F%87%B2%F0%9F%87%A6%F0%9F%87%BA%F0%9F%87%B8/data=!4m7!3m6!1s0xdafef4369e144db:0x6c3dd034c5e3db20!8m2!3d31.6319241!4d-7.9890643!16s%2Fg%2F11zgm391xb!19sChIJ20ThaUPvrw0RINvjxTTQPWw?authuser=0&hl=en&rclk=1,Arabic Language School Morocco 🇲🇦🇺🇸,Language school,Marrakesh,+212 7 66 73 90 46,0,0,,,,,,,,,,
https://www.google.com/maps/place/LITTLE+AMERICA+MARRAKECH/data=!4m7!3m6!1s0xdafef856b64eea3:0x651850be43b47756!8m2!3d31.6391518!4d-7.9985852!16s%2Fg%2F11wvbflg2r!19sChIJo-5ka4Xvrw0RVne0Q75QGGU?authuser=0&hl=en&rclk=1,LITTLE AMERICA MARRAKECH,English language school,Marrakesh,+212 6 55 99 14 49,20,4.8,,,,,,,,,,
https://www.google.com/maps/place/Millennia+Centre+De+Langues+Marrakech/data=!4m7!3m6!1s0xdafef74b70afd5d:0x39cc1388eb8a7944!8m2!3d31.6391557!4d-7.9983317!16s%2Fg%2F11v41f8cz6!19sChIJXf0Kt3Tvrw0RRHmK64gTzDk?authuser=0&hl=en&rclk=1,Millennia Centre De Langues Marrakech,Language school,Marrakesh,+212 7 08 80 80 22,46,4.7,https://millennia.ma/fr,facebook.com/GPMillennia,instagram.com/millennia.centre.de.formation,,,,tiktok.com/@millenniagpe,wa.me/212669694431,"contact@millennia.ma, email@exemple.com", 
https://www.google.com/maps/place/NESSAJ+ACADEMY/data=!4m7!3m6!1s0x86b449deaec5ef93:0x4cb0dfa39d719108!8m2!3d31.5932454!4d-8.0437558!16s%2Fg%2F11l2p1mfl6!19sChIJk-_Frt5JtIYRCJFxnaPfsEw?authuser=0&hl=en&rclk=1,NESSAJ ACADEMY,Language school,Marrakesh,+212 6 79 88 70 33,63,5,,,,,,,,,,
https://www.google.com/maps/place/%D9%85%D8%B1%D9%83%D8%B2+%D8%A7%D9%84%D8%AA%D9%85%D9%8A%D8%B2+%D9%84%D9%84%D8%AF%D8%B9%D9%85+%D8%A7%D9%84%D9%85%D8%AF%D8%B1%D8%B3%D9%8A+%D9%88%D8%A7%D9%84%D9%84%D8%BA%D8%A7%D8%AA+%D8%A7%D9%84%D8%AD%D9%8A%D8%A9%E2%80%AD/data=!4m7!3m6!1s0xdb1e794f43b52af:0x30958fc228667d03!8m2!3d31.1869049!4d-8.8444789!16s%2Fg%2F11hhkw2vln!19sChIJr1I79JTnsQ0RA31mKMKPlTA?authuser=0&hl=en&rclk=1,مركز التميز للدعم المدرسي واللغات الحية,Language school,Imintanoute,+212 6 44 05 81 88,1,5,,,,,,,,,,
https://www.google.com/maps/place/HOME+OF+INTERNATIONAL+LANGUAGES/data=!4m7!3m6!1s0xdafef678cbea519:0xf342c5a22b169e9f!8m2!3d31.633838!4d-7.9852459!16s%2Fg%2F11z2vzj22w!19sChIJGaW-jGfvrw0Rn54WK6LFQvM?authuser=0&hl=en&rclk=1,HOME OF INTERNATIONAL LANGUAGES,Language school,Marrakesh,+212 6 88 04 73 05,0,0,,,,,,,,,,
https://www.google.com/maps/place/Institute+Kampus+Pro+De+Langue/data=!4m7!3m6!1s0xdafe96eb60abddb:0x9737b17a6eae429f!8m2!3d31.8008346!4d-7.1513478!16s%2Fg%2F11h5lz5yj8!19sChIJ270Ktm7prw0Rn0KubnqxN5c?authuser=0&hl=en&rclk=1,Institute Kampus Pro De Langue,Language school,Assahrij,+212 7 80 60 42 61,1,5,,,,,,,,,,
https://www.google.com/maps/place/Oxford+International+Education/data=!4m7!3m6!1s0x2c980ec2fba3556b:0xe653071d591c14cf!8m2!3d31.6322454!4d-8.0129384!16s%2Fg%2F11ks2518tw!19sChIJa1Wj-8IOmCwRzxQcWR0HU-Y?authuser=0&hl=en&rclk=1,Oxford International Education,Foreign languages program school,Marrakesh,+212 6 62 62 46 11,106,4.8,,,,,,,,,,
https://www.google.com/maps/place/Cabinet+Attaleb/data=!4m7!3m6!1s0xdafeb004041a099:0x3cc60d09eff4b5a6!8m2!3d31.6706975!4d-8.0616493!16s%2Fg%2F11lnm9_y_t!19sChIJmaBBQADrrw0RprX07wkNxjw?authuser=0&hl=en&rclk=1,Cabinet Attaleb,Language school,Marrakesh,+212 6 45 21 28 00,84,5,https://attaleb.org/,facebook.com/p/Attaleb-61566259555341,instagram.com/attaleb.ma,,linkedin.com/company/attaleb-ma,,,wa.me/212645212800,medamineharifi@gmail.com,
https://www.google.com/maps/place/EFAL+Center+Marrakesh/data=!4m7!3m6!1s0xdafec15bfffffff:0x145b431761095e18!8m2!3d31.665795!4d-8.0255889!16s%2Fg%2F11b8v9pzm1!19sChIJ____vxXsrw0RGF4JYRdDWxQ?authuser=0&hl=en&rclk=1,EFAL Center Marrakesh,Language school,Marrakesh,+212 6 43 70 13 55,9,3.8,,,,,,,,,,
https://www.google.com/maps/place/Moukrime+Language+Center/data=!4m7!3m6!1s0xdafedd2a33618d3:0xa172ccbac0c22965!8m2!3d31.7071529!4d-7.9946344!16s%2Fg%2F11yk7pt753!19sChIJ0xg2o9Ltrw0RZSnCwLrMcqE?authuser=0&hl=en&rclk=1,Moukrime Language Center,Language school,Ouahat Sidi Brahim,+212 7 76 70 77 66,36,5,,,,,,,,,,
https://www.google.com/maps/place/WonderNest/data=!4m7!3m6!1s0xdafef9ad6d1290f:0x9487eb6f7af784e4!8m2!3d31.6308123!4d-8.005034!16s%2Fg%2F11xzjzcxxp!19sChIJDynR1prvrw0R5IT3em_rh5Q?authuser=0&hl=en&rclk=1,WonderNest,English language camp,Marrakesh,+212 6 62 18 87 88,15,5,https://wondernest.ma/,facebook.com/profile.php?id=61578894805826,instagram.com/wondernestcenter,,,,,,,
https://www.google.com/maps/place/English+Teacher/data=!4m7!3m6!1s0x64db2d5b05b68dcb:0x8d14717b9842fb9a!8m2!3d31.6548759!4d-8.0074217!16s%2Fg%2F11ytgnl8fx!19sChIJy422BVst22QRmvtCmHtxFI0?authuser=0&hl=en&rclk=1,English Teacher,English language school,Marrakesh,+212 6 70 73 66 91,0,0,https://ismailtouiltyartiste.blogspot.com/,,,,,,,,,
https://www.google.com/maps/place/Language+Center+Mabrouka/data=!4m7!3m6!1s0xdafedaaf6a23c11:0xdcfb6180f99e4033!8m2!3d31.6589734!4d-8.0326071!16s%2Fg%2F11hg92d0t0!19sChIJETyi9qrtrw0RM0Ce-YBh-9w?authuser=0&hl=en&rclk=1,Language Center Mabrouka,Language school,Marrakesh,+212 6 65 88 82 30,6,4.3,,,,,,,,,,
https://www.google.com/maps/place/English+%26+Business+Corner/data=!4m7!3m6!1s0xdafed9f3d611a21:0xecf16a49d6146fd0!8m2!3d31.6549036!4d-8.0197626!16s%2Fg%2F11mhj5sx7s!19sChIJIRphPZ_trw0R0G8U1klq8ew?authuser=0&hl=en&rclk=1,English & Business Corner,Language school,Marrakesh,+212 6 78 97 47 34,5,4.2,,,,,,,,,,
https://www.google.com/maps/place/Professional+Training+Academy/data=!4m7!3m6!1s0xdafedc92368cb93:0xb891e6dd405d78ef!8m2!3d31.6547299!4d-8.0196916!16s%2Fg%2F11ffl_s128!19sChIJk8toI8ntrw0R73hdQN3mkbg?authuser=0&hl=en&rclk=1,Professional Training Academy,Language school,Marrakesh,+212 8 08 57 61 56,3,3.7,,,,,,,,,,
https://www.google.com/maps/place/M+School+Priv%C3%A9/data=!4m7!3m6!1s0x4358e7dae5c5192d:0x5a57aa5cad4d18c9!8m2!3d31.6458251!4d-8.0099579!16s%2Fg%2F11zcd0xj_s!19sChIJLRnF5drnWEMRyRhNrVyqV1o?authuser=0&hl=en&rclk=1,M School Privé,Language school,Marrakesh,+212 6 68 38 44 13,5,5,https://mschoolprive.com/,facebook.com/m.schoolprive%20,instagram.com/m.schoolprive,,linkedin.com/company/m-school-priv%C3%A9,,,,"contact@mschoolprive.com, developpement@212communication.com", 
https://www.google.com/maps/place/English-4-You/data=!4m7!3m6!1s0x23ad9466cb357169:0x244c7aa4518718f9!8m2!3d31.6346214!4d-8.0078531!16s%2Fg%2F11tgg0_t02!19sChIJaXE1y2aUrSMR-RiHUaR6TCQ?authuser=0&hl=en&rclk=1,English-4-You,English language school,Marrakesh,+212 6 71 65 83 44,0,0,,,,,,,,,,
https://www.google.com/maps/place/Uspeak/data=!4m7!3m6!1s0xdafe9d181b175a9:0xfad02972f611235e!8m2!3d31.6344641!4d-8.0599717!16s%2Fg%2F11fkq2r2h1!19sChIJqXWxgdHprw0RXiMR9nIp0Po?authuser=0&hl=en&rclk=1,Uspeak,Language school,Marrakesh,+212 6 20 33 99 11,0,0,,,,,,,,,,
https://www.google.com/maps/place/Glc/data=!4m7!3m6!1s0xdafed83f91c0841:0x8dd1c42f9579204d!8m2!3d31.6618363!4d-8.0019579!16s%2Fg%2F11sh0dld2c!19sChIJQQgc-YPtrw0RTSB5lS_E0Y0?authuser=0&hl=en&rclk=1,Glc,English language school,Marrakesh,+212 5 24 29 34 11,15,4.6,,,,,,,,,,
https://www.google.com/maps/place/%E2%B5%9C%E2%B4%B0%E2%B5%8E%E2%B4%B7%E2%B5%89%E2%B5%8F%E2%B5%9C+%E2%B5%8F+%E2%B5%9C%E2%B5%93%E2%B5%9C%E2%B5%8D%E2%B4%B0%E2%B5%A2%E2%B5%89%E2%B5%8F+%E2%B4%B7+%E2%B5%9C%E2%B4%B7%E2%B5%8D%E2%B5%99%E2%B5%89%E2%B5%A1%E2%B5%89%E2%B5%8F/data=!4m7!3m6!1s0xdafefcfa60eebb7:0xb9c8540f718a93dc!8m2!3d31.6468253!4d-8.0022208!16s%2Fg%2F11rjktw0nv!19sChIJt-sOps_vrw0R3JOKcQ9UyLk?authuser=0&hl=en&rclk=1,ⵜⴰⵎⴷⵉⵏⵜ ⵏ ⵜⵓⵜⵍⴰⵢⵉⵏ ⴷ ⵜⴷⵍⵙⵉⵡⵉⵏ,Language school,Marrakesh,+212 6 55 94 43 40,3,5,https://cilcucam.odoo.com/,,instagram.com/cilc_uca?utm_source=qr&igsh=MWZnbGZscDBjMmt5bg==,,linkedin.com/company/cit%C3%A9-des-langues-et-des-cultures,,,,infoclc@uca.ac.ma,
"https://www.google.com/maps/place/Oxford+Language+Centre,+OLC+Marrakesh/data=!4m7!3m6!1s0xdafefd21aa48eeb:0xf9b094998bd7ac8e!8m2!3d31.63794!4d-8.016541!16s%2Fg%2F11sx0bwp3s!19sChIJ646kGtLvrw0RjqzXi5mUsPk?authuser=0&hl=en&rclk=1","Oxford Language Centre, OLC Marrakesh",English language school,Marrakesh,+212 6 00 60 07 51,8,4.8,,,,,,,,,,
https://www.google.com/maps/place/The+British+Language+centre+Marrakech/data=!4m7!3m6!1s0xdafebe6cea542b9:0x166a4fa09088929b!8m2!3d31.6539199!4d-8.0516271!16s%2Fg%2F11q29lqxb3!19sChIJuUKlzubrrw0Rm5KIkKBPahY?authuser=0&hl=en&rclk=1,The British Language centre Marrakech,English language school,Marrakesh,+212 6 88 10 05 00,14,3.9,,,,,,,,,,
https://www.google.com/maps/place/2CL+MARRAKESH+%28Centre+de+Chinois+Mandarin%29/data=!4m7!3m6!1s0xdafeffb2481e423:0xc7389e5e782eff92!8m2!3d31.6478608!4d-8.0010103!16s%2Fg%2F11mq3h3vr1!19sChIJI-SBJPvvrw0Rkv8ueF6eOMc?authuser=0&hl=en&rclk=1,2CL MARRAKESH (Centre de Chinois Mandarin),Chinese language school,Marrakesh,+212 5 24 33 11 77,15,4.7,https://2clmarrakesh.com/,facebook.com/2clmarrakech,instagram.com/2clmarrakesh,,,,,wa.me/212606808111,,
https://www.google.com/maps/place/Clm+Prive/data=!4m7!3m6!1s0xdafe96ba2b6ee47:0xc7461c4bae1602b5!8m2!3d31.6300567!4d-8.0485073!16s%2Fg%2F11tjmrc4fz!19sChIJR-62omvprw0RtQIWrkscRsc?authuser=0&hl=en&rclk=1,Clm Prive,German language school,Marrakesh,+212 7 17 47 15 60,2,5,,,,,,,,,,
https://www.google.com/maps/place/California+Center/data=!4m7!3m6!1s0xdae3de4626cce2f:0x3fbc968e6aa706aa!8m2!3d31.542054!4d-8.7689427!16s%2Fg%2F11rc71q_b2!19sChIJL85sYuQ9rg0Rqganao6WvD8?authuser=0&hl=en&rclk=1,California Center,Language school,Shishawa,+212 6 43 34 30 59,0,0,,,,,,,,,,
https://www.google.com/maps/place/Modernus+English+Center/data=!4m7!3m6!1s0xda7d3f946be1551:0x651e6dee26fc3b01!8m2!3d33.5673494!4d-7.6445625!16s%2Fg%2F11l73z1b6n!19sChIJURW-RvnTpw0RATv8Ju5tHmU?authuser=0&hl=en&rclk=1,Modernus English Center,English language school,Casablanca,+212 5 22 39 24 86,188,5,https://modernus.ma/,facebook.com/profile.php?id=61568917523745,instagram.com/modernus.english.center,,linkedin.com/company/modernus-english,youtube.com/@ModernusEnglishCenter,tiktok.com/@modernus.english.center,wa.me/+212679895032,,
https://www.google.com/maps/place/Studyarabic+-+Marrakech/data=!4m7!3m6!1s0xdafec2438bdafd1:0xf0ffdad346c62899!8m2!3d31.6568789!4d-8.0174663!16s%2Fg%2F11cs2w23cr!19sChIJ0a-9OCTsrw0RmSjGRtPa__A?authuser=0&hl=en&rclk=1,Studyarabic - Marrakech,Language school,Marrakesh,+212 6 72 86 90 36,59,4.8,https://www.studyarabicmarrakech.com/,facebook.com/studyarabicmarrakech,,,,youtube.com/embed/KB9KdgaeYT8?enablejsapi=1&start=0&rel=0&showinfo=0&iv_load_policy=3&modestbranding=1,,,khalid@studyarabicmarrakech.com, 
https://www.google.com/maps/place/Realang+Language+Center+%D9%85%D8%B1%D9%83%D8%B2+%D8%B1%D9%8A%D9%84%D8%A7%D9%86%D9%83+%D9%84%D9%84%D8%BA%D8%A7%D8%AA+%D9%88%D8%A7%D9%84%D8%AA%D9%88%D8%A7%D8%B5%D9%84%E2%80%AD/data=!4m7!3m6!1s0xdb3d78c9091a1c5:0xeb2e729909112c18!8m2!3d30.3927931!4d-9.2139103!16s%2Fg%2F11dxc221bd!19sChIJxaGRkIzXsw0RGCwRCZlyLus?authuser=0&hl=en&rclk=1,Realang Language Center مركز ريلانك للغات والتواصل,Language school,Ouled-Teima,+212 6 12 12 61 04,1,5,,,,,,,,,,
https://www.google.com/maps/place/English+Communication+With+Yousra/data=!4m7!3m6!1s0x6cc3f31a80568443:0x340dd5913babb5b0!8m2!3d31.6346214!4d-8.0078531!16s%2Fg%2F11t3_crfjr!19sChIJQ4RWgBrzw2wRsLWrO5HVDTQ?authuser=0&hl=en&rclk=1,English Communication With Yousra,Language school,Marrakesh,+212 6 75 04 72 05,0,0,,,,,,,,,,
https://www.google.com/maps/place/Learn+Language+With+Salasia/data=!4m7!3m6!1s0x65d8de01660ce52d:0x5f65262e965fb1e8!8m2!3d33.0975153!4d-7.4666906!16s%2Fg%2F11v6nxfs86!19sChIJLeUMZgHe2GUR6LFfli4mZV8?authuser=0&hl=en&rclk=1,Learn Language With Salasia,Language school,Foqra Oulad Aameur,+212 6 94 57 21 40,0,0,,,,,,,,,,
https://www.google.com/maps/place/The+EEIC+English+Institute/data=!4m7!3m6!1s0x84c4e172b36801bb:0x242cecfafe6641b9!8m2!3d14.2580229!4d25.0125937!16s%2Fg%2F11s61k84hv!19sChIJuwFos3LhxIQRuUFm_vrsLCQ?authuser=0&hl=en&rclk=1,The EEIC English Institute,English language school,Kutum - كتم,+212 6 89 75 91 45,0,0,,,,,,,,,,
https://www.google.com/maps/place/English+for+all+purposes/data=!4m7!3m6!1s0xdaf95c3b97d918f:0x39d3137a6778892f!8m2!3d31.7518051!4d-8.1066017!16s%2Fg%2F11k_ztpvt7!19sChIJj5F9ucOVrw0RL4l4Z3oT0zk?authuser=0&hl=en&rclk=1,English for all purposes,English language school,Harbil حربيل,+212 6 72 58 10 50,0,0,,,,,,,,,,
https://www.google.com/maps/place/French+Institute+D%27essaouira/data=!4m7!3m6!1s0xdad9bcdba2c1b5d:0x3dd4c02decbce225!8m2!3d31.5141074!4d-9.7717125!16s%2Fg%2F1tgyy1r4!19sChIJXRssus2brQ0RJeK87C3A1D0?authuser=0&hl=en&rclk=1,French Institute D'essaouira,Language school,Essaouira,+212 5 24 47 61 97,71,4.3,https://if-maroc.org/essaouira/,facebook.com/Institut.Francais.Essaouira,instagram.com/ifessaouira,,linkedin.com/company/34754909,youtube.com/ifmaroc,,wa.me/212662466264,,
https://www.google.com/maps/place/International+Centre+And+Communication+Language/data=!4m7!3m6!1s0xda7abe1926a4ba5:0x85714a76009b076f!8m2!3d33.625728!4d-7.131353!16s%2Fg%2F11fn4nt647!19sChIJpUtqkuGrpw0RbwebAHZKcYU?authuser=0&hl=en&rclk=1,International Centre And Communication Language,Foreign languages program school,Benslimane,+212 6 64 38 31 01,1,5,,,,,,,,,,
"https://www.google.com/maps/place/Cambridge+English+Language+Academy/@34.2616384,-6.5908869,17z/data=!3m1!4b1!4m6!3m5!1s0xda759e8f1ebf3bb:0x9dd635b69d69cc39!8m2!3d34.2616384!4d-6.5908869!16s%2Fg%2F11csqdjdnx?hl=en&entry=ttu&g_ep=EgoyMDI2MDgxMi4wIKXMDSoASAFQAw%3D%3D",Cambridge English Language Academy,English language school,Kenitra,+212 6 91 61 01 10,12,5,,,,,,,,,,
https://www.google.com/maps/place/Ziri+Center/data=!4m7!3m6!1s0xd787b898ad6a6b3:0x9c8d8bda2740226d!8m2!3d34.6584327!4d-1.9189479!16s%2Fg%2F11f5tc6v67!19sChIJs6bWiol7eA0RbSJAJ9qLjZw?authuser=0&hl=en&rclk=1,Ziri Center,Language school,Oujda,+212 5 36 53 40 45,141,5,,,,,,,,,,
https://www.google.com/maps/place/Overall+American+Language+Academy/data=!4m7!3m6!1s0xda7d3c127ee58dd:0x441fe033ec1bd236!8m2!3d33.5722382!4d-7.6470681!16s%2Fg%2F11vydyb8fy!19sChIJ3VjuJ8HTpw0RNtIb7DPgH0Q?authuser=0&hl=en&rclk=1,Overall American Language Academy,Language school,Casablanca,+212 5 22 23 20 50,20,4.6,,,,,,,,,,
https://www.google.com/maps/place/English+Language+Center+%7C+Dar+America+English+Communication/data=!4m7!3m6!1s0xda7d3f4e7d18007:0xf57f563156903d0f!8m2!3d33.5914284!4d-7.614121!16s%2Fg%2F11vqhrmndv!19sChIJB4DR5_TTpw0RDz2QVjFWf_U?authuser=0&hl=en&rclk=1,English Language Center | Dar America English Communication,English language school,Casablanca,+212 6 24 74 17 62,85,4.9,https://dar-america.com/,facebook.com/DarAmericaEnglishCommunication,instagram.com/dar_america_english_communicat,,linkedin.com/company/dar-america,youtube.com/@dar-america,tiktok.com/@daramericacasablnaca,wa.me/212624741762,contact@dar-america.com,
https://www.google.com/maps/place/Alalmania+Zentrum/data=!4m7!3m6!1s0xda7d39f037c55c9:0xb6d3144adc43130d!8m2!3d33.5949511!4d-7.6137556!16s%2Fg%2F11yls5pqcg!19sChIJyVV8A5_Tpw0RDRND3EoU07Y?authuser=0&hl=en&rclk=1,Alalmania Zentrum,Language school,Casablanca,+212 6 64 46 50 43,17,5,https://alalmaniazentrum.ma/,facebook.com/share/1BKZRNot9M,instagram.com/almania_zentrum?igsh=NGUxdHB0ODlrZzQ2,,,,tiktok.com/@alalmaniazentrum?_r=1&_t=ZM-91rI2ckcKxk,,"contact@alalmaniazentrum.ma, service@alalmaniazentrum.ma", 
https://www.google.com/maps/place/American+Language+Center+%28ALC-Meknes%29/data=!4m7!3m6!1s0xda044d8dfdf0ca9:0x876bb6e4442920da!8m2!3d33.8978494!4d-5.547168!16s%2Fg%2F1tdx5h2m!19sChIJqQzf39hEoA0R2iApROS2a4c?authuser=0&hl=en&rclk=1,American Language Center (ALC-Meknes),English language school,Meknes,+212 5 35 52 36 36,70,3.9,,,,,,,,,,
https://www.google.com/maps/place/British+Language+Academy/data=!4m7!3m6!1s0xda7d29b55ec4d33:0xd029da9d121944a6!8m2!3d33.5949502!4d-7.6167839!16s%2Fg%2F11cmpc75v3!19sChIJM03sVZvSpw0RpkQZEp3aKdA?authuser=0&hl=en&rclk=1,British Language Academy,Language school,Casablanca,+212 5 22 22 73 71,49,4.1,,,,,,,,,,
https://www.google.com/maps/place/Didactica+Institut+Allemand+de+Langues/data=!4m7!3m6!1s0xd787caba39ff6e1:0xd9cd5b120f4df4bd!8m2!3d34.6675279!4d-1.9064901!16s%2Fg%2F11bc73mmkv!19sChIJ4fafo6t8eA0RvfRNDxJbzdk?authuser=0&hl=en&rclk=1,Didactica Institut Allemand de Langues,Language school,Oujda,+212 5 36 70 33 33,36,4.1,,,,,,,,,,
https://www.google.com/maps/place/Cours+d%27anglais+Casablanca/data=!4m7!3m6!1s0xda7d333cd98f51f:0xedcb1d5f2e3cfc04!8m2!3d33.597866!4d-7.6369377!16s%2Fg%2F11p76td9fj!19sChIJH_WYzTPTpw0RBPw8Ll8dy-0?authuser=0&hl=en&rclk=1,Cours d'anglais Casablanca,Language school,Casablanca,+212 6 96 19 86 13,1,5,,,,,,,,,,
https://www.google.com/maps/place/Speak+Easy/data=!4m7!3m6!1s0xda7d347bcb86d93:0x2b793bc2427a29e6!8m2!3d33.5718774!4d-7.6680133!16s%2Fg%2F11h1m3wrc2!19sChIJk224vEfTpw0R5il6QsI7eSs?authuser=0&hl=en&rclk=1,Speak Easy,English language school,Casablanca,+212 5 22 39 47 70,96,4.8,https://www.speakeasy.ma/,facebook.com/speakeasycasablanca,instagram.com/speakeasycasablanca,x.com/bolt-performance?src=72&evid=,,,,,speakeasycasablanca@gmail.com, 
https://www.google.com/maps/place/Wall+Street+English+Casablanca+Morocco/data=!4m7!3m6!1s0xda7d2eb5f48ae73:0xb04ffb444a5ec02a!8m2!3d33.588816!4d-7.6349274!16s%2Fg%2F11b6hy9hcx!19sChIJc65IX-vSpw0RKsBeSkT7T7A?authuser=0&hl=en&rclk=1,Wall Street English Casablanca Morocco,English language school,Casablanca,+212 5 22 36 79 79,75,4.1,https://www.wallstreetenglish.ma/,,,,,,,,"contact@wallstreetenglish.ma, hello@walstreetenglish.ma", 
https://www.google.com/maps/place/American+House/data=!4m7!3m6!1s0xda7cd51356fdf67:0x1cca142050ad0169!8m2!3d33.592586!4d-7.5991474!16s%2Fg%2F11h_v1sl4s!19sChIJZ99vNVHNpw0RaQGtUCAUyhw?authuser=0&hl=en&rclk=1,American House,Language school,Casablanca,+212 5 20 37 87 82,46,4.9,https://american-house.org/,facebook.com/WordPresscom,instagram.com/american.house_casablanca?igsh=MWVrdWZtaXZnYjZ5ag==,,,,,,americanhouse.dir@gmail.com,
https://www.google.com/maps/place/Language+Center+%26+Communication+%2F+Centre+Socioculturel+Hay+Adil/data=!4m7!3m6!1s0xda7cd277c210c37:0x8d218fbf41da2dbf!8m2!3d33.5793994!4d-7.5683013!16s%2Fg%2F1tm6b941!19sChIJNwwhfCfNpw0Rvy3aQb-PIY0?authuser=0&hl=en&rclk=1,Language Center & Communication / Centre Socioculturel Hay Adil,Language school,Casablanca,+212 5 22 60 59 52,36,4.4,,,,,,,,,,
https://www.google.com/maps/place/%D8%B2%D8%B1%D9%82%D8%A7%D8%A1+%D8%A7%D9%84%D9%8A%D9%85%D8%A7%D9%85%D8%A9+%D9%84%D9%84%D8%BA%D8%A7%D8%AA+-+Deutschforum%E2%80%AD/data=!4m7!3m6!1s0xd9f8bda8046ad51:0x713ed4d1780efc41!8m2!3d34.0382079!4d-5.0000193!16s%2Fg%2F11h_1lby4w!19sChIJUa1GgNqLnw0RQfwOeNHUPnE?authuser=0&hl=en&rclk=1,زرقاء اليمامة للغات - Deutschforum,German language school,Fez,+212 6 60 06 62 48,4,5,,,,,,,,,,
https://www.google.com/maps/place/Goethe+german+assist+Fes/data=!4m7!3m6!1s0xd9f8b49b4eb8a2b:0x677e850c029ace8!8m2!3d34.0333184!4d-4.9963276!16s%2Fg%2F11y30f2rj8!19sChIJK4rrtEmLnw0R6KwpwFDodwY?authuser=0&hl=en&rclk=1,Goethe german assist Fes,Language school,Fez,+212 6 30 99 50 44,12,5,,,,,,,,,,
https://www.google.com/maps/place/Deutsch+Campus/data=!4m7!3m6!1s0xda76d3e1803cf2d:0x2c7547ac1e67e8c5!8m2!3d34.0148188!4d-6.8369935!16s%2Fg%2F11vhw5htcm!19sChIJLc8DGD5tpw0RxehnHqxHdSw?authuser=0&hl=en&rclk=1,Deutsch Campus,German language school,Rabat,+212 7 18 17 85 85,5,4.2,,,,,,,,,,
https://www.google.com/maps/place/Language+Center+Ucl+Deutschsprachschule/data=!4m7!3m6!1s0xd9f8bb04f211f1f:0xf90da7309fa12774!8m2!3d34.0346713!4d-4.9964521!16s%2Fg%2F11k47k_ddp!19sChIJHx8hT7CLnw0RdCehnzCnDfk?authuser=0&hl=en&rclk=1,Language Center Ucl Deutschsprachschule,German language school,Fez,+212 6 75 40 53 06,3,5,,,,,,,,,,
https://www.google.com/maps/place/Akademie+F%C3%BCr+Deutsch+Fes+Prive/data=!4m7!3m6!1s0xd9f8b4cbaace481:0xa96e15def2cd169c!8m2!3d34.0337694!4d-4.9971518!16s%2Fg%2F11z1kf9kzs!19sChIJgeSsukyLnw0RnBbN8t4Vbqk?authuser=0&hl=en&rclk=1,Akademie Für Deutsch Fes Prive,Language school,Fez,+212 6 32 21 42 39,3,5,https://allmandinocentre.github.io/Allmandino/,,instagram.com/allmandino_center?igsh=em5yOTQ4bnNkdjI3,,linkedin.com/in/center-allmandino-3b072a380,youtube.com/@allmandino?si=JOL9ZU7zYolC1Skl,,,allmandinocenter@gmail.com,
https://www.google.com/maps/place/Mlebenspracheninstitut/data=!4m7!3m6!1s0x4f048dbcafc14d57:0x8ffcb820224b95e1!8m2!3d34.0380583!4d-4.9989662!16s%2Fg%2F11yg3mygfj!19sChIJV03Br7yNBE8R4ZVLIiC4_I8?authuser=0&hl=en&rclk=1,Mlebenspracheninstitut,Language school,Fez,+212 6 32 08 91 93,20,5,,,,,,,,,,
https://www.google.com/maps/place/Sprachtreff+Akademie/data=!4m7!3m6!1s0xd9f8b71532dce5d:0xd2c54e848e99d089!8m2!3d34.0366614!4d-4.9992332!16s%2Fg%2F11vm1xkplf!19sChIJXc4tU3GLnw0RidCZjoROxdI?authuser=0&hl=en&rclk=1,Sprachtreff Akademie,German language school,Fez,+212 5 35 62 04 82,3,5,http://sprachtreff.ma/,facebook.com/profile.php?id=61550312724288,instagram.com/sprachtreff.akademie?igsh=Zmg4djVjZ2g2ZzYy,,,,,,,
https://www.google.com/maps/place/Lingua+Germania/data=!4m7!3m6!1s0xd9f8d3561f40845:0x23041997f10bed28!8m2!3d34.0318216!4d-4.9943368!16s%2Fg%2F11l2qgfvh6!19sChIJRQj0YTWNnw0RKO0L8ZcZBCM?authuser=0&hl=en&rclk=1,Lingua Germania,Language school,Fez,+212 6 21 06 68 82,4,3.8,,,,,,,,,,
"https://www.google.com/maps/place/Etudier+en+Allemagne,+Studienkolleg+Ibn+Ghazi+SIG+Fes/data=!4m7!3m6!1s0xd9f8bb66d0b26c7:0xbabecf21098aef00!8m2!3d34.0311002!4d-5.0062436!16s%2Fg%2F11lm5tc18w!19sChIJxyYLbbaLnw0RAO-KCSHPvro?authuser=0&hl=en&rclk=1","Etudier en Allemagne, Studienkolleg Ibn Ghazi SIG Fes",Language school,Fez,+212 6 66 19 33 86,2,5,https://studyingermany.ma/,facebook.com/tr?id=1536328167028730&ev=PageView&noscript=1,,,,youtube.com/embed/videoseries?list=,,wa.me/212666098722,,
https://www.google.com/maps/place/Club+de+Langues+Vivantes+CLV/data=!4m7!3m6!1s0xd9f8b4e1f6eec35:0x678154873ccfbcc3!8m2!3d34.0385935!4d-4.9982741!16s%2Fg%2F11l4yfbfv9!19sChIJNexuH06Lnw0Rw7zPPIdUgWc?authuser=0&hl=en&rclk=1,Club de Langues Vivantes CLV,Language school,Fez,+212 6 03 43 90 96,12,4.9,https://www.instagram.com/clv.fes,,instagram.com/rsrc.php/y4/r/QaBlI0OZiks.ico,,,,,,,
https://www.google.com/maps/place/%D9%85%D8%B1%D9%83%D8%B2+%D8%AA%D8%B9%D9%84%D9%85+%D8%A7%D9%84%D9%84%D8%BA%D8%A9+%D8%A7%D9%84%D8%A3%D9%84%D9%85%D8%A7%D9%86%D9%8A%D8%A9+LERN+DEUTSCH%E2%80%AD/data=!4m7!3m6!1s0xd9f8b465968e43f:0x3777b1cc79c9d420!8m2!3d34.0006299!4d-5.0106919!16s%2Fg%2F11y066x440!19sChIJP-RoWUaLnw0RINTJecyxdzc?authuser=0&hl=en&rclk=1,مركز تعلم اللغة الألمانية LERN DEUTSCH,Language school,Fez,+212 6 93 98 73 67,6,5,,,,,,,,,,
https://www.google.com/maps/place/BELA+-+British+English+Language+Academy/data=!4m7!3m6!1s0xd9f8b3ce28e02ef:0x13bc931a21e3f908!8m2!3d34.031554!4d-5.0092857!16s%2Fg%2F11n4vtbhjg!19sChIJ7wKO4jyLnw0RCPnjIRqTvBM?authuser=0&hl=en&rclk=1,BELA - British English Language Academy,English language school,Fez,+212 6 37 37 20 15,23,5,https://englishatbela.com/,facebook.com/Bela-British-English-Language-Academy,instagram.com/bela_fes,,,,,wa.me/212673732015,contact@englishatbela.com,
https://www.google.com/maps/place/DMI+-+Deutsch+Migration+Institut/data=!4m7!3m6!1s0xd9f8b32eba66e81:0xec4ba1f03e6f5515!8m2!3d34.0381974!4d-4.999139!16s%2Fg%2F11wmtjz_6f!19sChIJgW6m6zKLnw0RFVVvPvChS-w?authuser=0&hl=en&rclk=1,DMI - Deutsch Migration Institut,Language school,Fez,+212 6 72 72 51 98,6,5,https://www.dminstitut.com/,facebook.com/deutschmigrationinstitut,instagram.com/deutschmigrationinstitut,,,,tiktok.com/@deutschmigrationinstitut,wa.me/212672725198,info@dminstitut.com,
https://www.google.com/maps/place/TalkTodayUSA/data=!4m7!3m6!1s0xd9f8b07d46429f5:0xe7967fd90cd00d08!8m2!3d34.0150062!4d-5.00701!16s%2Fg%2F11c3pwpzm2!19sChIJ9Slk1AeLnw0RCA3QDNl_luc?authuser=0&hl=en&rclk=1,TalkTodayUSA,English language school,Fez,+212 6 21 22 38 78,256,4.7,https://talktodayusa.com/,facebook.com/115580199836974,instagram.com/talktodayusa,x.com/TalkTodayUSA,linkedin.com/in/jamal-morelli-630798115,youtube.com/@SidiShamharush,,,team@latofonts.com,
https://www.google.com/maps/place/Deutschlandstor+%D9%85%D8%B9%D9%87%D8%AF+%D8%A7%D9%84%D9%84%D8%BA%D8%A9+%D8%A7%D9%84%D8%A3%D9%84%D9%85%D8%A7%D9%86%D9%8A%D8%A9%E2%80%AD/data=!4m7!3m6!1s0xd9f8ba66ee71805:0x8d1a7f8f109e124e!8m2!3d34.0382039!4d-4.9989665!16s%2Fg%2F11wpntmvyg!19sChIJBRjnbqaLnw0RThKeEI9_Go0?authuser=0&hl=en&rclk=1,Deutschlandstor معهد اللغة الألمانية,Language school,Fez,+212 6 65 42 54 13,19,5,,,,,,,,,,
https://www.google.com/maps/place/Coventry+School+-+F%C3%A8s+%28Centre+de+Langue%29/data=!4m7!3m6!1s0xd9f8b3b0e77c9c3:0x8377937ea808ca44!8m2!3d34.032895!4d-4.9968882!16s%2Fg%2F11hdsf_7c4!19sChIJw8l3DjuLnw0RRMoIqH6Td4M?authuser=0&hl=en&rclk=1,Coventry School - Fès (Centre de Langue),English language school,Fez,+212 7 00 90 09 28,46,5,,,,,,,,,,
https://www.google.com/maps/place/Euroschool.2.Institut+De+Langues+Et+Mathematique/data=!4m7!3m6!1s0xd9f8a77e38676c7:0xf3e07690dd6c91eb!8m2!3d33.992848!4d-5.0593692!16s%2Fg%2F11dxjwy6y_!19sChIJx3aG43eKnw0R65Fs3ZB24PM?authuser=0&hl=en&rclk=1,Euroschool.2.Institut De Langues Et Mathematique,Language school,Fez,+212 6 67 65 90 55,5,4.6,,,,,,,,,,
https://www.google.com/maps/place/%D9%85%D8%B1%D9%83%D8%B2+%D8%AA%D8%B9%D9%84%D9%85+%D8%A7%D9%84%D9%84%D8%BA%D8%A9+%D8%A7%D9%84%D8%A3%D9%84%D9%85%D8%A7%D9%86%D9%8A%D8%A9+Deutschlernzentrum%E2%80%AD/data=!4m7!3m6!1s0xd9f8bd3393e8c83:0xf75593c347030eb6!8m2!3d34.0351696!4d-4.9996801!16s%2Fg%2F11ss9__0dy!19sChIJg4w-OdOLnw0Rtg4DR8OTVfc?authuser=0&hl=en&rclk=1,مركز تعلم اللغة الألمانية Deutschlernzentrum,German language school,Fez,+212 5 35 73 38 98,0,0,,,,,,,,,,
https://www.google.com/maps/place/Gate+of+tomorrow+Academy/data=!4m7!3m6!1s0xd9f8bd98fbe8f1f:0x384cc032724c474c!8m2!3d34.0229569!4d-5.0064425!16s%2Fg%2F11hdz9g78t!19sChIJH4--j9mLnw0RTEdMcjLATDg?authuser=0&hl=en&rclk=1,Gate of tomorrow Academy,Language school,Fez,+212 6 60 14 52 41,1,5,,,,,,,,,,
"https://www.google.com/maps/place/Jefferson+Academy+%C3%89cole+d%E2%80%99Anglais+%C3%A0+F%C3%A8s,+%C3%89cole+de+langues+%C3%A0+F%C3%A8s/data=!4m7!3m6!1s0xd9f8b05a5e99f09:0x86c9aa9d8d414c77!8m2!3d34.0129884!4d-4.982055!16s%2Fg%2F11sbdmxc6l!19sChIJCZ_ppQWLnw0Rd0xBjZ2qyYY?authuser=0&hl=en&rclk=1","Jefferson Academy École d’Anglais à Fès, École de langues à Fès",Language school,Fez,+212 6 70 87 08 41,65,4.9,https://jefferson.academy/,,,,,,,,,
https://www.google.com/maps/place/English+Highway+F%C3%A8s/data=!4m7!3m6!1s0xd9f8b1f87bb6705:0x1b1e5ba303b3d1ad!8m2!3d34.0314623!4d-5.0126944!16s%2Fg%2F11t4y9_505!19sChIJBWe7hx-Lnw0RrdGzA6NbHhs?authuser=0&hl=en&rclk=1,English Highway Fès,Language school,Fez,+212 5 35 93 19 78,26,4.8,https://eh.ma/,,,,,,,,,
https://www.google.com/maps/place/Centre+de+langues+%26+traduction+Fes/data=!4m7!3m6!1s0xd9f8b848271993d:0x5406e5b6a5db11c4!8m2!3d33.9944204!4d-5.0207818!16s%2Fg%2F11k65xtydz!19sChIJPZlxgoSLnw0RxBHbpbblBlQ?authuser=0&hl=en&rclk=1,Centre de langues & traduction Fes,Language school,Fez,+212 5 35 65 71 45,1,5,,,,,,,,,,
https://www.google.com/maps/place/Asd-Institut+Fes+%D9%85%D8%AF%D8%B1%D8%B3%D8%A9+%D8%A7%D9%84%D9%84%D8%BA%D8%A9+%D8%A7%D9%84%D8%A7%D9%84%D9%85%D8%A7%D9%86%D9%8A%D8%A9+%D9%81%D8%A7%D8%B3+Deutsch%E2%80%AD/data=!4m7!3m6!1s0xd9f8bad702d12a1:0xf66e4327788dff6a!8m2!3d34.0376077!4d-4.9991277!16s%2Fg%2F11wnzwl53v!19sChIJoRItcK2Lnw0Rav-NeCdDbvY?authuser=0&hl=en&rclk=1,Asd-Institut Fes مدرسة اللغة الالمانية فاس Deutsch,German language school,Fez,+212 6 87 31 31 78,0,0,,,,,,,,,,
https://www.google.com/maps/place/%D9%84%D9%84%D8%BA%D8%A7%D8%AA+%D9%88+%D8%A7%D9%84%D8%AA%D9%83%D9%88%D9%8A%D9%86%D8%A7%D8%AA+%D9%81%D8%B1%D8%B9+1+Uni-Perfekt+%D9%85%D8%A4%D8%B3%D8%B3%D8%A9%E2%80%AD/data=!4m7!3m6!1s0xd9f8b000e626e3f:0x33c3abcc8c0e311!8m2!3d34.0421156!4d-4.9971478!16s%2Fg%2F11w4fnv06_!19sChIJP25iDgCLnw0REePAyLw6PAM?authuser=0&hl=en&rclk=1,للغات و التكوينات فرع 1 Uni-Perfekt مؤسسة,Language school,Fez,+212 5 35 62 66 58,10,3.4,https://www.instagram.com/institut_uni_perfekt?igsh=MWQ1YXUzNzB3a3I3YQ==,,instagram.com/rsrc.php/y4/r/QaBlI0OZiks.ico,,,,,,,
https://www.google.com/maps/place/British+Language+Academy/data=!4m7!3m6!1s0xd9f8b38d9a590ad:0xeaf62a686442636!8m2!3d34.0360077!4d-4.9999247!16s%2Fg%2F11g8qqf346!19sChIJrZCl2TiLnw0RNiZEhqZirw4?authuser=0&hl=en&rclk=1,British Language Academy,Language school,Fez,+212 5 35 65 36 36,7,4.4,,,,,,,,,,
https://www.google.com/maps/place/The+Space+of+Knowledge+and+Languages/data=!4m7!3m6!1s0xd9ff5d7a398fc75:0xb9880a82d17c09e9!8m2!3d34.0527987!4d-5.0373943!16s%2Fg%2F11ll6l2q_c!19sChIJdfyYo9f1nw0R6Ql80YIKiLk?authuser=0&hl=en&rclk=1,The Space of Knowledge and Languages,Language school,Fez,+212 6 99 53 95 58,1,4,,,,,,,,,,
https://www.google.com/maps/place/Centre+De+Langues+Et+De+Soutien+L%27ETOILE/data=!4m7!3m6!1s0xd9f8b5886e92533:0xe9e86af7991f099e!8m2!3d34.0229394!4d-5.0143765!16s%2Fg%2F11h5vkxrbn!19sChIJMyXphliLnw0Rngkfmfdq6Ok?authuser=0&hl=en&rclk=1,Centre De Langues Et De Soutien L'ETOILE,French language school,Fez,+212 6 12 61 15 10,2,4.5,,,,,,,,,,
https://www.google.com/maps/place/Heitc/data=!4m7!3m6!1s0xd9f8b3145bfdd91:0x9c0b6bb4eba6ebff!8m2!3d34.045152!4d-5.0029968!16s%2Fg%2F11dx8j48_8!19sChIJkd2_RTGLnw0R_-um67RrC5w?authuser=0&hl=en&rclk=1,Heitc,Language school,Fez,+212 5 35 94 11 60,1,5,,,,,,,,,,
https://www.google.com/maps/place/Campus+School/data=!4m7!3m6!1s0xd9f8afb1c9b34d1:0x1566cd74bf291f43!8m2!3d34.0154079!4d-5.0257864!16s%2Fg%2F11b6qg6djl!19sChIJ0TSbHPuKnw0RQx8pv3TNZhU?authuser=0&hl=en&rclk=1,Campus School,Language school,Fez,+212 5 35 60 25 27,2,2.5,,,,,,,,,,
https://www.google.com/maps/place/E-Smart/data=!4m7!3m6!1s0xd9f8bd12e46becf:0xdba8c8c6e5aed9de!8m2!3d34.035978!4d-4.9966925!16s%2Fg%2F11grql65rv!19sChIJz75GLtGLnw0R3tmu5cbIqNs?authuser=0&hl=en&rclk=1,E-Smart,Language school,Fez,+212 6 80 68 33 28,5,4.8,,,,,,,,,,
https://www.google.com/maps/place/Hay+El-Fadila/data=!4m7!3m6!1s0xd9f8ba7a6416873:0x78b1fce6c7c56d24!8m2!3d34.0053374!4d-5.0054992!16s%2Fg%2F11f3vdnyxq!19sChIJc2hBpqeLnw0RJG3Fx-b8sXg?authuser=0&hl=en&rclk=1,Hay El-Fadila,Language school,Fez,+212 6 75 44 07 30,10,4.5,,,,,,,,,,
https://www.google.com/maps/place/INLAC+%28institute+for+languages+and+cultures%29/data=!4m7!3m6!1s0xd9ff4a9e1296aab:0x1986e3fa10560ac3!8m2!3d34.0594853!4d-4.9769284!16s%2Fg%2F11c564_s_v!19sChIJq2op4an0nw0RwwpWEPrjhhk?authuser=0&hl=en&rclk=1,INLAC (institute for languages and cultures),Language school,Fez,+212 5 35 63 63 84,0,0,https://inlac-institute.com/,,,,,youtube.com/watch?v=rs_jLwkLXMw,,,"info@domain.ltd, info@inlac-institute.com, support@gmail.com", 
https://www.google.com/maps/place/Skills+Developer+%26+Coaching/data=!4m7!3m6!1s0xd9f8be5641cc4ff:0x9b12bc39f38a300f!8m2!3d34.0380272!4d-4.9999676!16s%2Fg%2F11l66p4f0_!19sChIJ_8QcZOWLnw0RDzCK8zm8Eps?authuser=0&hl=en&rclk=1,Skills Developer & Coaching,Language school,Fez,+212 6 28 51 62 81,17,5,https://skillsdevelopercoaching.com/,facebook.com/profile.php?id=100089630477512,instagram.com/skillsdeveloperandcoaching?igsh=MWZ0ZHdnazlvOXlodg==,,,,,,,
https://www.google.com/maps/place/BUPS+English+Courses/data=!4m7!3m6!1s0xd9f8b3e1bfe9101:0x96cf3260b1cdb494!8m2!3d34.0187006!4d-5.0039614!16s%2Fg%2F11s8wf7mj6!19sChIJAZH-Gz6Lnw0RlLTNsWAyz5Y?authuser=0&hl=en&rclk=1,BUPS English Courses,English language school,Fez,+212 5 35 66 66 67,1,5,,,,,,,,,, 
"https://www.google.com/maps/place/Emerald+Academy.+Ecole+de+Langues.+Ecole+de+Robotique.+Centre+de+Certification.+Language+Learning+School./@33.2257543,-8.4984744,17z/data=!3m1!4b1!4m6!3m5!1s0xda91f70e8dd24b3:0x2f07945ff34bd7b0!8m2!3d33.2257543!4d-8.4984744!16s%2Fg%2F11vb4bk_3s?hl=en&entry=ttu&g_ep=EgoyMDI2MDgxMi4wIKXMDSoASAFQAw%3D%3D",Emerald Academy. Ecole de Langues. Ecole de Robotique. Centre de Certification. Language Learning School.,Language school,El Jadida,+212 6 61 46 43 08,55,4.9,https://emerald.ma/,facebook.com/share/1F5cSpSTFA/?mibextid=wwXIfr,instagram.com/emerald_academy_morocco?utm_source=qr,,linkedin.com/company/emerald-academy-morocco,,,,emerald.academy.morocco@gmail.com, 
https://www.google.com/maps/place/Institute+C%C3%A9sar+Berrechid/data=!4m7!3m6!1s0xda63cef74237969:0x8aa61d2fcbbf409a!8m2!3d33.2643306!4d-7.5818358!16s%2Fg%2F11cjp6km51!19sChIJaXkjdO88pg0RmkC_yy8dpoo?authuser=0&hl=en&rclk=1,Institute César Berrechid,Language school,Berrechid,+212 7 74 78 69 27,26,4.5,,,,,,,,,,
https://www.google.com/maps/place/%D9%85%D8%B1%D9%83%D8%B2+%D8%A7%D9%84%D9%84%D8%BA%D8%A7%D8%AA+%D9%88+%D8%A7%D9%84%D8%AF%D8%B9%D9%85+%2F+%D8%A7%D9%84%D9%85%D8%AC%D8%A8%D8%B1%E2%80%AD/data=!4m7!3m6!1s0xda63d1ddd07e571:0x8a6e8c2129d24298!8m2!3d33.2628546!4d-7.5708862!16s%2Fg%2F11msd80kvb!19sChIJceUH3R09pg0RmELSKSGMboo?authuser=0&hl=en&rclk=1,مركز اللغات و الدعم / المجبر,Language school,Berrechid,+212 6 61 80 35 27,2,5,,,,,,,,,,
https://www.google.com/maps/place/The+British+Language+Academy/data=!4m7!3m6!1s0xda63c8d724704bd:0xe465eb1f0ffe940!8m2!3d33.276498!4d-7.5769698!16s%2Fg%2F11cmpf_nkt!19sChIJvQRHco08pg0RQOn_8LFeRg4?authuser=0&hl=en&rclk=1,The British Language Academy,Language school,Berrechid,+212 5 22 32 73 74,40,4.4,,,,,,,,,,
https://www.google.com/maps/place/Winners+Academy+Berrechid/data=!4m7!3m6!1s0xda63de510a9fd2d:0xe7aefad76d5598ce!8m2!3d33.2636462!4d-7.5815418!16s%2Fg%2F11mfwr7gff!19sChIJLf2pEOU9pg0RzphVbdf6ruc?authuser=0&hl=en&rclk=1,Winners Academy Berrechid,Language school,Berrechid,+212 7 00 29 01 00,3,5,,,,,,,,,,
https://www.google.com/maps/place/Victory+Partners/data=!4m7!3m6!1s0xda63dee592002cd:0xf952403729789b3b!8m2!3d33.2636601!4d-7.5815144!16s%2Fg%2F11g4cztpgs!19sChIJzQIgWe49pg0RO5t4KTdAUvk?authuser=0&hl=en&rclk=1,Victory Partners,Language school,Berrechid,+212 5 22 03 04 99,5,4.6,,,,,,,,,,
https://www.google.com/maps/place/English+Club/data=!4m7!3m6!1s0xda63dfa867e9d6f:0x231abf0015fa98fd!8m2!3d33.2754035!4d-7.5824698!16s%2Fg%2F11lbzh7yzj!19sChIJb51-hvo9pg0R_Zj6FQC_GiM?authuser=0&hl=en&rclk=1,English Club,English language school,Berrechid,+212 6 40 80 33 51,16,4.1,,,,,,,,,,
https://www.google.com/maps/place/Language+Center+Lingualand/data=!4m7!3m6!1s0xda63dca86b01df7:0xb4053809dcfae4ab!8m2!3d33.2673854!4d-7.5820627!16s%2Fg%2F11f61sb2th!19sChIJ9x2whso9pg0Rq-T63Ak4BbQ?authuser=0&hl=en&rclk=1,Language Center Lingualand,Language school,Berrechid,+212 5 22 32 47 95,2,3,,,,,,,,,,
https://www.google.com/maps/place/centre+de+langues+ESB/data=!4m7!3m6!1s0xda63dbef3cbfe1f:0x9be8e10d4806d64b!8m2!3d33.2676619!4d-7.5852472!16s%2Fg%2F11h06xxnrt!19sChIJH_7L8749pg0RS9YGSA3h6Js?authuser=0&hl=en&rclk=1,centre de langues ESB,Language school,Berrechid,+212 5 22 51 60 18,6,5,,,,,,,,,,
https://www.google.com/maps/place/Center+Language+Bouchbaik/data=!4m7!3m6!1s0xda63ce86534f26f:0x8d42d40c7fcf5a5!8m2!3d33.263654!4d-7.5876604!16s%2Fg%2F11h9_zsh53!19sChIJb_I0Zeg8pg0RpfX8x0At1Ag?authuser=0&hl=en&rclk=1,Center Language Bouchbaik,Language school,Berrechid,+212 5 22 32 77 78,3,5,,,,,,,,,,
https://www.google.com/maps/place/Perfekt+Deutsch+Akademie/data=!4m7!3m6!1s0xda7cb9ea80a72bb:0x76c6a331533f98fd!8m2!3d33.5948169!4d-7.517955!16s%2Fg%2F11zh69bsnk!19sChIJu3IKqJ7Lpw0R_Zg_UzGjxnY?authuser=0&hl=en&rclk=1,Perfekt Deutsch Akademie,Language school,Casablanca,+212 7 72 12 87 68,6,5,https://www.pdakademie.ma/,,instagram.com/pdakademie,,,,tiktok.com/@pdakademie,wa.me/212772128768,contact@pdakademie.ma,
https://www.google.com/maps/place/Exchange+Lab/data=!4m7!3m6!1s0xda7d29e7c47022f:0x1b55f0b2a7b24c58!8m2!3d25.45795!4d-26.4286261!16s%2Fg%2F11f1wg970c!19sChIJLwJHfJ7Spw0RWEyyp7LwVRs?authuser=0&hl=en&rclk=1,Exchange Lab,Language school,,+212 6 63 24 48 41,219,4.8,,,,,,,,,,
https://www.google.com/maps/place/Cours+de+Hollandais%2FN%C3%A9erlandais+Casablanca+%2F+Dutch+lessons+Casablanca/data=!4m7!3m6!1s0x2dab0b9be3641e7f:0xfd3bf59c013e361!8m2!3d33.5722875!4d-7.5869925!16s%2Fg%2F11yszcp8zk!19sChIJfx5k45sLqy0RYeMTwFm_0w8?authuser=0&hl=en&rclk=1,Cours de Hollandais/Néerlandais Casablanca / Dutch lessons Casablanca,Language school,Casablanca,+212 6 60 26 36 59,1,5,https://www.apprentus.com/en/login,facebook.com/Apprentus,instagram.com/apprentus.en,twitter.com/apprentus,linkedin.com/company/apprentus,youtube.com/user/ApprentusVideos,,,,
https://www.google.com/maps/place/School+Canadian/data=!4m7!3m6!1s0xda63b81ff34ee5d:0xd416250bd9c5e20c!8m2!3d33.3879196!4d-7.531315!16s%2Fg%2F11sk87d86k!19sChIJXe40_4E7pg0RDOLF2QslFtQ?authuser=0&hl=en&rclk=1,School Canadian,French language school,Deroua,+212 6 61 38 51 99,2,4.5,,,,,,,,,,
https://www.google.com/maps/place/German+Dream+Language+School/data=!4m7!3m6!1s0x8a74c16f3b76a891:0xfbdd4a66e94ce18a!8m2!3d31.8008346!4d-7.1513478!16s%2Fg%2F11z5rlt0y3!19sChIJkah2O2_BdIoRiuFM6WZK3fs?authuser=0&hl=en&rclk=1,German Dream Language School,Foreign languages program school,Assahrij,+212 6 02 58 46 50,1,5,,,,,,,,,,
https://www.google.com/maps/place/Germania+Center/data=!4m7!3m6!1s0xda7cd79c4499bcf:0x1a9b76da31ff5ca8!8m2!3d33.5722875!4d-7.5869925!16s%2Fg%2F11hf61y8g1!19sChIJz5tJxHnNpw0RqFz_Mdp2mxo?authuser=0&hl=en&rclk=1,Germania Center,Language school,Casablanca,+212 6 63 63 55 62,208,4.4,https://germaniacenter.com/,facebook.com/GermaniaCenter,,,,,,,"germaniacenter.ma@gmail.com, hello@dream-theme.com, help@dream-theme.com, work@dream-theme.com", 
https://www.google.com/maps/place/Isflt/data=!4m7!3m6!1s0xd9e17c48f46ee99:0xd1c591bff0dfd3df!8m2!3d34.2252879!4d-4.0082819!16s%2Fg%2F11j0j1mqs1!19sChIJme5Gj8QXng0R39Pf8L-RxdE?authuser=0&hl=en&rclk=1,Isflt,Language school,Taza,+212 6 73 41 46 67,29,4.7,https://isflt.com,"facebook.com/&quot;]}],[0,{&quot;svg&quot;:[0,&quot;&lt;svg","instagram.com/&quot;]}],[0,{&quot;svg&quot;:[0,&quot;&lt;svg",,,youtube.com/@HakimISFLT,,,,
https://www.google.com/maps/place/HORIZON+ENGLISH+CENTER/data=!4m7!3m6!1s0xd9e17505896dd97:0x51d2f20714082ab6!8m2!3d34.2139045!4d-4.0127167!16s%2Fg%2F11gbkxttzw!19sChIJl92WWFAXng0RtioIFAfy0lE?authuser=0&hl=en&rclk=1,HORIZON ENGLISH CENTER,Language school,Taza,+212 5 35 28 54 86,23,4.7,,,,,,,,,,
https://www.google.com/maps/place/Centre+Eva/data=!4m7!3m6!1s0xd9f8b1bf372de35:0xa0ced83002f07499!8m2!3d34.2216826!4d-4.0109865!16s%2Fg%2F11wv2btfh4!19sChIJNd5y8xuLnw0RmXTwAjDYzqA?authuser=0&hl=en&rclk=1,Centre Eva,Language school,Taza,+212 6 24 15 20 52,0,0,,,,,,,,,,
https://www.google.com/maps/place/Hamza-rami/data=!4m7!3m6!1s0xd9e171058163b21:0x3cb58d30b0726bf6!8m2!3d34.2179717!4d-4.0177129!16s%2Fg%2F11j32x898p!19sChIJITsWWBAXng0R9mtysDCNtTw?authuser=0&hl=en&rclk=1,Hamza-rami,English language school,Taza,+212 6 78 13 71 92,0,0,,,,,,,,,,
https://www.google.com/maps/place/American+Language+Center+Larache/data=!4m7!3m6!1s0xd0bc90fd0c95433:0x1ca187c7bd66a944!8m2!3d35.1929224!4d-6.1496621!16s%2Fg%2F11qbv6dbc8!19sChIJM1TJ0A_JCw0RRKlmvceHoRw?authuser=0&hl=en&rclk=1,American Language Center Larache,English language school,Larache العرائش,+212 6 75 74 72 76,10,4.7,,,,,,,,,,
https://www.google.com/maps/place/Aljisr+English+Institute/data=!4m7!3m6!1s0xd0bcf0c1fc1fbab:0xcdb0449b0c2e25fc!8m2!3d35.1911745!4d-6.1550044!16s%2Fg%2F11h8b3zlf1!19sChIJq_vBHwzPCw0R_CUuDJtEsM0?authuser=0&hl=en&rclk=1,Aljisr English Institute,English language school,Larache العرائش,+212 6 20 60 91 30,6,5,,,,,,,,,,
https://www.google.com/maps/place/EduPlus+Center+:+Centre+des+Langues+%26+Soutien+Scolaire/data=!4m7!3m6!1s0xd0bc9b2ddcb3c07:0x68dbf4df7d6067fc!8m2!3d35.1805134!4d-6.1421495!16s%2Fg%2F11tsl1cl8b!19sChIJBzzL3bLJCw0R_Gdgfd_022g?authuser=0&hl=en&rclk=1,EduPlus Center : Centre des Langues & Soutien Scolaire,Language school,Larache العرائش,+212 6 68 17 63 45,2,5,,,,,,,,,,
https://www.google.com/maps/place/Laramed+Private+Centre+%28CPL%29/data=!4m7!3m6!1s0xd0bc9dac799e9ff:0x5a78eae6077b3d7!8m2!3d35.1863055!4d-6.1558066!16s%2Fg%2F11x32tc4h0!19sChIJ_-mZx9rJCw0R17N3YK6OpwU?authuser=0&hl=en&rclk=1,Laramed Private Centre (CPL),Language school,Larache العرائش,+212 6 67 79 18 55,19,4.8,,,,,,,,,,
https://www.google.com/maps/place/Philomath+Language+Center/data=!4m7!3m6!1s0xd0bc92a44f689b9:0x442526d5ebaa2b9d!8m2!3d35.1889563!4d-6.1490927!16s%2Fg%2F11bbt67_hk!19sChIJuYn2RCrJCw0RnSuq69UmJUQ?authuser=0&hl=en&rclk=1,Philomath Language Center,Language school,Larache العرائش,+212 5 39 50 05 47,2,2.5,https://pl-center.weebly.com/,,,,,,,,,
https://www.google.com/maps/place/Institut+Rossi+De+L%27enseignement+Des+Langues+Et+De+L%27organisation+Des+Cours+De+Soutien/data=!4m7!3m6!1s0xd0bcf297222408d:0x1525d734a63beb2a!8m2!3d35.1935723!4d-6.1590436!16s%2Fg%2F11f15n1fl0!19sChIJjUAicinPCw0RKus7pjTXJRU?authuser=0&hl=en&rclk=1,Institut Rossi De L'enseignement Des Langues Et De L'organisation Des Cours De Soutien,Language school,Larache العرائش,+212 5 39 50 09 99,0,0,,,,,,,,,,
https://www.google.com/maps/place/Topo+Center/data=!4m7!3m6!1s0xd0bc9000a6b535b:0x8315fdf78e125507!8m2!3d35.1959543!4d-6.15248!16s%2Fg%2F11y6fby4q1!19sChIJW1NrCgDJCw0RB1USjvf9FYM?authuser=0&hl=en&rclk=1,Topo Center,Language school,Larache العرائش,+212 6 50 14 58 08,4,5,,,,,,,,,,
https://www.google.com/maps/place/Instituto+Cervantes+-+Larache/data=!4m7!3m6!1s0xd0bcff1ea0549a5:0x1668fc1c2cf77863!8m2!3d35.1912673!4d-6.1543441!16s%2Fg%2F11p59mn22k!19sChIJpUkF6vHPCw0RY3j3LBz8aBY?authuser=0&hl=en&rclk=1,Instituto Cervantes - Larache,Language school,Larache العرائش,+212 5 39 91 30 83,3,4.7,,,,,,,,,,
https://www.google.com/maps/place/SKILLS+%D9%85%D9%87%D8%A7%D8%B1%D8%A7%D8%AA%E2%80%AD/data=!4m7!3m6!1s0xd0bc988ea4a808d:0x168955f68f0303a5!8m2!3d35.1721387!4d-6.1487322!16s%2Fg%2F11jt09d2dg!19sChIJjYBK6ojJCw0RpQMDj_ZViRY?authuser=0&hl=en&rclk=1,SKILLS مهارات,English language school,Larache العرائش,+212 7 16 40 80 25,0,0,,,,,,,,,,
"https://www.google.com/maps/place/Centre+Allemand+Brecht/@35.1928814,-6.1498222,17z/data=!3m1!4b1!4m6!3m5!1s0xd0bc9700e4b2dc1:0xcffa5813e152612f!8m2!3d35.1928814!4d-6.1498222!16s%2Fg%2F11pcl0gshw?hl=en&entry=ttu&g_ep=EgoyMDI2MDgxMi4wIKXMDSoASAFQAw%3D%3D",Centre Allemand Brecht,German language school,Larache العرائش,+212 6 64 89 35 38,2,5,,,,,,,,,,
https://www.google.com/maps/place/French+Institute+K%C3%A9nitra/data=!4m7!3m6!1s0xda7575f7a6d3b43:0xbd4f31718c50da0a!8m2!3d34.2637782!4d-6.5768623!16s%2Fg%2F12mkw9gss!19sChIJQzttel9Xpw0RCtpQjHExT70?authuser=0&hl=en&rclk=1,French Institute Kénitra,Language school,Kenitra,+212 5 37 36 90 55,76,4,https://if-maroc.org/kenitra/,facebook.com/InstitutFrancaisDeKenitra,instagram.com/ifmkenitra,,linkedin.com/company/34754909,youtube.com/user/ifMaroc,,wa.me/212662466264,contact.kenitra@institutfrancais-maroc.com, 
"https://www.google.com/maps/place/Institut+ISLEI/@35.153726,-3.0021287,17z/data=!3m1!4b1!4m6!3m5!1s0xd77a99484fc44e3:0x6b2f673eb931dddd!8m2!3d35.153726!4d-3.0021287!16s%2Fg%2F12hsgkj7b?hl=en&entry=ttu&g_ep=EgoyMDI2MDgxMi4wIKXMDSoASAFQAw%3D%3D",Institut ISLEI,Language school,Zeghanghane ⴰⵣⵖⴰⵏⵖⴰⵏ أزغنغان,+212 5 36 35 19 87,7,4.6,,,,,,,,,,
https://www.google.com/maps/place/Speakup+Center+Tiznit/data=!4m7!3m6!1s0xdb47b7e28343a03:0x34a2eb32243dd53!8m2!3d29.690104!4d-9.7399364!16s%2Fg%2F11s7zbhgm0!19sChIJAzo0KH57tA0RU91DIrMuSgM?authuser=0&hl=en&rclk=1,Speakup Center Tiznit,Language school,Tiznit,+212 5 28 60 26 26,3,5,,,,,,,,,,
https://www.google.com/maps/place/Acadimia+Center/data=!4m7!3m6!1s0xdb47b6ab77e9501:0x58dcb09b3a383d37!8m2!3d29.6926663!4d-9.7309933!16s%2Fg%2F11gmsg65gd!19sChIJAZV-t2p7tA0RNz04Opuw3Fg?authuser=0&hl=en&rclk=1,Acadimia Center,Language school,Tiznit,+212 6 17 40 17 41,1,5,,,,,,,,,,
"https://www.google.com/maps/place/Almoltaqa,+centre+de+langues+-+%D9%85%D8%B1%D9%83%D8%B2+%D8%A7%D9%84%D9%85%D9%84%D8%AA%D9%82%D9%89+%D9%84%D9%84%D8%BA%D8%A7%D8%AA-+%D8%AA%D9%8A%D8%B2%D9%86%D9%8A%D8%AA%E2%80%AD/data=!4m7!3m6!1s0xdb47b3b1f55485d:0xbb63b0a7a5ae99be!8m2!3d29.6842561!4d-9.7269927!16s%2Fg%2F11fsjdzppd!19sChIJXUhVHzt7tA0RvpmupaewY7s?authuser=0&hl=en&rclk=1","Almoltaqa, centre de langues - مركز الملتقى للغات- تيزنيت",Language school,Tiznit,+212 6 64 67 16 10,5,4.8,,,,,,,,,,
https://www.google.com/maps/place/Sly+German+Center/data=!4m7!3m6!1s0xdb47b0d0972d36b:0x6039aca19bf9731e!8m2!3d29.692361!4d-9.7344612!16s%2Fg%2F11y9nsdwhj!19sChIJa9NyCQ17tA0RHnP5m6GsOWA?authuser=0&hl=en&rclk=1,Sly German Center,Language school,Tiznit,+212 6 08 62 47 18,1,5,,,,,,,,,,
https://www.google.com/maps/place/%C3%89cole+Maternelle+zidane/data=!4m7!3m6!1s0xdb47a1941d4d163:0xd863ac207cd0260f!8m2!3d29.6998856!4d-9.7412081!16s%2Fg%2F11cjpb62hd!19sChIJY9HUQRl6tA0RDybQfCCsY9g?authuser=0&hl=en&rclk=1,École Maternelle zidane,Language school,Tiznit,+212 6 37 33 93 13,0,0,,,,,,,,,,
https://www.google.com/maps/place/Master+English+Academy/data=!4m7!3m6!1s0xd7431680c65e1b1:0x8a05b37834ae25e9!8m2!3d35.2469175!4d-3.9361487!16s%2Fg%2F11n_yslkj8!19sChIJseFlDGgxdA0R6SWuNHizBYo?authuser=0&hl=en&rclk=1,Master English Academy,English language school,Al Hoceïma,+212 6 14 71 00 78,11,4.9,,,,,,,,,,
https://www.google.com/maps/place/Coastal+AS+Language+Institute/data=!4m7!3m6!1s0xd74318dc17823b3:0xf62ae84edc8e9595!8m2!3d35.2485418!4d-3.9307178!16s%2Fg%2F1pp2tgkkk!19sChIJsyN4wY0xdA0RlZWO3E7oKvY?authuser=0&hl=en&rclk=1,Coastal AS Language Institute,English language school,Al Hoceïma,+212 6 37 71 42 23,12,3.9,,,,,,,,,,
https://www.google.com/maps/place/Centro+Rif+Siglo+XXI/data=!4m7!3m6!1s0xd74314a48b0aaab:0xb2cc4fe3b0c9af1d!8m2!3d35.2409002!4d-3.9335666!16s%2Fg%2F11szp56xwb!19sChIJq6qwSEoxdA0RHa_JsONPzLI?authuser=0&hl=en&rclk=1,Centro Rif Siglo XXI,Language school,Al Hoceïma,+212 5 39 98 09 01,77,5,https://centrorifsiglo21.webnode.es/,,,,,,,,contacto@ejemplo.com,
https://www.google.com/maps/place/Catruat+Language+Academy/data=!4m7!3m6!1s0xd7431119ac21987:0x9457bcd64492a973!8m2!3d35.251377!4d-3.9381988!16s%2Fg%2F11zkj6rtj2!19sChIJhxnCmhExdA0Rc6mSRNa8V5Q?authuser=0&hl=en&rclk=1,Catruat Language Academy,German language school,Al Hoceïma,+212 6 89 80 66 39,0,0,,,,,,,,,,
https://www.google.com/maps/place/SAID+ELGHEZAOUY/data=!4m7!3m6!1s0xd0b2768f038360b:0xd5d6525a731b3218!8m2!3d35.1768279!4d-5.2756762!16s%2Fg%2F11vc6dr5t7!19sChIJCzY48GgnCw0RGDIbc1pS1tU?authuser=0&hl=en&rclk=1,SAID ELGHEZAOUY,English language school,Chefchaouen,+212 7 62 46 90 78,0,0,,,,,,,,,,
https://www.google.com/maps/place/Sigma/data=!4m7!3m6!1s0xdb1730b052c4f33:0x5f034bf5653a0ab3!8m2!3d30.4761606!4d-8.8771902!16s%2Fg%2F12hky20y3!19sChIJM08sBQtzsQ0Rswo6ZfVLA18?authuser=0&hl=en&rclk=1,Sigma,Language school,Taroudant,+212 5 28 85 46 21,5,4,,,,,,,,,,
https://www.google.com/maps/place/Centre+Hayane+pour+les+langues/data=!4m7!3m6!1s0xdb17308eec639f1:0x281e098b6273751f!8m2!3d30.4688672!4d-8.8767778!16s%2Fg%2F1hhhm7v_7!19sChIJ8TnG7ghzsQ0RH3VzYosJHig?authuser=0&hl=en&rclk=1,Centre Hayane pour les langues,Language school,Taroudant,+212 5 28 85 34 58,2,4,,,,,,,,,,
https://www.google.com/maps/place/ACCESS+LANGUAGE+CENTRE+-+ERRACHIDIA/data=!4m7!3m6!1s0xd984b63eb1e77ab:0x2de247b4a6d3cc1c!8m2!3d31.9381328!4d-4.4550098!16s%2Fg%2F11g_z44hqv!19sChIJq3ce62NLmA0RHMzTprRH4i0?authuser=0&hl=en&rclk=1,ACCESS LANGUAGE CENTRE - ERRACHIDIA,Language school,Errachidia,+212 6 96 67 27 57,9,4.8,https://shortest.link,,,,,,,,,
https://www.google.com/maps/place/Ela+Center+Prive/data=!4m7!3m6!1s0xd9835cbb2eeb8b1:0x36612c9a7e73d2a2!8m2!3d31.9131437!4d-4.44703!16s%2Fg%2F11rkb97ffn!19sChIJsbjusss1mA0RotJzfposYTY?authuser=0&hl=en&rclk=1,Ela Center Prive,Language school,Errachidia,+212 8 08 62 42 90,2,5,,,,,,,,,,
https://www.google.com/maps/place/CENTRE+AICHA/data=!4m7!3m6!1s0xd984bffb4ef9ad7:0x97b6ffe38c4924d5!8m2!3d31.9390514!4d-4.4529861!16s%2Fg%2F11yp_gbmgb!19sChIJ15rvtP9LmA0R1SRJjOP_tpc?authuser=0&hl=en&rclk=1,CENTRE AICHA,Language school,Errachidia,+212 7 15 37 06 31,1,5,,,,,,,,,,
https://www.google.com/maps/place/Math+Conseil/data=!4m7!3m6!1s0xd984b0040567307:0x3c4cd5962572e04!8m2!3d31.9171607!4d-4.42238!16s%2Fg%2F11vqdxc2q6!19sChIJB3NWQABLmA0RBC5XYlnNxAM?authuser=0&hl=en&rclk=1,Math Conseil,English language school,Errachidia,+212 6 06 15 51 56,0,0,,,,,,,,,,
https://www.google.com/maps/place/Ets+Almaarifa/data=!4m7!3m6!1s0xd78236401aefe03:0x9d8bc9fc219ae913!8m2!3d34.9255093!4d-2.3295538!16s%2Fg%2F11txp13fly!19sChIJA_6uAWQjeA0RE-maIfzJi50?authuser=0&hl=en&rclk=1,Ets Almaarifa,Language school,Berkane,+212 5 36 23 09 69,6,4.3,,,,,,,,,,
https://www.google.com/maps/place/Oum+El+Koura+Language+Center/data=!4m7!3m6!1s0xd78237d371fc8b3:0xeb68b2fd8157d834!8m2!3d34.9260234!4d-2.3313442!16s%2Fg%2F11bv5r9x2x!19sChIJs8gfN30jeA0RNNhXgf2yaOs?authuser=0&hl=en&rclk=1,Oum El Koura Language Center,Language school,Berkane,+212 5 36 61 02 57,32,4.6,,,,,,,,,,
https://www.google.com/maps/place/High+Up+Academy+For+English+and+Leadership/data=!4m7!3m6!1s0xd782557eb7e2357:0x297eeaf8020a7ead!8m2!3d34.9410612!4d-2.3381389!16s%2Fg%2F11h_1l5hsl!19sChIJVyN-61cleA0RrX4KAvjqfik?authuser=0&hl=en&rclk=1,High Up Academy For English and Leadership,English language school,Berkane,+212 8 08 50 31 65,60,4.8,,,,,,,,,,
https://www.google.com/maps/place/Campus+Maroc+%C3%89ducation+Academy/data=!4m7!3m6!1s0xd782576ad9d34b9:0xf125208260dd578e!8m2!3d34.9285609!4d-2.334509!16s%2Fg%2F11nc7lzh1j!19sChIJuTSdrXYleA0RjlfdYIIgJfE?authuser=0&hl=en&rclk=1,Campus Maroc Éducation Academy,Language school,Berkane,+212 6 51 24 22 99,0,0,,,,,,,,,,
https://www.google.com/maps/place/Campus+French+Language/data=!4m7!3m6!1s0xd782569ccf23089:0x417fdcdd328a41e5!8m2!3d34.9335275!4d-2.3311934!16s%2Fg%2F11y30b8zg3!19sChIJiTDyzGkleA0R5UGKMt3cf0E?authuser=0&hl=en&rclk=1,Campus French Language,Language school,Berkane,+212 5 36 61 44 45,0,0,,,,,,,,,,
https://www.google.com/maps/place/School+Descartes/data=!4m7!3m6!1s0xd782366acef2445:0x13b979cfeed1b2af!8m2!3d34.9229284!4d-2.3266514!16s%2Fg%2F11clt8rrkw!19sChIJRSTvrGYjeA0Rr7LR7s95uRM?authuser=0&hl=en&rclk=1,School Descartes,Language school,Berkane,+212 6 61 35 97 67,5,4.6,,,,,,,,,,
https://www.google.com/maps/place/Establishment+Dar+Al+Hamd/data=!4m7!3m6!1s0xd782327f92cfd67:0xedb646d6a9be230a!8m2!3d34.9269075!4d-2.3324472!16s%2Fg%2F11h6v4vs8y!19sChIJZ_0s-ScjeA0RCiO-qdZGtu0?authuser=0&hl=en&rclk=1,Establishment Dar Al Hamd,Language school,Berkane,+212 6 38 03 48 99,0,0,,,,,,,,,,
https://www.google.com/maps/place/Elgb+Sprachenzentrum/data=!4m7!3m6!1s0xd7823a69a542247:0xbc552522fe5f24e6!8m2!3d34.9213125!4d-2.3236875!16s%2Fg%2F11yk5xz8x9!19sChIJRyJUmqYjeA0R5iRf_iIlVbw?authuser=0&hl=en&rclk=1,Elgb Sprachenzentrum,Language school,Berkane,+212 7 18 87 32 52,0,0,,,,,,,,,,
https://www.google.com/maps/place/Centre+Atlantique+Formation+Inzegane/data=!4m7!3m6!1s0xdb3c778909b72dd:0xe75d7e8835fba6ab!8m2!3d30.3600386!4d-9.5344889!16s%2Fg%2F11hdz04zv3!19sChIJ3XKbkHjHsw0Rq6b7NYh-Xec?authuser=0&hl=en&rclk=1,Centre Atlantique Formation Inzegane,Language school,Inezgane,+212 5 28 33 26 27,84,4.6,,,,,,,,,,
https://www.google.com/maps/place/Eloc+International/data=!4m7!3m6!1s0x801306aee8c10d5:0xeca704f501efd98c!8m2!3d30.3720915!4d-9.5470745!16s%2Fg%2F11pd_p1vth!19sChIJ1RCM7mowAQgRjNnvAfUEp-w?authuser=0&hl=en&rclk=1,Eloc International,English language school,Dcheira El Jihadia,+212 6 04 00 72 32,25,4.7,https://www.elocinternational.com/,,,,,,,,,
https://www.google.com/maps/place/Motivadeutsch+Institut/data=!4m7!3m6!1s0xdb3c70ed952e207:0x15d0056da3071af4!8m2!3d30.3455509!4d-9.500716!16s%2Fg%2F11z926lykp!19sChIJB-JS2Q7Hsw0R9BoHo20F0BU?authuser=0&hl=en&rclk=1,Motivadeutsch Institut,Language school,Aït Melloul,+212 5 28 30 59 25,38,5,https://www.instagram.com/motivadeutschinstitut?igsh=MTBsMHA5ZGxvMXpmcg==&utm_source=qr,,instagram.com/rsrc.php/y4/r/QaBlI0OZiks.ico,,,,,,,
https://www.google.com/maps/place/Centre+Al+Raed%D9%85%D8%B1%D9%83%D8%B2+%D8%A7%D9%84%D8%B1%D8%A7%D8%A6%D8%AF+%D9%84%D9%84%D8%B9%D9%84%D9%88%D9%85+%D9%88%D8%A7%D9%84%D9%84%D8%BA%D8%A7%D8%AA%E2%80%AD/data=!4m7!3m6!1s0xdb3b7bef38df6ff:0x83f221aca094b7b6!8m2!3d30.3719019!4d-9.548009!16s%2Fg%2F11h41l3tnp!19sChIJ__aN8763sw0RtreUoKwh8oM?authuser=0&hl=en&rclk=1,Centre Al Raedمركز الرائد للعلوم واللغات,Language school,Dcheira El Jihadia,+212 5 28 27 00 02,13,4.3,,,,,,,,,,
https://www.google.com/maps/place/German+Haus+-+Agadir+Hay+Salam+Centre+D%27allemande+Agadir+German+Language+Institute+Agadir+Hay+Salam/data=!4m7!3m6!1s0xdb3b7ae01b802c5:0x143db11434d6c13d!8m2!3d30.3979492!4d-9.5489865!16s%2Fg%2F11yl64h77w!19sChIJxQK4Aa63sw0RPcHWNBSxPRQ?authuser=0&hl=en&rclk=1,German Haus - Agadir Hay Salam Centre D'allemande Agadir German Language Institute Agadir Hay Salam,German language school,Agadir,+212 7 84 65 93 34,3,5,,,,,,,,,,
https://www.google.com/maps/place/Center+Aziz+De+Soutiens+Et+Langues/data=!4m7!3m6!1s0xdb3b971f9c31d77:0x5ad66458601f5839!8m2!3d30.3531132!4d-9.5501292!16s%2Fg%2F11tcjw66_r!19sChIJdx3D-XG5sw0ROVgfYFhk1lo?authuser=0&hl=en&rclk=1,Center Aziz De Soutiens Et Langues,Language school,Inezgane,+212 7 00 93 85 83,0,0,,,,,,,,,,
https://www.google.com/maps/place/DeutschUp+Academy+-+%D9%85%D8%B9%D9%87%D8%AF+%D8%AA%D8%B9%D9%84%D9%8A%D9%85+%D8%A7%D9%84%D9%84%D8%BA%D8%A9+%D8%A7%D9%84%D8%A3%D9%84%D9%85%D8%A7%D9%86%D9%8A%D8%A9%E2%80%AD/data=!4m7!3m6!1s0xdb3b7f1f938c645:0xb33c632774b0d84f!8m2!3d30.3713845!4d-9.5501261!16s%2Fg%2F11z5r54g85!19sChIJRcY4-fG3sw0RT9iwdCdjPLM?authuser=0&hl=en&rclk=1,DeutschUp Academy - معهد تعليم اللغة الألمانية,Language school,Dcheira El Jihadia,+212 6 40 60 85 04,4,4,,,,,,,,,,
https://www.google.com/maps/place/GLS+Sprachenzentrum+-+Centre+GLS+de+langue+Allemande+Agadir.+GLS+Agadir/data=!4m7!3m6!1s0xdb3b75d3674dc17:0x6d8f9adfd62e6d3d!8m2!3d30.4017457!4d-9.5471754!16s%2Fg%2F11ych_2156!19sChIJF9x0Nl23sw0RPW0u1t-aj20?authuser=0&hl=en&rclk=1,GLS Sprachenzentrum - Centre GLS de langue Allemande Agadir. GLS Agadir,German language school,Agadir,+212 5 28 22 84 30,116,5,https://gls-sprachzentrum.ma/fr,facebook.com/gls.sale,instagram.com/gls.maroc,,,youtube.com/@9onsolsTalks,tiktok.com/@gls.sprachenzentrum?is_from_webapp=1&sender_device=pc,wa.me/212603160277,info@gls-sprachzentrum.ma,
https://www.google.com/maps/place/London+Center-+Agadir/data=!4m7!3m6!1s0xdb3b7a22f9e746d:0x1ac30651b5479ab2!8m2!3d30.3936676!4d-9.5029498!16s%2Fg%2F11rwpf2tll!19sChIJbXSeL6K3sw0RsppHtVEGwxo?authuser=0&hl=en&rclk=1,London Center- Agadir,Language school,Agadir,+212 6 33 09 16 30,64,5,,,,,,,,,,
https://www.google.com/maps/place/Your+English+Square+Yes/data=!4m7!3m6!1s0xdb3b793f3cf89f9:0x20108116554f0b59!8m2!3d30.3990117!4d-9.5487162!16s%2Fg%2F11rjv7n321!19sChIJ-YnP85O3sw0RWQtPVRaBECA?authuser=0&hl=en&rclk=1,Your English Square Yes,Language school,Agadir,+212 6 55 05 16 24,23,5,,,,,,,,,,
https://www.google.com/maps/place/MDK/data=!4m7!3m6!1s0xdb3b75790dcd579:0xc462dffd94198de2!8m2!3d30.4030042!4d-9.5498693!16s%2Fg%2F11tsn2yp7m!19sChIJedXckFe3sw0R4o0ZlP3fYsQ?authuser=0&hl=en&rclk=1,MDK,German language school,Agadir,+212 6 64 37 37 12,21,4.6,,,,,,,,,,
https://www.google.com/maps/place/Institut+Kiel+Allemand+Des+Langues/data=!4m7!3m6!1s0xdb3c9b16d4c0203:0xa86a433e928d157a!8m2!3d30.3950968!4d-9.536969!16s%2Fg%2F11g4fdkgtz!19sChIJAwJMbbHJsw0RehWNkj5Daqg?authuser=0&hl=en&rclk=1,Institut Kiel Allemand Des Langues,German language school,Agadir,+212 5 28 32 14 86,30,4.1,,,,,,,,,,
https://www.google.com/maps/place/LOUTFI-ACADEMY+%C3%89COLE+ALLEMANDE/data=!4m7!3m6!1s0xdb3b7aa4c4f0029:0x4642dcd60905d838!8m2!3d30.3997241!4d-9.551801!16s%2Fg%2F11x0nsc4kd!19sChIJKQBPTKq3sw0RONgFCdbcQkY?authuser=0&hl=en&rclk=1,LOUTFI-ACADEMY ÉCOLE ALLEMANDE,Language school,Agadir,+212 6 26 54 81 92,10,5,https://www.loutfi-academy.com/en,facebook.com/traume.schone.98,instagram.com/brandenburgmarokko,x.com/bolt-performance?src=72&evid=,,youtube.com/user/loutfi300,,,"contact@loutfi-academy.com, info@loutfi-academy.com", 
https://www.google.com/maps/place/INSTITUT+BERLINGUA/data=!4m7!3m6!1s0xdb3b7ce6bc78b63:0x7392bbc0eaf00d0d!8m2!3d30.4022427!4d-9.5490995!16s%2Fg%2F11p09mgj79!19sChIJY4vHa863sw0RDQ3w6sC7knM?authuser=0&hl=en&rclk=1,INSTITUT BERLINGUA,Language school,Agadir,+212 6 07 04 35 38,3,3.7,,,,,,,,,,
https://www.google.com/maps/place/Center+Med+El+Asri+%D9%85%D8%B1%D9%83%D8%B2+%D8%A7%D9%84%D8%AF%D8%B9%D9%85+%D9%88%D8%A7%D9%84%D9%84%D8%BA%D8%A7%D8%AA+%D9%85%D8%AD%D9%85%D8%AF+%D8%A7%D9%84%D8%B9%D8%B3%D8%B1%D9%8A%E2%80%AD/data=!4m7!3m6!1s0xdb3b9293462b67d:0xedc59fa811cb35de!8m2!3d30.3540979!4d-9.5476214!16s%2Fg%2F11ry6_q8d4!19sChIJfbZiNCm5sw0R3jXLEaifxe0?authuser=0&hl=en&rclk=1,Center Med El Asri مركز الدعم واللغات محمد العسري,Language school,Inezgane,+212 6 76 95 94 88,3,5,,,,,,,,,,
https://www.google.com/maps/place/CENTRE+SMART+START/data=!4m7!3m6!1s0xdb3c79d2221c601:0x39ed4f5d8c4861a6!8m2!3d30.3286344!4d-9.5082791!16s%2Fg%2F11l4p_1254!19sChIJAcYhIp3Hsw0RpmFIjF1P7Tk?authuser=0&hl=en&rclk=1,CENTRE SMART START,Language school,Aït Melloul,+212 6 34 93 25 31,1,3,,,,,,,,,,
https://www.google.com/maps/place/Centre+Salam+%D9%85%D8%B1%D9%83%D8%B2+%D8%B3%D9%84%D8%A7%D9%85+%D8%A7%D9%84%D9%82%D8%AF%D8%B3%E2%80%AD/data=!4m7!3m6!1s0xdb3b62e0a2d608d:0x1e29675805c2d89!8m2!3d30.4132734!4d-9.5549152!16s%2Fg%2F1jgm3qxk2!19sChIJjWAtCi62sw0RiS1cgHWW4gE?authuser=0&hl=en&rclk=1,Centre Salam مركز سلام القدس,Language school,Agadir,+212 6 73 65 48 35,11,3.1,,,,,,,,,,
https://www.google.com/maps/place/Overall+Voice+English+Center/data=!4m7!3m6!1s0xdb3c74b23b19fb5:0xcafc26f48807c09f!8m2!3d30.3502644!4d-9.5430888!16s%2Fg%2F11sgwwl3lj!19sChIJtZ-xI0vHsw0Rn8AHiPQm_Mo?authuser=0&hl=en&rclk=1,Overall Voice English Center,English language school,Inezgane,+212 7 77 99 45 14,2,5,,,,,,,,,,
https://www.google.com/maps/place/Master+Language+Center/data=!4m7!3m6!1s0xdb3b793e87e612f:0x76d8546a99b73e90!8m2!3d30.3715941!4d-9.545428!16s%2Fg%2F11lfcxxtth!19sChIJL2F-6JO3sw0RkD63mWpU2HY?authuser=0&hl=en&rclk=1,Master Language Center,Language school,Dcheira El Jihadia,+212 5 25 03 14 96,0,0,,,,,,,,,,
https://www.google.com/maps/place/Edugate+English+Language+School+-+Agadir+-+%D9%85%D8%B1%D9%83%D8%B2+%D8%AA%D8%AF%D8%B1%D9%8A%D8%B3+%D8%A7%D9%84%D9%84%D8%BA%D8%A9+%D8%A7%D9%84%D8%A5%D9%86%D8%AC%D9%84%D9%8A%D8%B2%D9%8A%D8%A9%E2%80%AD/data=!4m7!3m6!1s0xdb3b7e45c5bbab1:0xe8ef8396cf74fb01!8m2!3d30.4101027!4d-9.5551661!16s%2Fg%2F11l6lgm5_y!19sChIJsbpbXOS3sw0RAft0z5aD7-g?authuser=0&hl=en&rclk=1,Edugate English Language School - Agadir - مركز تدريس اللغة الإنجليزية,English language school,Agadir,+212 5 25 34 87 01,60,4.9,https://edugate.ma/,facebook.com/profile.php?id=61553818912141,instagram.com/edugate.school,,linkedin.com/company/edugatema,,,wa.me/212780450054,,
https://www.google.com/maps/place/Skills+Academy+Agadir/data=!4m7!3m6!1s0x43a566a2e8fad0c5:0xd99cc8992bf38569!8m2!3d31.8008346!4d-7.1513478!16s%2Fg%2F11x_6rrmg7!19sChIJxdD66KJmpUMRaYXzK5nInNk?authuser=0&hl=en&rclk=1,Skills Academy Agadir,Language school,Assahrij,+212 6 99 77 63 71,0,0,,,,,,,,,,
https://www.google.com/maps/place/Loutfi+Academy/data=!4m7!3m6!1s0x5ef615164c0549:0x1d714ca9c89ca084!8m2!3d30.419747!4d-9.5777446!16s%2Fg%2F11kqdkxm88!19sChIJSQVMFhX2XgARhKCcyKlMcR0?authuser=0&hl=en&rclk=1,Loutfi Academy,Language school,Agadir,+212 5 26 40 40 48,3,2.3,https://www.loutfi-academy.com/en,facebook.com/traume.schone.98,instagram.com/brandenburgmarokko,x.com/bolt-performance?src=72&evid=,,youtube.com/user/loutfi300,,,"contact@loutfi-academy.com, info@loutfi-academy.com", 
"https://www.google.com/maps/place/Cours+D%27anglais,+Fran%C3%A7ais+Et+%C3%89ducation+Islamique./data=!4m7!3m6!1s0xa0f4a6150e882637:0x859355214d48748b!8m2!3d31.8008346!4d-7.1513478!16s%2Fg%2F11ydqyz1j0!19sChIJNyaIDhWm9KARi3RITSFVk4U?authuser=0&hl=en&rclk=1","Cours D'anglais, Français Et Éducation Islamique.",English language school,Assahrij,+212 7 14 78 04 66,0,0,,,,,,,,,,
https://www.google.com/maps/place/Estrella+Academy/data=!4m7!3m6!1s0x68e368ffe8bbbe5:0x8c9b662e682ddf8e!8m2!3d31.8008346!4d-7.1513478!16s%2Fg%2F11qg9_yvvw!19sChIJ5buL_o82jgYRjt8taC5mm4w?authuser=0&hl=en&rclk=1,Estrella Academy,Language school,Assahrij,+212 6 67 63 58 97,0,0,,,,,,,,,,
https://www.google.com/maps/place/Darija+With+Mary/data=!4m7!3m6!1s0xa50ea11d97c8121f:0x7cc5887c4367b3da!8m2!3d30.419747!4d-9.5777446!16s%2Fg%2F11xdq6wn6g!19sChIJHxLIlx2hDqUR2rNnQ3yIxXw?authuser=0&hl=en&rclk=1,Darija With Mary,Language school,Agadir,+212 6 50 13 33 69,0,0,,,,,,,,,,
https://www.google.com/maps/place/Open+Classes/data=!4m7!3m6!1s0xdb3b79fd12d36fd:0x81cd19d53ce3cb02!8m2!3d30.4012529!4d-9.5491419!16s%2Fg%2F11s8z7w0v7!19sChIJ_TYt0Z-3sw0RAsvjPNUZzYE?authuser=0&hl=en&rclk=1,Open Classes,Language school,Agadir,+212 5 25 15 53 13,0,0,,,,,,,,,,
https://www.google.com/maps/place/CENTRE+DE+FORMATION+TAQOUIM+PRIVE+INEZGANE/data=!4m7!3m6!1s0xdb3b953a1889a3b:0x32f5e35385f3c17d!8m2!3d30.3523204!4d-9.5513875!16s%2Fg%2F11r4tn3hk_!19sChIJO5qIoVO5sw0RfcHzhVPj9TI?authuser=0&hl=en&rclk=1,CENTRE DE FORMATION TAQOUIM PRIVE INEZGANE,Foreign languages program school,Inezgane,+212 6 82 93 50 70,0,0,,,,,,,,,,
https://www.google.com/maps/place/Dmu+Akademie/data=!4m7!3m6!1s0xdb3b77954745323:0x5355d1934c4b0fd3!8m2!3d30.4147873!4d-9.5577724!16s%2Fg%2F11mzck2mbp!19sChIJI1N0VHm3sw0R0w9LTJPRVVM?authuser=0&hl=en&rclk=1,Dmu Akademie,German language school,Agadir,+212 7 19 44 87 47,2,5,,,,,,,,,,
https://www.google.com/maps/place/Omars+Hoffnung+Schule/data=!4m7!3m6!1s0xdb3b75020ecfcf3:0x27c0af3a21af9a2d!8m2!3d30.4019!4d-9.5511813!16s%2Fg%2F11n44y1xry!19sChIJ8_zsIFC3sw0RLZqvITqvwCc?authuser=0&hl=en&rclk=1,Omars Hoffnung Schule,Foreign languages program school,Agadir,+212 6 15 87 09 22,57,5,https://omarshoffnung.com/,,,,,,,,,
https://www.google.com/maps/place/APSSLA/data=!4m7!3m6!1s0xdb3b7e7f87142c9:0x3cccac8624893c98!8m2!3d30.4271445!4d-9.5889761!16s%2Fg%2F11njshf1z3!19sChIJyUJx-Oe3sw0RmDyJJIaszDw?authuser=0&hl=en&rclk=1,APSSLA,Language school,Agadir,+212 6 67 06 22 44,4,5,,,,,,,,,,
https://www.google.com/maps/place/Centre+Lingo+Ii+Tilila/data=!4m7!3m6!1s0xdb3c9f6c36ab82f:0x3420e9e06ae449af!8m2!3d30.3993569!4d-9.5145701!16s%2Fg%2F11gxxjdqmv!19sChIJL7hqw_bJsw0Rr0nkauDpIDQ?authuser=0&hl=en&rclk=1,Centre Lingo Ii Tilila,Foreign languages program school,Agadir,+212 5 25 00 02 63,7,5,,,,,,,,,,
https://www.google.com/maps/place/Ocean+Connecting+2/data=!4m7!3m6!1s0xdb3b7b3d0cf7041:0xa1876576b38e3f76!8m2!3d30.4301355!4d-9.5615859!16s%2Fg%2F11ypm6jktw!19sChIJQXDP0LO3sw0Rdj-Os3Zlh6E?authuser=0&hl=en&rclk=1,Ocean Connecting 2,German language school,Agadir,+212 6 57 23 66 35,0,0,https://www.oceanconnecting.dev/,facebook.com/oceanconnecting.dev?mibextid=LQQJ4d&rdid=qX7GpOEtQuHKB3Oh&share_url=https%3A%2F%2Fweb.facebook.com%2Fshare%2F14zVFrCuTJ%2F%3Fmibextid%3DLQQJ4d%26_rdc%3D1%26_rdr,,,,,,,"oceanconnecting.dev@gmail.com, oceanconnecting.support@gmail.com, team@oceanconnecting.dev",
https://www.google.com/maps/place/Moufakkirakademie/data=!4m7!3m6!1s0xdb3c76c87651d31:0xb742f202c36d5224!8m2!3d30.3522904!4d-9.4905755!16s%2Fg%2F11zkk564fh!19sChIJMR1lh2zHsw0RJFJtwwLyQrc?authuser=0&hl=en&rclk=1,Moufakkirakademie,Language school,Aït Melloul,+212 6 30 00 15 18,1,3,,,,,,,,,,
https://www.google.com/maps/place/Speak+Up+Agadir/data=!4m7!3m6!1s0xdb3b733eb334437:0x5888d715616fb17e!8m2!3d30.4185872!4d-9.5970449!16s%2Fg%2F11swzq5ytg!19sChIJN0Qz6zO3sw0RfrFvYRXXiFg?authuser=0&hl=en&rclk=1,Speak Up Agadir,English language school,Agadir,+212 8 09 89 07 37,15,5,,,,,,,,,,
https://www.google.com/maps/place/Stanfordacademyagadir/data=!4m7!3m6!1s0xdb3c768a84c14f5:0x3c44120bec63a587!8m2!3d30.3599943!4d-9.4654377!16s%2Fg%2F11xgfyvncn!19sChIJ9RRMqGjHsw0Rh6Vj7AsSRDw?authuser=0&hl=en&rclk=1,Stanfordacademyagadir,Language school,Aït Melloul,+212 5 28 24 95 00,1,5,,,,,,,,,,
https://www.google.com/maps/place/Talk+Centre+Agadir/data=!4m7!3m6!1s0xdb3b77259fb1d3b:0xae3f94b7d8e489c1!8m2!3d30.4123752!4d-9.5551625!16s%2Fg%2F11fn2xssg6!19sChIJOx37WXK3sw0RwYnk2LeUP64?authuser=0&hl=en&rclk=1,Talk Centre Agadir,English language school,Agadir,+212 6 84 25 36 28,1,5,,,,,,,,,,
https://www.google.com/maps/place/Sound+English+Center+Agadir/data=!4m7!3m6!1s0xdb3b7dd26eda651:0x65f60f4fd181db8c!8m2!3d30.4175883!4d-9.593305!16s%2Fg%2F11rk26s3wx!19sChIJUabtJt23sw0RjNuB0U8P9mU?authuser=0&hl=en&rclk=1,Sound English Center Agadir,English language school,Agadir,+212 8 08 53 94 74,5,4,,,,,,,,,,
https://www.google.com/maps/place/Bilker+Deutsche+Schule/data=!4m7!3m6!1s0xdb3b73edeb5b9eb:0x4bd9b291181fea1b!8m2!3d30.4113343!4d-9.5534319!16s%2Fg%2F11llt6898r!19sChIJ67m13j63sw0RG-ofGJGy2Us?authuser=0&hl=en&rclk=1,Bilker Deutsche Schule,German language school,Agadir,+212 5 28 22 23 32,10,4.5,,,,,,,,,,
https://www.google.com/maps/place/Centre+Medi+Prepa+De+Langue+And+During+Support+Agadir/data=!4m7!3m6!1s0xdb3b79441727251:0x59d5fe7e2ebbc031!8m2!3d30.4325377!4d-9.5586383!16s%2Fg%2F11rxtlylh4!19sChIJUXJyQZS3sw0RMcC7Ln7-1Vk?authuser=0&hl=en&rclk=1,Centre Medi Prepa De Langue And During Support Agadir,Language school,Agadir,+212 6 75 85 22 26,9,5,,,,,,,,,,
https://www.google.com/maps/place/ALLES+KLAR/data=!4m7!3m6!1s0xdb3b76be8704a9f:0x7b20e55330fa3180!8m2!3d30.41795!4d-9.5756393!16s%2Fg%2F11fktzkbjj!19sChIJn0pw6Gu3sw0RgDH6MFPlIHs?authuser=0&hl=en&rclk=1,ALLES KLAR,Language school,Agadir,+212 5 29 06 11 28,10,3.5,,,,,,,,,,
https://www.google.com/maps/place/SPEAC+Language+School/data=!4m7!3m6!1s0xdb3b692aa710151:0x74f29cbf836059c0!8m2!3d30.4270069!4d-9.600837!16s%2Fg%2F11b62v7hyx!19sChIJUQFxqpK2sw0RwFlgg7-c8nQ?authuser=0&hl=en&rclk=1,SPEAC Language School,Foreign languages program school,Agadir,+212 5 28 82 18 18,5,4.4,,,,,,,,,,
https://www.google.com/maps/place/Instituto+Cervantes+Aulario+Agadir/data=!4m7!3m6!1s0xdb3b6f0b945d771:0xa3136803ee7a7f79!8m2!3d30.4104474!4d-9.5435403!16s%2Fg%2F11dz5m1q4y!19sChIJcddFufC2sw0ReX967gNoE6M?authuser=0&hl=en&rclk=1,Instituto Cervantes Aulario Agadir,Language school,Agadir,+212 6 55 80 55 70,7,5,https://marrakech.cervantes.es/fr/default.shtm,facebook.com/pages/Espana-Cultura-Agenda-Cultural-de-Espana-en-Marruecos/132752883455425,,,,youtube.com/watch?v=VHMlyY4joLI,,,"admar@cervantes.es, cenmar@cervantes.es, iinfo.agadir@cervantes.es, info.agadir@cervantes.es", 
https://www.google.com/maps/place/Alpha+Performance/data=!4m7!3m6!1s0xdb3b71d7ca54fd7:0xf7694dfef16e3dd1!8m2!3d30.4117096!4d-9.5511377!16s%2Fg%2F11l5ct686n!19sChIJ10-lfB23sw0R0T1u8f5Nafc?authuser=0&hl=en&rclk=1,Alpha Performance,Foreign languages program school,Agadir,+212 6 11 91 40 09,0,0,,,,,,,,,,
https://www.google.com/maps/place/Deutsche+Bilker+Schule/data=!4m7!3m6!1s0xdb3b76d488ddc81:0x5fecef592b6446f4!8m2!3d30.4162697!4d-9.5796682!16s%2Fg%2F11ygv1skjv!19sChIJgdyNSG23sw0R9EZkK1nv7F8?authuser=0&hl=en&rclk=1,Deutsche Bilker Schule,German language school,Agadir,+212 5 28 21 32 88,8,5,https://bilkerissan.com/,facebook.com/deutschebilker,instagram.com/bilker_issan,,,,,wa.me/+212666293438,"contact@bilkerissan.com, info@bilker.ma", 
https://www.google.com/maps/place/Centre+Morstein/data=!4m7!3m6!1s0xdb3b752674c69d3:0xbd575d68d2ecd4b!8m2!3d30.4117504!4d-9.5631015!16s%2Fg%2F11lct2cswg!19sChIJ02lMZ1K3sw0RS80ujdZ11Qs?authuser=0&hl=en&rclk=1,Centre Morstein,Foreign languages program school,Agadir,+212 6 60 69 26 84,1,1,,,,,,,,,,
https://www.google.com/maps/place/Ispeak-Agadir/data=!4m7!3m6!1s0xdb3b712b437d443:0x69f5caea123b1ad7!8m2!3d30.4426295!4d-9.5622911!16s%2Fg%2F11lkpf1bfr!19sChIJQ9Q3tBK3sw0R1xo7EurK9Wk?authuser=0&hl=en&rclk=1,Ispeak-Agadir,English language school,Agadir,+212 6 12 61 57 17,8,4.5,,,,,,,,,,
https://www.google.com/maps/place/Mr.adrien/data=!4m7!3m6!1s0xdb3c97b323fc8b9:0x7ae72e860659c44b!8m2!3d30.3812015!4d-9.4825728!16s%2Fg%2F11xyn5bg4g!19sChIJucg_MnvJsw0RS8RZBoYu53o?authuser=0&hl=en&rclk=1,Mr.adrien,French language school,Drargua ⴷⵔⴰⵔⴳⴰ الدراركة,+212 7 01 18 87 61,0,0,https://paa.ge/mradrien/fr,,instagram.com/leziente_95g,,linkedin.com/in/martinez-adrien-03ab72166?utm_source=share\u0026utm_campaign=share_via\u0026utm_content=profile\u0026utm_medium=android_app,,tiktok.com/@lezi_95g,,,
https://www.google.com/maps/place/academie+espagnol/data=!4m7!3m6!1s0xdb3b79c939f0ccd:0x995db587653354dc!8m2!3d30.4168835!4d-9.5963245!16s%2Fg%2F11n0clnp4z!19sChIJzQyfk5y3sw0R3FQzZYe1XZk?authuser=0&hl=en&rclk=1,academie espagnol,Language school,Agadir,+212 6 74 32 30 27,0,0,,,,,,,,,,
https://www.google.com/maps/place/Centre+Hpm+Langues/data=!4m7!3m6!1s0xdb3b62b177dc9f3:0xeffe9fd67b641ad8!8m2!3d30.4020292!4d-9.5475285!16s%2Fg%2F11dxdzkysm!19sChIJ88l9Fyu2sw0R2Bpke9af_u8?authuser=0&hl=en&rclk=1,Centre Hpm Langues,Foreign languages program school,Agadir,+212 5 28 21 05 28,56,4.6,,,,,,,,,,
https://www.google.com/maps/place/Institute+Oxygen+De+Langues/data=!4m7!3m6!1s0xdb173f5a5f8ea3f:0xa48ad1f30616824b!8m2!3d30.4737406!4d-8.8803864!16s%2Fg%2F11jzkx5499!19sChIJP-r4pfVzsQ0RS4IWBvPRiqQ?authuser=0&hl=en&rclk=1,Institute Oxygen De Langues,Language school,Taroudant,+212 5 28 55 03 44,1,5,,,,,,,,,,
https://www.google.com/maps/place/Institute+At-Ta%27sil/data=!4m7!3m6!1s0xdb173ac54b51ed1:0x95dbaa310b0768a3!8m2!3d31.8008346!4d-7.1513478!16s%2Fg%2F11z7v5l_4m!19sChIJ0R61VKxzsQ0Ro2gHCzGq25U?authuser=0&hl=en&rclk=1,Institute At-Ta'sil,Language school,Assahrij,+212 6 23 82 67 07,0,0,https://institut-at-tasil.com/,facebook.com/institutattasil,,,,youtube.com/@InstitutAttasil,,wa.me/212676936534,contact@institut-at-tasil.com,
https://www.google.com/maps/place/Randl/data=!4m7!3m6!1s0xaa9da5d76590e8f1:0xc7bf93bef0b0e610!8m2!3d30.5292126!4d-8.6162208!16s%2Fg%2F11v0tbdkmm!19sChIJ8eiQZdelnaoREOaw8L6Tv8c?authuser=0&hl=en&rclk=1,Randl,English language school,Arazane,+212 6 07 15 64 68,0,0,,,,,,,,,,
https://www.google.com/maps/place/Hamburg+Academy/data=!4m7!3m6!1s0xdb3b77f5f42d447:0xb5b2f47f9a3775f9!8m2!3d30.4137007!4d-9.5555493!16s%2Fg%2F11p5l98gjn!19sChIJR9RCX3-3sw0R-XU3mn_0srU?authuser=0&hl=en&rclk=1,Hamburg Academy,German language school,Agadir,+212 6 04 12 88 48,62,4.6,,,,,,,,,,
https://www.google.com/maps/place/Next+Step+English+centre/data=!4m7!3m6!1s0xdb3c9a48a66bad9:0xbfe423b9d372a424!8m2!3d30.3835925!4d-9.484808!16s%2Fg%2F11yydgtcpm!19sChIJ2bpmiqTJsw0RJKRy07kj5L8?authuser=0&hl=en&rclk=1,Next Step English centre,Language school,Drargua ⴷⵔⴰⵔⴳⴰ الدراركة,+212 7 03 44 77 60,7,5,https://nsenglish.ma/,,instagram.com/NSenglish.ma,,,,tiktok.com/@nsenglish.ma,wa.me/+212703447760,hello@nsenglish.ma,
"https://www.google.com/maps/place/Centre+Alae/@34.2334174,-5.7294526,17z/data=!3m1!4b1!4m6!3m5!1s0xda07dffa669e515:0x5c2fbdcf685d054!8m2!3d34.2334174!4d-5.7294526!16s%2Fg%2F11k4q5gylh?hl=en&entry=ttu&g_ep=EgoyMDI2MDgxMi4wIKXMDSoASAFQAw%3D%3D",Centre Alae,English language school,Sidi Kacem,+212 6 65 83 88 30,0,0,,,,,,,,,,
https://www.google.com/maps/place/Speak+Up+Center/data=!4m7!3m6!1s0xdb3c3035419d3a3:0x774a76fcc010e797!8m2!3d30.2177453!4d-9.3720796!16s%2Fg%2F11h7t86lp8!19sChIJo9MZVAPDsw0Rl-cQwPx2Snc?authuser=0&hl=en&rclk=1,Speak Up Center,Language school,Biougra,+212 6 71 41 35 46,3,4.7,,,,,,,,,,
https://www.google.com/maps/place/Graz+Language+Center+-+%D9%85%D8%AF%D8%B1%D8%B3%D8%A9+%D8%A7%D9%84%D9%84%D8%BA%D8%A7%D8%AA+%D8%A7%D9%84%D8%AE%D8%A7%D8%B5%D8%A9+%D8%A8%D9%83%E2%80%AD/data=!4m7!3m6!1s0xc224932b2d8d003:0xc78b85db0ab3482d!8m2!3d23.701734!4d-15.944177!16s%2Fg%2F11ywllnz9n!19sChIJA9DYsjJJIgwRLUizCtuFi8c?authuser=0&hl=en&rclk=1,Graz Language Center - مدرسة اللغات الخاصة بك,Language school,Dakhla,+212 7 10 35 11 33,11,5,https://grazcenter.com/,,,,,,,,,
https://www.google.com/maps/place/Academia+de+Idiomas+Unamuno+%C3%89cole+de+langues+Unamuno/data=!4m7!3m6!1s0xc2249001eb0f7e3:0x7192231922240f51!8m2!3d23.7008909!4d-15.9307188!16s%2Fg%2F11w3mpdw_l!19sChIJ4_ewHgBJIgwRUQ8kIhkjknE?authuser=0&hl=en&rclk=1,Academia de Idiomas Unamuno École de langues Unamuno,Foreign languages program school,Dakhla,+212 6 00 63 31 07,3,5,https://unamunocentro.com/,facebook.com/profile.php?id=61554792711535&mibextid=ZbWKwL,instagram.com/aiu.9803?utm_source=qr&igsh=MWdvejFqNTNseTByNQ==,,linkedin.com/in/aitrhamed,,,wa.me/+212600633107,contact@unamunocentro.com,
https://www.google.com/maps/place/Centre+Langues+Descartes+Laayoune/data=!4m7!3m6!1s0xc37731cd8d59ed5:0xdceb7aad78954b33!8m2!3d27.1550254!4d-13.2014961!16s%2Fg%2F11q_nt0s_j!19sChIJ1Z7V2BxzNwwRM0uVeK1669w?authuser=0&hl=en&rclk=1,Centre Langues Descartes Laayoune,Language school,Laayoune,+212 5 28 89 18 79,25,4.8,https://descartslaayoune.wixsite.com/accueil,,,x.com/favicon.ico,,,,,centredescartes.laayoune@gmail.com, 
https://www.google.com/maps/place/Aiu+Accademia+De+Idiomas+Unamuno/data=!4m7!3m6!1s0xd77a700445aef67:0xecbdd9b91b2f16dd!8m2!3d35.1470827!4d-2.9169493!16s%2Fg%2F11y3srf4bn!19sChIJZ-9aRACndw0R3RYvG7nZvew?authuser=0&hl=en&rclk=1,Aiu Accademia De Idiomas Unamuno,Foreign languages program school,Nador,+212 6 61 55 46 67,0,0,https://www.unamunocentro.com/,facebook.com/profile.php?id=61554792711535&mibextid=ZbWKwL,instagram.com/aiu.9803?utm_source=qr&igsh=MWdvejFqNTNseTByNQ==,,linkedin.com/in/aitrhamed,,,wa.me/+212600633107,contact@unamunocentro.com,
https://www.google.com/maps/place/NLC+Nouri+Languages+Center/data=!4m7!3m6!1s0xd7797b00237fda9:0xe63224abb48c8342!8m2!3d34.9441061!4d-2.7355769!16s%2Fg%2F11j8gntc4z!19sChIJqf03ArCXdw0RQoOMtKskMuY?authuser=0&hl=en&rclk=1,NLC Nouri Languages Center,Language school,Zaïo ⵣⴰⵢⵢⵓ زايو,+212 6 14 08 58 56,2,5,,,,,,,,,,
https://www.google.com/maps/place/Oxford+English+Academy/data=!4m7!3m6!1s0xc37735142290373:0x7fe9efa892c6e240!8m2!3d27.1440605!4d-13.1911338!16s%2Fg%2F11nl8fbp88!19sChIJcwMpQlFzNwwRQOLGkqjv6X8?authuser=0&hl=en&rclk=1,Oxford English Academy,Language school,Laayoune,+212 8 08 56 43 11,13,4,,,,,,,,,,
https://www.google.com/maps/place/Calc+Casashore+Language+Centre/data=!4m7!3m6!1s0xda62d0f56d2fae1:0xac498124d426e206!8m2!3d33.5220438!4d-7.6436873!16s%2Fg%2F11g6_9z11_!19sChIJ4frSVg8tpg0RBuIm1CSBSaw?authuser=0&hl=en&rclk=1,Calc Casashore Language Centre,Language school,Casablanca,+212 5 22 58 05 85,6,1.7,,,,,,,,,,
https://www.google.com/maps/place/Polyglobe/data=!4m7!3m6!1s0xda7d2a136246a8b:0x5cf32ac9ad0de546!8m2!3d33.5792162!4d-7.6149391!16s%2Fg%2F11hbbnwlpk!19sChIJi2okNqHSpw0RRuUNrckq81w?authuser=0&hl=en&rclk=1,Polyglobe,Language school,Casablanca,+212 6 50 11 10 12,80,4.5,https://polyglobe.ma/,facebook.com/polyglobeschoolofficiel,instagram.com/schoolpolyglobe,,,,,,,
https://www.google.com/maps/place/Berlitz+Casablanca/data=!4m7!3m6!1s0xda7d2cb3dd80ed9:0xe157e05089966789!8m2!3d33.5621469!4d-7.6367615!16s%2Fg%2F11f4_hcxxf!19sChIJ2Q7YPcvSpw0RiWeWiVDgV-E?authuser=0&hl=en&rclk=1,Berlitz Casablanca,Language school,Casablanca,+212 5 22 99 23 53,20,4,https://www.berlitz.com/fr-ma/centres-de-langues/casablanca,facebook.com/berlitzmaroc,,,linkedin.com/company/5083062,,,,dataprotection@berlitz-maroc.com, 
https://www.google.com/maps/place/American+Learning+Group/data=!4m7!3m6!1s0xda62db81ce290bf:0x6f2e12b6f9019bbc!8m2!3d33.4973627!4d-7.6217241!16s%2Fg%2F11jmy_03b5!19sChIJv5DiHLgtpg0RvJsB-bYSLm8?authuser=0&hl=en&rclk=1,American Learning Group,English language school,Bouskoura,+212 6 71 21 86 06,2,3,,,,,,,,,,
https://www.google.com/maps/place/Deutschheim+Sprachzentrum/data=!4m7!3m6!1s0xda7cbd94e0e7959:0x7258115b2bc5ba2c!8m2!3d33.5863776!4d-7.5030104!16s%2Fg%2F11ntd47vw8!19sChIJWXkOTtnLpw0RLLrFK1sRWHI?authuser=0&hl=en&rclk=1,Deutschheim Sprachzentrum,Language school,Casablanca,+212 6 69 29 67 40,8,5,,,,,,,,,,
https://www.google.com/maps/place/Elite+Deutsch+Premium+Sprachzentrum/data=!4m7!3m6!1s0xda7d325b1f7f617:0xeaf9274a0b8f53c!8m2!3d33.5956209!4d-7.6140151!16s%2Fg%2F11rcqp3j84!19sChIJF_b3sSXTpw0RPPW4oHSSrw4?authuser=0&hl=en&rclk=1,Elite Deutsch Premium Sprachzentrum,German language school,Casablanca,+212 8 08 65 50 27,49,4.6,,,,,,,,,,
https://www.google.com/maps/place/Excelangue/data=!4m7!3m6!1s0xda7cd6851067a0f:0xda391785d0369046!8m2!3d33.5843794!4d-7.5719649!16s%2Fg%2F1tdzhbpb!19sChIJD3oGUWjNpw0RRpA20IUXOdo?authuser=0&hl=en&rclk=1,Excelangue,Language school,Casablanca,+212 5 22 61 63 01,26,4.3,,,,,,,,,,
https://www.google.com/maps/place/GLS+Sprachzentrum+-+Centre+GLS+de+langue+Allemande+Casablanca./data=!4m7!3m6!1s0xda7d3157551b175:0x6ea42bcafb702001!8m2!3d33.5936893!4d-7.6210973!16s%2Fg%2F11y1ds8lft!19sChIJdbFRdRXTpw0RASBw-8orpG4?authuser=0&hl=en&rclk=1,GLS Sprachzentrum - Centre GLS de langue Allemande Casablanca.,German language school,Casablanca,+212 8 08 54 97 17,75,4.9,https://gls-sprachzentrum.ma/fr,facebook.com/gls.sale,instagram.com/gls.maroc,,,youtube.com/@9onsolsTalks,tiktok.com/@gls.sprachenzentrum?is_from_webapp=1&sender_device=pc,wa.me/212603160277,info@gls-sprachzentrum.ma,
https://www.google.com/maps/place/AMIDEAST/data=!4m7!3m6!1s0xda62d3d23dfe3f7:0x3aa2467bd6e5ab1b!8m2!3d33.5409659!4d-7.6424205!16s%2Fg%2F11clvrn_r_!19sChIJ9-PfIz0tpg0RG6vl1ntGojo?authuser=0&hl=en&rclk=1,AMIDEAST,Language school,Casablanca,+212 5 22 25 93 93,81,3.2,https://www.amideast.org/,facebook.com/amideast,instagram.com/amideasthq,,linkedin.com/company/amideast,youtube.com/user/AMIDEASThq,,,"inquiries@amideast.org, testing@amideast.org", 
https://www.google.com/maps/place/International+Language+%26+Training+Center+%28ILTC%29/data=!4m7!3m6!1s0xda7cd010fd72967:0x9e5a0322f6ec956f!8m2!3d33.593421!4d-7.6065816!16s%2Fg%2F11rzp112nz!19sChIJZynXDwHNpw0Rb5Xs9iIDWp4?authuser=0&hl=en&rclk=1,International Language & Training Center (ILTC),Language school,Casablanca,+212 8 08 55 27 47,2,5,,,,,,,,,,
https://www.google.com/maps/place/Uk+Community+Casablanca/data=!4m7!3m6!1s0xda62dd95552f2b1:0x76acfa8b4e213c29!8m2!3d33.5332998!4d-7.6134935!16s%2Fg%2F11yrfgxyjg!19sChIJsfJSVdktpg0RKTwhTov6rHY?authuser=0&hl=en&rclk=1,Uk Community Casablanca,Language school,Casablanca,+212 5 22 50 57 58,9,4.6,,,,,,,,,,
https://www.google.com/maps/place/Onenglish.ma/data=!4m7!3m6!1s0xda91ffbec6ca725:0xb938349652fec3e5!8m2!3d33.2358732!4d-8.4942203!16s%2Fg%2F11pyz0g0l5!19sChIJJads7PsfqQ0R5cP-UpY0OLk?authuser=0&hl=en&rclk=1,Onenglish.ma,English language school,El Jadida,+212 5 21 01 95 65,51,4.9,https://onenglish.ma/,facebook.com/onenglish.ma,instagram.com/onenglish.ma,,,,tiktok.com/@onenglish.ma,wa.me/message/5NYLYYHG54JAF1,contact@onenglish.ma,
https://www.google.com/maps/place/Learn+English+Now+:+Des+Cours+D%27anglais+Interactifs/data=!4m7!3m6!1s0x8a4ed955aa5a4893:0x7aec423aabc14776!8m2!3d33.0975153!4d-7.298119!16s%2Fg%2F11w3d62gdb!19sChIJk0haqlXZTooRdkfBqzpC7Ho?authuser=0&hl=en&rclk=1,Learn English Now : Des Cours D'anglais Interactifs,Foreign languages program school,Bouguargouh,+212 6 54 63 27 35,9,5,https://learnenglishnow.ma/,,,,,,,wa.me/212654632735?text=Bonjour+Mme+Kabbaj%2C+je+souhaite+en+savoir+plus,"contact@learnenglishnow.ma, votre@email.com", 
https://www.google.com/maps/place/Course+Tutoring+%E2%80%93+Arrahma+Casablanca+%7C+%D8%AF%D8%B1%D9%88%D8%B3+%D8%A7%D9%84%D8%AF%D8%B9%D9%85+%D9%88%D8%A7%D9%84%D8%AA%D9%82%D9%88%D9%8A%D8%A9+%E2%80%93+%D8%A7%D9%84%D8%B1%D8%AD%D9%85%D8%A9+%D8%A7%D9%84%D8%AF%D8%A7%D8%B1+%D8%A7%D9%84%D8%A8%D9%8A%D8%B6%D8%A7%D8%A1%E2%80%AD/data=!4m7!3m6!1s0xf8cf5eff95b9c9:0x85d3ea2dc1791c9e!8m2!3d33.5722875!4d-7.6452707!16s%2Fg%2F11x98hd7wm!19sChIJybmV_17P-AARnhx5wS3q04U?authuser=0&hl=en&rclk=1,Course Tutoring – Arrahma Casablanca | دروس الدعم والتقوية – الرحمة الدار البيضاء,English language school,Casablanca,+212 7 80 02 07 95,0,0,https://prof-ilham.blogspot.com/,,,,,,,wa.me/+212600000000?text=مرحباً،,info@baraemerrahma.com,
https://www.google.com/maps/place/Achraf/data=!4m7!3m6!1s0x2636dcaa5fa8cc47:0x967c1d4df6071e46!8m2!3d33.5722875!4d-7.5869925!16s%2Fg%2F11w4kk_3sg!19sChIJR8yoX6rcNiYRRh4H9k0dfJY?authuser=0&hl=en&rclk=1,Achraf,English language school,Casablanca,+212 6 36 22 07 41,7,5,,,,,,,,,,
https://www.google.com/maps/place/KC+Language+Center%E2%84%A2+Casablanca/data=!4m7!3m6!1s0xda7cd6bc36f3d27:0xd7f841e4db8eb45d!8m2!3d33.5943376!4d-7.6148011!16s%2Fg%2F11fq8s4dhn!19sChIJJz1vw2vNpw0RXbSO2-RB-Nc?authuser=0&hl=en&rclk=1,KC Language Center™ Casablanca,Language school,Casablanca,+212 7 00 19 49 80,242,3.7,,,,,,,,,,
https://www.google.com/maps/place/Timay%C3%A4d+Center/data=!4m7!3m6!1s0xda62d68dd7aeadd:0xe8f0ca0cb85e5c56!8m2!3d33.5351162!4d-7.6121255!16s%2Fg%2F11mrp87tzl!19sChIJ3ep63Wgtpg0RVlxeuAzK8Og?authuser=0&hl=en&rclk=1,Timayäd Center,English language school,Casablanca,+212 6 69 51 08 64,15,5,,,,,,,,,,
https://www.google.com/maps/place/Sunshine%27s+Institute/data=!4m7!3m6!1s0xda7cd96a866e2f9:0xbb8c8bab89de6ce2!8m2!3d33.5838891!4d-7.6225262!16s%2Fg%2F11hdsg95kt!19sChIJ-eJmqJbNpw0R4mzeiauLjLs?authuser=0&hl=en&rclk=1,Sunshine's Institute,English language school,Casablanca,+212 6 62 82 06 10,71,5,https://sunshineinst.com/,,instagram.com/sunshinesinstitute?igshid=NTc4MTIwNjQ2YQ%3D%3D,x.com/culture/23697521/coronation-king-charles-how-to-watch-camilla-prince-harry-meghan-explained,,,,,contact@sunshineinst.com,
https://www.google.com/maps/place/British+Workshop+Mohammedia/data=!4m7!3m6!1s0xda7b7da5268ad43:0x87fb1ab8a30e09e5!8m2!3d33.7041153!4d-7.3968703!16s%2Fg%2F11ff0x2ssz!19sChIJQ61oUtq3pw0R5QkOo7ga-4c?authuser=0&hl=en&rclk=1,British Workshop Mohammedia,English language school,Mohammedia,+212 5 23 30 14 54,11,4.7,https://www.britishworkshop.ma/,facebook.com/britishworkshop.ma,instagram.com/britishworkshop/?hl=fr,,linkedin.com/company/british-workshop,youtube.com/watch?v=cP8YFtKaT9g,,,"britishwokrshop.cil@gmail.com, britishworkshop.cil@gmail.com, britishworkshop.rabat@gmail.com, britishworkshopmohammedia@gmail.com, britishworkshoptangier@gmail.com, darb@decochic.ma, darb@gmail.ma, eljadida.britishworkshop@gmail.com", 
https://www.google.com/maps/place/English+teacher.+Anglais+Facile.+Learn+English+fast+with+prof+Houssam/data=!4m7!3m6!1s0xda7cdfcecca6789:0xfe0eae54bc54f7ef!8m2!3d33.590365!4d-7.5653576!16s%2Fg%2F11ltpz9xgh!19sChIJiWfK7PzNpw0R7_dUvFSuDv4?authuser=0&hl=en&rclk=1,English teacher. Anglais Facile. Learn English fast with prof Houssam,English language school,Casablanca,+212 6 01 50 36 54,10,4.9,,,,,,,,,,
https://www.google.com/maps/place/Mini+Center+Private+:+Center+Languages+And+Tutoring/data=!4m7!3m6!1s0xda0dda4cede0435:0xfe6476a6b20b6b8a!8m2!3d33.8063156!4d-6.0887688!16s%2Fg%2F11gtz6wy4x!19sChIJNQTezqTdoA0RimsLsqZ2ZP4?authuser=0&hl=en&rclk=1,Mini Center Private : Center Languages And Tutoring,Language school,Khemisset,+212 5 37 55 19 59,8,4.8,,,,,,,,,,
https://www.google.com/maps/place/Center+Athena+Training+And+Education/data=!4m7!3m6!1s0xda0c336a5340855:0xc1b4341335bbc7cd!8m2!3d33.8259297!4d-6.075936!16s%2Fg%2F11tcwfvsgc!19sChIJVQg0pTbDoA0Rzce7NRM0tME?authuser=0&hl=en&rclk=1,Center Athena Training And Education,Language school,Khemisset,+212 6 30 05 56 51,7,4.6,,,,,,,,,,
https://www.google.com/maps/place/Center+3s/data=!4m7!3m6!1s0xda0c3c5f5ce162f:0x2a1a572034faa661!8m2!3d33.8324197!4d-6.0756788!16s%2Fg%2F11l6hntz6t!19sChIJLxbO9cXDoA0RYab6NCBXGio?authuser=0&hl=en&rclk=1,Center 3s,Language school,Khemisset,+212 6 42 92 90 82,0,0,,,,,,,,,,
https://www.google.com/maps/place/Die+Chance/data=!4m7!3m6!1s0xda0e7c2379e7a7f:0xa6dbfc8dadba2c2c!8m2!3d33.82395!4d-6.0675474!16s%2Fg%2F11yjt0n3hs!19sChIJf3qeN8LnoA0RLCy6rY3826Y?authuser=0&hl=en&rclk=1,Die Chance,German language school,Khemisset,+212 6 13 60 81 63,0,0,,,,,,,,,,
https://www.google.com/maps/place/The+English+School+Kelaa/data=!4m7!3m6!1s0xda50bd9f37e805f:0xa05c58ca02d996d!8m2!3d32.0536685!4d-7.4084411!16s%2Fg%2F11v6kczb18!19sChIJX4B-89kLpQ0RbZktoIzFBQo?authuser=0&hl=en&rclk=1,The English School Kelaa,Language school,El Kelaa des Sraghna,+212 8 08 67 07 02,23,4.8,,,,,,,,,,
https://www.google.com/maps/place/T-K+Academy+Center/data=!4m7!3m6!1s0xda50bbc7e423d35:0x2409072e6d3e1f62!8m2!3d32.0615649!4d-7.4153349!16s%2Fg%2F11zd1030pf!19sChIJNT1CfrwLpQ0RYh8-bS4HCSQ?authuser=0&hl=en&rclk=1,T-K Academy Center,Language school,El Kelaa des Sraghna,+212 6 18 57 75 73,0,0,,,,,,,,,,
"https://www.google.com/maps/place/Cef+Allemand,+Anglais,+Espagnol,+Fran%C3%A7ais,+Italien/data=!4m7!3m6!1s0xda632bb3879c46f:0x1dcc19df67cc4119!8m2!3d33.5478936!4d-7.5998601!16s%2Fg%2F11d_7twmtc!19sChIJb8R5OLsypg0RGUHMZ98ZzB0?authuser=0&hl=en&rclk=1","Cef Allemand, Anglais, Espagnol, Français, Italien",Foreign languages program school,Casablanca,+212 6 61 55 98 31,8,4.9,,,,,,,,,,
https://www.google.com/maps/place/Deutsch+Hall+Center+Language+German+Eljadida/data=!4m7!3m6!1s0xda91f3cb85f7049:0x7d4b6eaa0a952f55!8m2!3d33.2300346!4d-8.4946355!16s%2Fg%2F11mn1cj0pl!19sChIJSXBfuDwfqQ0RVS-VCqpuS30?authuser=0&hl=en&rclk=1,Deutsch Hall Center Language German Eljadida,Language school,El Jadida,+212 6 07 55 44 46,69,4.4,https://deutschhall.weebly.com/,facebook.com/tr?id=1211863025679039&ev=PageView,,,,,,,,
https://www.google.com/maps/place/Lingo+Online+Academy/data=!4m7!3m6!1s0xda7d36a82a7a1a7:0x7188ad38e75d703!8m2!3d33.5911419!4d-7.613938!16s%2Fg%2F11z307g89r!19sChIJp6GngmrTpw0RA9d1jtOKGAc?authuser=0&hl=en&rclk=1,Lingo Online Academy,English language school,Casablanca,+212 7 75 09 75 21,58,5,https://lingo.ma/,facebook.com/tr?id=1609559880101384&ev=PageView&noscript=1,,,,,,,,
https://www.google.com/maps/place/English.Com+academy/data=!4m7!3m6!1s0xda7cd38f467b7f3:0x121318f3d8b17259!8m2!3d33.6132688!4d-7.5454996!16s%2Fg%2F11gp3l8jx9!19sChIJ87dn9DjNpw0RWXKx2PMYExI?authuser=0&hl=en&rclk=1,English.Com academy,Foreign languages program school,Casablanca,+212 5 22 35 75 05,71,5,,,,,,,,,,
https://www.google.com/maps/place/New+Business+English+School/data=!4m7!3m6!1s0xda632ee63dcf59f:0x62f7c6e33554376e!8m2!3d33.6152301!4d-7.5320529!16s%2Fg%2F11b6jh6sgd!19sChIJn_XcY-4ypg0RbjdUNePG92I?authuser=0&hl=en&rclk=1,New Business English School,Language school,Casablanca,+212 5 22 67 32 17,45,4.7,,,,,,,,,,
https://www.google.com/maps/place/Express+English/data=!4m7!3m6!1s0xda7cb78b9171e6d:0x8991dd11aa719da6!8m2!3d33.5722875!4d-7.5869925!16s%2Fg%2F11hjfklkzz!19sChIJbR4XuXjLpw0Rpp1xqhHdkYk?authuser=0&hl=en&rclk=1,Express English,English language school,Casablanca,+212 6 51 44 87 26,47,4.9,https://expressenglish.pro/,facebook.com/expressinenglish,,,linkedin.com/company/expressenglish,,,,engitech@oceanthemes.net,
https://www.google.com/maps/place/Course+Of+French+Avec+Saad/data=!4m7!3m6!1s0x2649f5b6239a8d61:0xbdfe5bca802b0209!8m2!3d33.5722875!4d-7.5869925!16s%2Fg%2F11mt8jsr4l!19sChIJYY2aI7b1SSYRCQIrgMpb_r0?authuser=0&hl=en&rclk=1,Course Of French Avec Saad,French language school,Casablanca,+212 7 11 02 45 11,0,0,,,,,,,,,,
https://www.google.com/maps/place/Instituto+Cervantes/data=!4m7!3m6!1s0xda7d29131cd1215:0x2c85e3d7e781490f!8m2!3d33.5902588!4d-7.6253454!16s%2Fg%2F11cm4dmtpg!19sChIJFRLNMZHSpw0RD0mB59fjhSw?authuser=0&hl=en&rclk=1,Instituto Cervantes,Language school,Casablanca,+212 5 22 26 73 37,201,4.4,https://casablanca.cervantes.es/fr/default.shtm,facebook.com/InstitutoCervantesCasablanca,instagram.com/institutocervantescasablanca,twitter.com/IC_Casablanca,,youtube.com/user/ICervantesCasablanca,,,infocas@cervantes.es,
https://www.google.com/maps/place/Allamo+Institut/data=!4m7!3m6!1s0xda7d3657e5523f9:0x7904ad626222ec47!8m2!3d33.5973504!4d-7.6151568!16s%2Fg%2F11l23v1_qy!19sChIJ-SNVfmXTpw0RR-wiYmKtBHk?authuser=0&hl=en&rclk=1,Allamo Institut,Language school,Casablanca,+212 6 21 30 95 19,16,4.8,https://allamoinstitut.com/,facebook.com/p/Allamo-Institut-100087952611144,instagram.com/allamoinstitut_,,,,,wa.me/+212621309519,"info@allamoinstitut.com, noreply@envato.com", 
https://www.google.com/maps/place/Lango+English+-+Apprenez+l%27anglais+autrement/data=!4m7!3m6!1s0xda62ded01def083:0x1394a304eaf3bc6c!8m2!3d33.5215157!4d-7.6516307!16s%2Fg%2F11jgdj1xc2!19sChIJg_DeAe0tpg0RbLzz6gSjlBM?authuser=0&hl=en&rclk=1,Lango English - Apprenez l'anglais autrement,Language school,Casablanca,+212 5 22 06 16 50,69,4.9,https://www.lango.ma/,facebook.com/tr?id=738988873529562&ev=PageView&noscript=1,instagram.com/langoenglishmorocco,,linkedin.com/in/lango-english-9a03141a3/?originalSubdomain=ma,,,api.whatsapp.com/send?phone=212616092704,contact@lango.ma,
https://www.google.com/maps/place/BPEC/data=!4m7!3m6!1s0xda7d29300aaa8ad:0xd1fd2b0b6cc6d02d!8m2!3d33.5915855!4d-7.630432!16s%2Fg%2F1tplrp91!19sChIJraiqAJPSpw0RLdDGbAsr_dE?authuser=0&hl=en&rclk=1,BPEC,English language school,Casablanca,+212 5 22 47 01 76,84,3.6,https://www.bpec-english.com/,facebook.com/profile.php?id=61587553216796,instagram.com/bpec.english,,linkedin.com/company/bpec-casa,,,wa.me/${t}?text=${encodeURIComponent(e.dataset.message||,"info-rabat@bpec-english.com, info@bpec-english.com", 
https://www.google.com/maps/place/Cultural+Institute+International+De+Communication/data=!4m7!3m6!1s0xda7cd06ff65576f:0xc420847d10fe4240!8m2!3d33.5699416!4d-7.5607244!16s%2Fg%2F11rwwc_4sk!19sChIJb1dl_wbNpw0RQEL-EH2EIMQ?authuser=0&hl=en&rclk=1,Cultural Institute International De Communication,Language school,Casablanca,+212 6 90 70 84 83,2,5,,,,,,,,,,
https://www.google.com/maps/place/L%27institut+European+Languages+And+Communication+Private/data=!4m7!3m6!1s0xda7cb16df0a6e0d:0x32266adb8dc44a10!8m2!3d33.5903838!4d-7.4963827!16s%2Fg%2F11h541v_7_!19sChIJDW4K3xbLpw0REErEjdtqJjI?authuser=0&hl=en&rclk=1,L'institut European Languages And Communication Private,Language school,Casablanca,+212 6 52 14 30 28,3,3.7,,,,,,,,,,
https://www.google.com/maps/place/Prof+Samad/data=!4m7!3m6!1s0xda6335d9c5cfd83:0x922f3d65dde85d05!8m2!3d33.563582!4d-7.5668124!16s%2Fg%2F11fktftlnk!19sChIJg_1cnF0zpg0RBV3o3WU9L5I?authuser=0&hl=en&rclk=1,Prof Samad,French language school,Casablanca,+212 6 76 12 77 00,41,5,,,,,,,,,,
https://www.google.com/maps/place/Friedrich+Schiller+Institute/data=!4m7!3m6!1s0xda7d3c58eeda5b1:0x196817af66f1c482!8m2!3d33.5944534!4d-7.6281703!16s%2Fg%2F11qsxt01r9!19sChIJsaXtjsXTpw0RgsTxZq8XaBk?authuser=0&hl=en&rclk=1,Friedrich Schiller Institute,German language school,Casablanca,+212 6 56 22 79 99,7,4.4,https://friedrich-schiller-institut.com/,facebook.com/Plesk,,twitter.com/Plesk,linkedin.com/company/plesk,,,,,
https://www.google.com/maps/place/Prisma-Sprachzentrum/data=!4m7!3m6!1s0xda7d34c74defc17:0x2c054de579a7d0a2!8m2!3d33.5773508!4d-7.6259719!16s%2Fg%2F11wwjfdrzn!19sChIJF_zedEzTpw0RotCneeVNBSw?authuser=0&hl=en&rclk=1,Prisma-Sprachzentrum,German language school,Casablanca,+212 6 63 19 69 88,33,4.7,https://prisma-sprachzentrum.com/,facebook.com/share/1HHF7aieMT/?mibextid=wwXIfr,instagram.com/prisma_sprachzentrum?igsh=MWRndnQ2bjRuY2Y1Nw%3D%3D&utm_source=qr,,linkedin.com/company/prisma-sprachzentrum,,tiktok.com/@prisma.sprachzentrum?_r=1&_t=ZS-97ds3jAvQyj,wa.me/212663196233,,
https://www.google.com/maps/place/Easy+Progress+Maroc/data=!4m7!3m6!1s0xda7cb7ed6743def:0xb0d4a00796252dc7!8m2!3d33.5816322!4d-7.6275339!16s%2Fg%2F11q9m3n5rk!19sChIJ7z101n7Lpw0Rxy0llgeg1LA?authuser=0&hl=en&rclk=1,Easy Progress Maroc,Language school,Casablanca,+212 6 37 90 51 29,32,5,https://www.easyprogressdarija.pro/,facebook.com/EASYPROGRESSMAROC,instagram.com/easyprogressmaroc,,linkedin.com/company/easy-progress-maroc/?viewAsMember=true,youtube.com/embed,,,info@easyprogressdarija.pro,
https://www.google.com/maps/place/Easy+Germany+academy+%28Tandem+Institut%29/data=!4m7!3m6!1s0xda7d39a42d576d9:0x76a0fcbf03a8441!8m2!3d33.5691967!4d-7.6257813!16s%2Fg%2F11wwqqv74r!19sChIJ2XbVQprTpw0RQYQ68MsPagc?authuser=0&hl=en&rclk=1,Easy Germany academy (Tandem Institut),Language school,Casablanca,+212 6 42 97 71 61,5,5,https://www.tandem-center.com/,facebook.com/tandemcenter,,,,,,,"india@tandem-center.com, info@tandem-center.com, mail@demolink.org", 
https://www.google.com/maps/place/Jumpstart+Language+Center/data=!4m7!3m6!1s0xda7d28b1a86ca57:0xe2c1299ca52792be!8m2!3d33.6013096!4d-7.633088!16s%2Fg%2F11fy4b6vb9!19sChIJV8qGGovSpw0RvpInpZwpweI?authuser=0&hl=en&rclk=1,Jumpstart Language Center,Language school,Casablanca,+212 5 22 22 24 17,2,5,,,,,,,,,,
https://www.google.com/maps/place/Centre+De+Langues+Cours+De+Fran%C3%A7ais+Et+D%27anglaisboutage/data=!4m7!3m6!1s0xda7cd816b2b9d97:0x493675e24b71de35!8m2!3d33.5796547!4d-7.5419081!16s%2Fg%2F11p18j9w6s!19sChIJl50ra4HNpw0RNd5xS-J1Nkk?authuser=0&hl=en&rclk=1,Centre De Langues Cours De Français Et D'anglaisboutage,French language school,Casablanca,+212 6 64 11 95 16,1,1,,,,,,,,,,
https://www.google.com/maps/place/SLC+SPEAK/data=!4m7!3m6!1s0xda62db8cb12399b:0x3d43adbe1b32b41b!8m2!3d33.5321544!4d-7.6160965!16s%2Fg%2F11fl410kzb!19sChIJmzkSy7gtpg0RG7QyG76tQz0?authuser=0&hl=en&rclk=1,SLC SPEAK,Language school,Casablanca,+212 5 20 30 83 40,0,0,,,,,,,,,,
https://www.google.com/maps/place/British+Centre+Two/data=!4m7!3m6!1s0xda7d2bc642df9a7:0x5ebd23af8db62618!8m2!3d33.5793281!4d-7.6258544!16s%2Fg%2F11c1r68rqg!19sChIJp_ktZLzSpw0RGCa2ja8jvV4?authuser=0&hl=en&rclk=1,British Centre Two,Language school,Casablanca,+212 5 22 99 10 80,31,4.1,,,,,,,,,,
"https://www.google.com/maps/place/Point+%C3%80+La+Ligne,+Course+Of+French+%2F+Communication/data=!4m7!3m6!1s0xda7d290d6323435:0x21a0943278df54f5!8m2!3d33.5897087!4d-7.6246001!16s%2Fg%2F11cm_ptx9v!19sChIJNTQy1pDSpw0R9VTfeDKUoCE?authuser=0&hl=en&rclk=1","Point À La Ligne, Course Of French / Communication",Language school,Casablanca,+212 6 65 93 20 92,1,5,,,,,,,,,,
https://www.google.com/maps/place/Coach+It/data=!4m7!3m6!1s0xda7d3351658e011:0x268d1d2004b6c2ee!8m2!3d33.5601123!4d-7.6747083!16s%2Fg%2F11f403r1lw!19sChIJEeBYFjXTpw0R7sK2BCAdjSY?authuser=0&hl=en&rclk=1,Coach It,Language school,Casablanca,+212 5 22 89 09 73,2,4,,,,,,,,,,
https://www.google.com/maps/place/Mortimer+English+Club/data=!4m7!3m6!1s0xda7d2c39140a8a5:0x1847aecd050ee7b3!8m2!3d33.5783282!4d-7.6402466!16s%2Fg%2F11cnc9bs5p!19sChIJpahAkcPSpw0Rs-cOBc2uRxg?authuser=0&hl=en&rclk=1,Mortimer English Club,Language school,Casablanca,+212 5 22 23 72 35,11,4.6,https://mortimer-english.ma/,facebook.com/mortimer.maroc,,twitter.com/MortimerNews,linkedin.com/company/mortimer-franchise-gmbh?trk=hb_tab_compy_id_2895703,youtube.com/playlist?list=PLAD3771B0EFF2F99A,,,contact@mortimer-english.ma,
https://www.google.com/maps/place/Hoffmann/data=!4m7!3m6!1s0xda7d3369154de6d:0x204acfc53049a42c!8m2!3d33.5775035!4d-7.6265642!16s%2Fg%2F11j2nl7qzt!19sChIJbd5UkTbTpw0RLKRJMMXPSiA?authuser=0&hl=en&rclk=1,Hoffmann,German language school,Casablanca,+212 6 15 84 87 54,2,2.5,,,,,,,,,,
https://www.google.com/maps/place/BKHS+CENTER/data=!4m7!3m6!1s0xda7d2a28c821ac1:0x352d7365a3ec0d2c!8m2!3d33.5830196!4d-7.6202717!16s%2Fg%2F1ptvrxpq1!19sChIJwRqCjKLSpw0RLA3so2VzLTU?authuser=0&hl=en&rclk=1,BKHS CENTER,Language school,Casablanca,+212 5 22 47 58 12,14,3.9,,,,,,,,,,
https://www.google.com/maps/place/Institut+Diderot/data=!4m7!3m6!1s0xda7d2bc61d11829:0xd8c9e8663933e510!8m2!3d33.579516!4d-7.625005!16s%2Fg%2F11bxb9q611!19sChIJKRjRYbzSpw0REOUzOWboydg?authuser=0&hl=en&rclk=1,Institut Diderot,Language school,Casablanca,+212 5 22 99 22 46,0,0,,,,,,,,,,
https://www.google.com/maps/place/EICHENDORFF+INSTITUT/data=!4m7!3m6!1s0xda7d3087a1373f3:0x1a78d88e8d142a9!8m2!3d33.5862295!4d-7.6310781!16s%2Fg%2F11rmx434lv!19sChIJ83MTegjTpw0RqULR6IiNpwE?authuser=0&hl=en&rclk=1,EICHENDORFF INSTITUT,German language school,Casablanca,+212 6 61 85 94 63,0,0,,,,,,,,,,
https://www.google.com/maps/place/Deutsch+Center/data=!4m7!3m6!1s0xda7cde8ab744239:0xc5fe23a500262de3!8m2!3d33.5942454!4d-7.60632!16s%2Fg%2F11qrj4m7ts!19sChIJOUJ0q-jNpw0R4y0mAKUj_sU?authuser=0&hl=en&rclk=1,Deutsch Center,German language school,Casablanca,+212 6 63 63 87 36,1,5,,,,,,,,,,
https://www.google.com/maps/place/Apollo+Institut/data=!4m7!3m6!1s0xda7d3f5460527b3:0x7525075edf185c19!8m2!3d33.5667244!4d-7.6393478!16s%2Fg%2F11smypq2yy!19sChIJsycFRvXTpw0RGVwY314HJXU?authuser=0&hl=en&rclk=1,Apollo Institut,Language school,Casablanca,+212 6 60 87 31 33,0,0,,,,,,,,,,
https://www.google.com/maps/place/Matrix+Casablanca/data=!4m7!3m6!1s0xda7cd48273dd637:0x33146e531013191!8m2!3d33.5742535!4d-7.6665976!16s%2Fg%2F11f4m6f8hy!19sChIJN9Y9J0jNpw0RkTEBMeVGMQM?authuser=0&hl=en&rclk=1,Matrix Casablanca,Language school,Casablanca,+212 5 22 36 78 52,35,2.9,,,,,,,,,,
https://www.google.com/maps/place/Speak+Asian+LC/data=!4m7!3m6!1s0xda7d3038a07f29f:0x54324535eca5f8d5!8m2!3d33.5891523!4d-7.6135721!16s%2Fg%2F11p0fy1bzf!19sChIJn_IHigPTpw0R1fil7DVFMlQ?authuser=0&hl=en&rclk=1,Speak Asian LC,Language school,Casablanca,+212 6 11 74 43 38,27,5,https://www.speakasianlc.com/cgi-sys/suspendedpage.cgi,,,,,,,,,
https://www.google.com/maps/place/Utalk+Center/data=!4m7!3m6!1s0xda7d30050b48ebb:0xb2502513b9400876!8m2!3d33.5965502!4d-7.6138814!16s%2Fg%2F11ln_k9gxz!19sChIJu460UADTpw0RdghAuRMlULI?authuser=0&hl=en&rclk=1,Utalk Center,Language school,Casablanca,+212 6 79 75 76 76,46,4.7,,,,,,,,,,
https://www.google.com/maps/place/Bright+Insight+Center/data=!4m7!3m6!1s0xda62d5070f4d75f:0xfb3370693582bd7d!8m2!3d33.5845841!4d-7.6319441!16s%2Fg%2F11tgh1w540!19sChIJX9f0cFAtpg0Rfb2CNWlwM_s?authuser=0&hl=en&rclk=1,Bright Insight Center,Language school,Casablanca,+212 7 14 60 69 69,23,5,https://brightinsightmaroc.com/,,,,,,,,,
https://www.google.com/maps/place/Matrix+centre+de+langues/data=!4m7!3m6!1s0xda7d349af59fc2b:0x5a710d1dadac8953!8m2!3d33.5799986!4d-7.6232932!16s%2Fg%2F11j4n_nh89!19sChIJK_xZr0nTpw0RU4msrR0NcVo?authuser=0&hl=en&rclk=1,Matrix centre de langues,Language school,Casablanca,+212 5 22 20 14 44,20,3.6,,,,,,,,,,
https://www.google.com/maps/place/Ecole+Point+Virgule/data=!4m7!3m6!1s0xda7d3027501da85:0x7790236a13bd0859!8m2!3d33.5971809!4d-7.6549784!16s%2Fg%2F11c1xj0nsl!19sChIJhdoBdQLTpw0RWQi9E2ojkHc?authuser=0&hl=en&rclk=1,Ecole Point Virgule,French language school,Casablanca,+212 5 22 36 24 24,12,4.1,,,,,,,,,,
https://www.google.com/maps/place/Language+Center+Amacasa/data=!4m7!3m6!1s0xda7cd7a1e176285:0x46067a4ef00f9210!8m2!3d33.568619!4d-7.5579547!16s%2Fg%2F11y6gnfgmf!19sChIJhWIXHnrNpw0REJIP8E56BkY?authuser=0&hl=en&rclk=1,Language Center Amacasa,Foreign languages program school,Casablanca,+212 7 08 00 78 57,7,5,https://centreamacasa.com/,,instagram.com/centre_ama,,,,,wa.me/212708007857,,
https://www.google.com/maps/place/Chahed+Training+Center/data=!4m7!3m6!1s0x27bcef24b18ccc37:0xa07b03a2a4c57a8f!8m2!3d33.5404403!4d-7.6765521!16s%2Fg%2F11w8qsdcrj!19sChIJN8yMsSTvvCcRj3rFpKIDe6A?authuser=0&hl=en&rclk=1,Chahed Training Center,Language school,Casablanca,+212 6 63 80 76 10,35,5,,,,,,,,,,
https://www.google.com/maps/place/Korean+Community/data=!4m7!3m6!1s0xda7d3a924d0603f:0x9c409b46b2a82c40!8m2!3d33.5942389!4d-7.6149518!16s%2Fg%2F11h55nw6yg!19sChIJP2DQJKnTpw0RQCyoskabQJw?authuser=0&hl=en&rclk=1,Korean Community,Language school,Casablanca,+212 7 07 06 43 04,11,4.6,,,,,,,,,,
https://www.google.com/maps/place/Center+British+Live+Academy/data=!4m7!3m6!1s0xda7cbeca1290477:0x7f7220d6b142df7b!8m2!3d33.6085254!4d-7.5142015!16s%2Fg%2F11t__1g5jk!19sChIJdwQpoezLpw0Re99CsdYgcn8?authuser=0&hl=en&rclk=1,Center British Live Academy,Language school,Casablanca,+212 6 09 96 82 23,10,5,https://www.instagram.com/british_house1,,instagram.com/rsrc.php/y4/r/QaBlI0OZiks.ico,,,,,,,
https://www.google.com/maps/place/International+House/data=!4m7!3m6!1s0xda7d282acf1b41f:0x725dcbe1824d6025!8m2!3d33.5965739!4d-7.6156843!16s%2Fg%2F11b6jh5m4l!19sChIJH7TxrILSpw0RJWBNguHLXXI?authuser=0&hl=en&rclk=1,International House,Language school,Casablanca,+212 5 22 26 89 32,7,4.3,https://www.ih.ma/,facebook.com/internationalhouseMaroc,,,,,,,contact@ih.ma,
https://www.google.com/maps/place/Lexipro/data=!4m7!3m6!1s0xda7d346be2795bf:0x872369b3c9cb0a88!8m2!3d33.5950667!4d-7.6167766!16s%2Fg%2F11rgb70mls!19sChIJv5UnvkbTpw0RiArLybNpI4c?authuser=0&hl=en&rclk=1,Lexipro,Language school,Casablanca,+212 5 22 26 69 66,13,3,,,,,,,,,,
"https://www.google.com/maps/place/Korean+Language+Center,+Casablanca/data=!4m7!3m6!1s0xda7cddb2646093f:0xdfd745a7ef769100!8m2!3d33.5891398!4d-7.607759!16s%2Fg%2F11ml9f_drg!19sChIJPwlGJtvNpw0RAJF276dF198?authuser=0&hl=en&rclk=1","Korean Language Center, Casablanca",Language school,Casablanca,+212 6 13 98 46 96,0,0,,,,,,,,,,
https://www.google.com/maps/place/English+Casa/data=!4m7!3m6!1s0xda7d3b0ece82eef:0xb71f3abc3d97268b!8m2!3d33.5938091!4d-7.6319832!16s%2Fg%2F11zg9dbccz!19sChIJ7y7o7LDTpw0RiyaXPbw6H7c?authuser=0&hl=en&rclk=1,English Casa,Language school,Casablanca,+212 6 74 25 88 87,1,5,https://casablanca-english-tutoring.netlify.app/,,instagram.com/abdelilahaazzouzi,,,,,wa.me/212674258887,abdelilah.ahmadiya@gmail.com,
https://www.google.com/maps/place/Gls+Fes+Prive+Center+Language+German/data=!4m7!3m6!1s0xda7cd764cfff6e9:0xc98b5ec22dc88ff8!8m2!3d33.599073!4d-7.576011!16s%2Fg%2F11mrzg4kyq!19sChIJ6fb_THbNpw0R-I_ILcJei8k?authuser=0&hl=en&rclk=1,Gls Fes Prive Center Language German,German language school,Casablanca,+212 6 52 57 69 33,1,5,https://www.instagram.com/gls.fes/,,instagram.com/rsrc.php/y4/r/QaBlI0OZiks.ico,,,,,,,
https://www.google.com/maps/place/Chissia+Center/data=!4m7!3m6!1s0xda7d30ef695c345:0x48aadf5164314d7b!8m2!3d33.5695409!4d-7.614514!16s%2Fg%2F11x_m9bsyw!19sChIJRcOV9g7Tpw0Re00xZFHfqkg?authuser=0&hl=en&rclk=1,Chissia Center,Chinese language school,Casablanca,+212 6 60 57 13 77,2,5,,,,,,,,,,
https://www.google.com/maps/place/Learn+And+Play+Casablanca/data=!4m7!3m6!1s0xda7d2ecb05e581f:0x188d5c0903cb4db3!8m2!3d33.5974876!4d-7.6361003!16s%2Fg%2F11g8xjplmd!19sChIJH1hesOzSpw0Rs03LAwlcjRg?authuser=0&hl=en&rclk=1,Learn And Play Casablanca,Language school,Casablanca,+212 6 54 96 62 66,6,4,,,,,,,,,,
https://www.google.com/maps/place/Language+Center+Edf/data=!4m7!3m6!1s0xda633e985a51019:0x53c8ede1847e38e7!8m2!3d33.5498029!4d-7.5567578!16s%2Fg%2F11l2zrrmvm!19sChIJGRClhekzpg0R5zh-hOHtyFM?authuser=0&hl=en&rclk=1,Language Center Edf,Foreign languages program school,Casablanca,+212 6 28 41 91 01,1,1,,,,,,,,,,
https://www.google.com/maps/place/British+Excellence/data=!4m7!3m6!1s0xda62d61352e4047:0xb56fbfe08d293f24!8m2!3d33.5551243!4d-7.6824255!16s%2Fg%2F11rqyvy9nb!19sChIJR0AuNWEtpg0RJD8pjeC_b7U?authuser=0&hl=en&rclk=1,British Excellence,English language school,Casablanca,+212 6 66 96 54 45,1,5,,,,,,,,,,
https://www.google.com/maps/place/Leipzig+connect/data=!4m7!3m6!1s0xda7d3d2f75d9d53:0xad8e9af4623818df!8m2!3d33.5712354!4d-7.6255703!16s%2Fg%2F11zhk_nqpq!19sChIJU51d99LTpw0R3xg4YvSajq0?authuser=0&hl=en&rclk=1,Leipzig connect,German language school,Casablanca,+212 6 60 77 68 64,0,0,https://www.leipzig-connect.com/,,,,,,,wa.me/212660776864,info@leipzig-connect.com,
https://www.google.com/maps/place/Centre+Alanwar+de+langue/data=!4m7!3m6!1s0xda633459127b1cf:0xae9a14ae09ccb576!8m2!3d33.5644126!4d-7.5688075!16s%2Fg%2F11qbbfkk87!19sChIJz7EnkUUzpg0RdrXMCa4Umq4?authuser=0&hl=en&rclk=1,Centre Alanwar de langue,Language school,Casablanca,+212 6 72 71 35 59,1,5,,,,,,,,,,
https://www.google.com/maps/place/Matrix+Groupe/data=!4m7!3m6!1s0xda7d365924bc137:0x7afe34acc5bd2a1b!8m2!3d33.5772485!4d-7.6252533!16s%2Fg%2F11s47fw8lh!19sChIJN8FLkmXTpw0RGyq9xaw0_no?authuser=0&hl=en&rclk=1,Matrix Groupe,Language school,Casablanca,+212 5 22 29 53 24,4,3,,,,,,,,,,
https://www.google.com/maps/place/Planet+Office+Center/data=!4m7!3m6!1s0xda62d6240aae1fd:0xaf211eea01d6261b!8m2!3d33.5330491!4d-7.6131038!16s%2Fg%2F11hd6zwmpx!19sChIJ_eGqQGItpg0RGybWAeoeIa8?authuser=0&hl=en&rclk=1,Planet Office Center,Language school,Casablanca,+212 6 71 32 13 32,7,4.1,,,,,,,,,,
https://www.google.com/maps/place/Deutsch+Vibes+Sprachzentrum/data=!4m7!3m6!1s0xda7cddca0359e5f:0x25eed3811ed417cc!8m2!3d33.5942505!4d-7.6065068!16s%2Fg%2F11zwmzd8kv!19sChIJX541oNzNpw0RzBfUHoHT7iU?authuser=0&hl=en&rclk=1,Deutsch Vibes Sprachzentrum,Foreign languages program school,Casablanca,+212 5 21 41 86 17,20,4.9,,,,,,,,,,
https://www.google.com/maps/place/212+Academy/data=!4m7!3m6!1s0xda7d29a8211fed1:0xf3a2ebbda1121f81!8m2!3d33.5331191!4d-7.6137954!16s%2Fg%2F11cjk6ck70!19sChIJ0f4RgprSpw0RgR8Sob3rovM?authuser=0&hl=en&rclk=1,212 Academy,English language school,Casablanca,+212 6 00 66 63 99,9,4.6,,,,,,,,,,
https://www.google.com/maps/place/Beta+Langues/data=!4m7!3m6!1s0xda62dff0830112d:0x4744ac7026cec1f2!8m2!3d33.531969!4d-7.6159795!16s%2Fg%2F11k9fs9167!19sChIJLREwCP8tpg0R8sHOJnCsREc?authuser=0&hl=en&rclk=1,Beta Langues,Language school,Casablanca,+212 5 20 32 00 50,1,5,,,,,,,,,,
https://www.google.com/maps/place/Jj+Centre+De+Langues/data=!4m7!3m6!1s0xda62ddfff4e05d5:0x3dd6335603340a40!8m2!3d33.5336472!4d-7.6137852!16s%2Fg%2F11vbjc67ps!19sChIJ1QVO_98tpg0RQAo0A1Yz1j0?authuser=0&hl=en&rclk=1,Jj Centre De Langues,Foreign languages program school,Casablanca,+212 6 65 78 56 36,1,5,,,,,,,,,,
https://www.google.com/maps/place/Cceps+City+Center+English+Private+School/data=!4m7!3m6!1s0xda7d3656a421ba5:0x37c66b06ecbd08b9!8m2!3d33.596546!4d-7.6139628!16s%2Fg%2F11vbpc3pb2!19sChIJpRtCamXTpw0RuQi97AZrxjc?authuser=0&hl=en&rclk=1,Cceps City Center English Private School,Language school,Casablanca,+212 6 02 26 71 41,0,0,,,,,,,,,,
https://www.google.com/maps/place/Hcc+Deutsch+Casablanca/data=!4m7!3m6!1s0xda7d306fbe39f31:0x421bbaeaab001f70!8m2!3d33.5965476!4d-7.6140051!16s%2Fg%2F11vy0tdc9l!19sChIJMZ_j-wbTpw0RcB8Aq-q6G0I?authuser=0&hl=en&rclk=1,Hcc Deutsch Casablanca,Foreign languages program school,Casablanca,+212 6 65 61 55 53,4,5,,,,,,,,,,
https://www.google.com/maps/place/Darija+Center/data=!4m7!3m6!1s0xda7d3385b8e7f6b:0xa9de5497c6df3583!8m2!3d33.5719183!4d-7.6748354!16s%2Fg%2F11d_v7_yz3!19sChIJa3-OWzjTpw0RgzXfxpdU3qk?authuser=0&hl=en&rclk=1,Darija Center,Language school,Casablanca,+212 6 19 07 14 21,2,5,,,,,,,,,,
https://www.google.com/maps/place/Academia+B%C3%A9cqeur-Plus/data=!4m7!3m6!1s0xda7d3b23a60196f:0xfeed179bbc8227ae!8m2!3d33.5919737!4d-7.6252889!16s%2Fg%2F11tf0l4lxk!19sChIJbxlgOrLTpw0RrieCvJsX7f4?authuser=0&hl=en&rclk=1,Academia Bécqeur-Plus,Language school,Casablanca,+212 6 61 65 43 64,47,4.6,https://www.academiabecquerplus.ma/,facebook.com/profile.php?id=61561186959584,instagram.com/academiabecquerplus.ma,,,youtube.com/@academiabecquerplus3555?si=vJZYWIfQSjYoc1wJ,tiktok.com/@academiabequerplus,,contact@academiabecquerplus-ba88b4.ingress-erytho.ewp.live, 
https://www.google.com/maps/place/Prime+English/data=!4m7!3m6!1s0xda62dd4bb6b5c81:0x6c420b4ce494e522!8m2!3d33.5159833!4d-7.642099!16s%2Fg%2F11vzblnzf_!19sChIJgVxru9Qtpg0RIuWU5EwLQmw?authuser=0&hl=en&rclk=1,Prime English,English language school,Casablanca,+212 6 65 15 44 43,39,5,https://primeenglish.ma/,facebook.com/tr?id=420474297362560&ev=PageView&noscript=1&cd%5Bpage_title%5D=Home&cd%5Bpost_type%5D=page&cd%5Bpost_id%5D=7&cd%5Bplugin%5D=PixelYourSite&cd%5Buser_role%5D=guest&cd%5Bevent_url%5D=primeenglish.ma%2F,,,,,,wa.me/212665154443?text=Bonjour%2C%20je%20souhaite%20r%C3%A9server%20un%20cours%20d%27essai%20%F0%9F%8E%81%20(%5BEnfants%2FAdos%2FAdultes%2FExamens%5D,primeenglishmaroc@gmail.com,
https://www.google.com/maps/place/Achraf+Academy/data=!4m7!3m6!1s0xda633f185d3f345:0xea59dc0d2bd94052!8m2!3d33.5648896!4d-7.5447841!16s%2Fg%2F11wn6xj1qx!19sChIJRfPThfEzpg0RUkDZKw3cWeo?authuser=0&hl=en&rclk=1,Achraf Academy,Language school,Casablanca,+212 7 83 65 83 36,9,5,,,,,,,,,,
https://www.google.com/maps/place/School+Normale+H%C3%A9bra%C3%AFque/data=!4m7!3m6!1s0xda62d328d5ac9ad:0xfa0cd47d5ee0c893!8m2!3d33.5584767!4d-7.6427432!16zL20vMDgzX3Ff!19sChIJrclajTItpg0Rk8jgXn3UDPo?authuser=0&hl=en&rclk=1,School Normale Hébraïque,Language school,Casablanca,+212 5 22 25 24 38,13,4.1,,,,,,,,,,
https://www.google.com/maps/place/Casa+Langue/data=!4m7!3m6!1s0xda7d3e53fbc39e9:0xc7b4add953f6a33e!8m2!3d33.5962875!4d-7.6164175!16s%2Fg%2F11kb7gvjrh!19sChIJ6Tm8P-XTpw0RPqP2U9mttMc?authuser=0&hl=en&rclk=1,Casa Langue,Language school,Casablanca,+212 6 60 12 80 09,0,0,,,,,,,,,,
https://www.google.com/maps/place/Next+point+academy/data=!4m7!3m6!1s0xda7d30f07e90acf:0xe6d1edfb4b71431b!8m2!3d33.5749611!4d-7.6468647!16s%2Fg%2F11zb3ns220!19sChIJzwrpBw_Tpw0RG0NxS_vt0eY?authuser=0&hl=en&rclk=1,Next point academy,Language school,Casablanca,+212 5 22 25 48 24,0,0,,,,,,,,,,
https://www.google.com/maps/place/American+Training+Center/data=!4m7!3m6!1s0xda62d7937f02ccf:0x111f46d9522389d4!8m2!3d33.5213791!4d-7.635536!16s%2Fg%2F11vq4_m38s!19sChIJzyzwN3ktpg0R1IkjUtlGHxE?authuser=0&hl=en&rclk=1,American Training Center,English language school,Casablanca,+212 6 56 91 11 86,3,5,,,,,,,,,,
https://www.google.com/maps/place/%D8%A7%D9%84%D9%85%D8%B9%D9%87%D8%AF+%D8%A7%D9%84%D8%A7%D9%88%D8%B1%D9%88%D8%A8%D9%8A+%D9%84%D9%84%D8%BA%D8%A7%D8%AA+%D9%88%D8%A7%D9%84%D8%AA%D9%88%D8%A7%D8%B5%D9%84+%D8%A7%D9%84%D8%AE%D8%A7%D8%B5%E2%80%AD/data=!4m7!3m6!1s0xda7cbb3273d022b:0x55b7dfdd245c7afb!8m2!3d33.5916711!4d-7.4990625!16s%2Fg%2F11l338prr9!19sChIJKwI9J7PLpw0R-3pcJN3ft1U?authuser=0&hl=en&rclk=1,المعهد الاوروبي للغات والتواصل الخاص,Foreign languages program school,Casablanca,+212 7 02 56 53 69,1,3,,,,,,,,,,
https://www.google.com/maps/place/Centre+L%27excellence+Bernoussi/data=!4m7!3m6!1s0xda7cbb24316a97b:0x4594bd034e362f5f!8m2!3d33.6053084!4d-7.5139981!16s%2Fg%2F11h_v0n7k4!19sChIJe6kWQ7LLpw0RXy82TgO9lEU?authuser=0&hl=en&rclk=1,Centre L'excellence Bernoussi,Language school,Casablanca,+212 6 45 04 33 10,6,4.3,,,,,,,,,,
https://www.google.com/maps/place/Myconos+School+-+Quardrilingual+School/data=!4m7!3m6!1s0xda7cd8239f23429:0x5ac2cb91efbd6763!8m2!3d33.6184469!4d-7.5366949!16s%2Fg%2F11swsljcc7!19sChIJKTTyOYLNpw0RY2e975HLwlo?authuser=0&hl=en&rclk=1,Myconos School - Quardrilingual School,Foreign languages program school,Casablanca,+212 6 25 26 22 48,2,4,,,,,,,,,,
https://www.google.com/maps/place/Cours+de+fran%C3%A7ais+personnalis%C3%A9s+%C3%A0+domicile/data=!4m7!3m6!1s0xda7cde7b61e8103:0xb74c9c9e5c46ab07!8m2!3d33.57308!4d-7.589776!16s%2Fg%2F11llg1xvy7!19sChIJA4EetufNpw0RB6tGXJ6cTLc?authuser=0&hl=en&rclk=1,Cours de français personnalisés à domicile,Language school,Casablanca,+212 6 59 20 14 56,0,0,,,,,,,,,,
https://www.google.com/maps/place/Almaroc+X+Multijobs/data=!4m7!3m6!1s0xda7d3b8e8d69a6f:0x337d469a9a9297f4!8m2!3d33.5737956!4d-7.6705639!16s%2Fg%2F11yyv91q63!19sChIJb5rW6LjTpw0R9JeSmppGfTM?authuser=0&hl=en&rclk=1,Almaroc X Multijobs,Language school,Casablanca,+212 6 12 51 49 11,21,5,https://almaroc-multijobs.de/,,,,,,,,info@almaroc-multijobs.de,
https://www.google.com/maps/place/Bridgeo+Germany+%D8%A7%D9%84%D8%AF%D8%B1%D8%A7%D8%B3%D8%A9+%D9%81%D9%8A+%D8%A3%D9%84%D9%85%D8%A7%D9%86%D9%8A%D8%A7%E2%80%AD/data=!4m7!3m6!1s0xda7cde519917a23:0xb34fe83bf020f996!8m2!3d33.5947805!4d-7.6016759!16s%2Fg%2F11h8bjmlx7!19sChIJI3qRGeXNpw0Rlvkg8DvoT7M?authuser=0&hl=en&rclk=1,Bridgeo Germany الدراسة في ألمانيا,German language school,Casablanca,+212 5 22 24 70 71,22,4.8,,,,,,,,,,
https://www.google.com/maps/place/Folam+Deutsch/data=!4m7!3m6!1s0xda7cd9e77460457:0x9e1be0a3400f8e8e!8m2!3d33.5938127!4d-7.6078776!16s%2Fg%2F11k3hkv3tc!19sChIJVwRGd57Npw0Rjo4PQKPgG54?authuser=0&hl=en&rclk=1,Folam Deutsch,German language school,Casablanca,+212 6 65 84 44 59,0,0,,,,,,,,,,
https://www.google.com/maps/place/American+Learning+Group/data=!4m7!3m6!1s0xda62d303486bd11:0x4076723dd90fb3aa!8m2!3d33.5295425!4d-7.6650701!16s%2Fg%2F11gzn1ylhg!19sChIJEb2GNDAtpg0RqrMP2T1ydkA?authuser=0&hl=en&rclk=1,American Learning Group,English language school,Casablanca,+212 6 29 90 98 66,0,0,,,,,,,,,,
https://www.google.com/maps/place/Locus+English/data=!4m7!3m6!1s0xda7d2c21f04d755:0xcc10b027b0f43070!8m2!3d33.5818136!4d-7.6387965!16s%2Fg%2F11fy_4bybb!19sChIJVdcEH8LSpw0RcDD0sCewEMw?authuser=0&hl=en&rclk=1,Locus English,English language school,Casablanca,+212 6 61 20 08 23,0,0,,,,,,,,,,
https://www.google.com/maps/place/Mon+P%27tit+Bureau/data=!4m7!3m6!1s0xda7d3c1b378ed0b:0x9bd17b65860a9424!8m2!3d33.5937483!4d-7.63205!16s%2Fg%2F11s8hj41fk!19sChIJC-14s8HTpw0RJJQKhmV70Zs?authuser=0&hl=en&rclk=1,Mon P'tit Bureau,English language school,Casablanca,+212 6 65 02 45 27,1,5,,,,,,,,,,
https://www.google.com/maps/place/Come+And+Speak+Center/data=!4m7!3m6!1s0xda62dab9cf8be9f:0xe40e97983c259dd8!8m2!3d33.5430071!4d-7.6677577!16s%2Fg%2F11pkbzz1pv!19sChIJn774nKstpg0R2J0lPJiXDuQ?authuser=0&hl=en&rclk=1,Come And Speak Center,English language school,Casablanca,+212 6 45 86 14 80,0,0,,,,,,,,,,
https://www.google.com/maps/place/Direct+English/data=!4m7!3m6!1s0xda62d49da63f117:0xdba3701478d0b8ce!8m2!3d33.5602587!4d-7.6294966!16s%2Fg%2F11y2nct934!19sChIJF_Fj2kktpg0RzrjQeBRwo9s?authuser=0&hl=en&rclk=1,Direct English,English language school,Casablanca,+212 5 22 99 36 46,0,0,,,,,,,,,,
https://www.google.com/maps/place/Harmony+Language+Center/data=!4m7!3m6!1s0xda7d3f8c8fe249b:0xa703d01b787e198e!8m2!3d33.5617691!4d-7.6698553!16s%2Fg%2F11m6dyw2py!19sChIJmyT-yPjTpw0Rjhl-eBvQA6c?authuser=0&hl=en&rclk=1,Harmony Language Center,English language school,Casablanca,+212 6 69 26 41 16,0,0,,,,,,,,,,
https://www.google.com/maps/place/English+language+Teacher%2F+professor+%22Yahya+Anir%22/data=!4m7!3m6!1s0xda62da9e2363559:0x2a7f48052b113582!8m2!3d33.5577714!4d-7.6709136!16s%2Fg%2F11svtkl033!19sChIJWTU24qktpg0RgjURKwVIfyo?authuser=0&hl=en&rclk=1,"English language Teacher/ professor ""Yahya Anir""",English language school,Casablanca,+212 6 11 82 91 79,0,0,,,,,,,,,,
https://www.google.com/maps/place/Instituto+Cervantes+De+Marrakech/data=!4m7!3m6!1s0xdafee909a6acfe5:0xad7ee5b31a410e10!8m2!3d31.6376525!4d-8.0170704!16s%2Fg%2F1tj97s39!19sChIJ5c9qmpDurw0REA5BGrPlfq0?authuser=0&hl=en&rclk=1,Instituto Cervantes De Marrakech,Foreign languages program school,Marrakesh,+212 5 24 42 20 55,20,4.2,https://marrakech.cervantes.es/es/default.shtm,facebook.com/pages/Instituto-Cervantes-de-Marrakech/135800609903866,,,,youtube.com/watch?v=VHMlyY4joLI,,,"admar@cervantes.es, cenmar@cervantes.es, info.agadir@cervantes.es, ninfo.agadir@cervantes.es", 
https://www.google.com/maps/place/Academy+Americaine+Internationale/data=!4m7!3m6!1s0xdafe9b8c35e1d3b:0x1038d1cd4b3f14b5!8m2!3d31.6275642!4d-8.0589875!16s%2Fg%2F11sd38lyj5!19sChIJOx1ew7jprw0RtRQ_S83ROBA?authuser=0&hl=en&rclk=1,Academy Americaine Internationale,Foreign languages program school,Marrakesh,+212 6 00 97 00 72,109,4.7,,,,,,,,,,
https://www.google.com/maps/place/Explorem+SARL/data=!4m7!3m6!1s0xdafef18e190e9a7:0xfe589957f732f57!8m2!3d31.6360147!4d-8.0122652!16s%2Fg%2F11y45w3nc0!19sChIJp-mQ4Rjvrw0RVy9zf5WJ5Q8?authuser=0&hl=en&rclk=1,Explorem SARL,Language school,Marrakesh,+212 6 68 67 65 18,22,4.9,https://explorem.net/en,facebook.com/ExploremSARL,instagram.com/explorem21,,linkedin.com/in/gracila-vacaro-ucag-b14136127,youtube.com/@Explorem-mw5rq,tiktok.com/@explorem3?_t=8kje1qeF88j&_r=1,,"erecruit21@gmail.com, example@email.com, explorem.documents@gmail.com, explorem.nursing@gmail.com, explorem21@gmail.com", 
https://www.google.com/maps/place/Emp-Ecole+Moderne+Polydisciplinaire/data=!4m7!3m6!1s0xdafef0009283dfb:0x288872d1a5f303d8!8m2!3d31.6356509!4d-8.0150602!16s%2Fg%2F11lnlrg_0y!19sChIJ-z0oCQDvrw0R2APzpdFyiCg?authuser=0&hl=en&rclk=1,Emp-Ecole Moderne Polydisciplinaire,Language school,Marrakesh,+212 6 60 66 38 66,17,4.1,,,,,,,,,,
https://www.google.com/maps/place/German+Academy+-+Marrakech/data=!4m7!3m6!1s0xdafef531f428731:0xa33805e7dea5c358!8m2!3d31.6462035!4d-7.9948545!16s%2Fg%2F11h1dsm6f9!19sChIJMYdCH1Pvrw0RWMOl3ucFOKM?authuser=0&hl=en&rclk=1,German Academy - Marrakech,German language school,Marrakesh,+212 5 22 26 75 47,7,5,,,,,,,,,,
https://www.google.com/maps/place/Language+Center+S%C3%A9ville/data=!4m7!3m6!1s0xdafef66ed17f14d:0x7d6928a288e16a29!8m2!3d31.5987777!4d-8.0385153!16s%2Fg%2F11fnpzzbz8!19sChIJTfEX7Wbvrw0RKWrhiKIoaX0?authuser=0&hl=en&rclk=1,Language Center Séville,Language school,Marrakesh,+212 5 24 20 25 95,0,0,,,,,,,,,,
https://www.google.com/maps/place/Das+Akademie/data=!4m7!3m6!1s0xdafed1735c36953:0xd1e5eadfc57a62e3!8m2!3d31.6542437!4d-8.0194796!16s%2Fg%2F11s5f0gcqs!19sChIJU2nDNRftrw0R42J6xd_q5dE?authuser=0&hl=en&rclk=1,Das Akademie,Language school,Marrakesh,+212 6 60 74 69 80,26,2.7,,,,,,,,,,
https://www.google.com/maps/place/Berdait+center/data=!4m7!3m6!1s0xdafeb0bc91a34bb:0x14e20dc26fa76fdc!8m2!3d31.6831603!4d-8.0659488!16s%2Fg%2F11kghz3scl!19sChIJuzQayQvrrw0R3G-nb8IN4hQ?authuser=0&hl=en&rclk=1,Berdait center,Language school,Marrakesh,+212 6 37 35 03 40,0,0,,,,,,,,,,
https://www.google.com/maps/place/Dynamic+English+Club/data=!4m7!3m6!1s0xda7cda1a42c0655:0x20e925c12b813d45!8m2!3d33.57407!4d-7.610924!16s%2Fg%2F11g1y0_btd!19sChIJVQYspKHNpw0RRT2BK8El6SA?authuser=0&hl=en&rclk=1,Dynamic English Club,English language camp,Casablanca,+212 6 66 15 13 19,1,5,,,,,,,,,,
https://www.google.com/maps/place/English+For+All/data=!4m7!3m6!1s0xda7d36f3bdf7845:0x853f214877f14eb7!8m2!3d33.5938884!4d-7.6507209!16s%2Fg%2F11nnqmc5hj!19sChIJRXjfO2_Tpw0Rt07xd0ghP4U?authuser=0&hl=en&rclk=1,English For All,English language camp,Casablanca,+212 6 74 60 60 26,0,0,,,,,,,,,,
https://www.google.com/maps/place/English+World/data=!4m7!3m6!1s0xda7cd2ff8c4f54d:0x13b18a6be3c127f9!8m2!3d33.5731029!4d-7.5898116!16s%2Fg%2F11tngdwdb_!19sChIJTfXE-C_Npw0R-SfB42uKsRM?authuser=0&hl=en&rclk=1,English World,Language school,Casablanca,+212 6 98 58 14 42,0,0,,,,,,,,,,
https://www.google.com/maps/place/Rabat+Language+Academy/data=!4m7!3m6!1s0xda76b58e75e441f:0xd8bea2615e788d69!8m2!3d34.0242331!4d-6.8284567!16s%2Fg%2F11j8qy4xbv!19sChIJH0Re51hrpw0RaY14XmGivtg?authuser=0&hl=en&rclk=1,Rabat Language Academy,English language school,Rabat,+212 6 42 80 59 77,10,5,,,,,,,,,,
https://www.google.com/maps/place/Moroccan+Center+for+Arabic+Studies/data=!4m7!3m6!1s0xda76c7651047685:0x28f338b04797589d!8m2!3d34.021976!4d-6.8372423!16s%2Fg%2F11b6t572kl!19sChIJhXYEUXZspw0RnViXR7A48yg?authuser=0&hl=en&rclk=1,Moroccan Center for Arabic Studies,Language school,Rabat,+212 6 01 38 25 36,116,5,https://www.mcas-arabic.com/,facebook.com/mcasarabic,instagram.com/mcasmorocco,,linkedin.com/in/moroccancenterforarabicstudies,youtube.com/@studyarabicinmoroccoforara5035,,,info@mcas-arabic.com,
https://www.google.com/maps/place/English+Express/data=!4m7!3m6!1s0xda76dc66bae820b:0x539f6f26e32c642d!8m2!3d33.9980629!4d-6.8478213!16s%2Fg%2F11fkyy09tp!19sChIJC4Kua8Ztpw0RLWQs4yZvn1M?authuser=0&hl=en&rclk=1,English Express,Language school,Rabat,+212 6 79 05 07 44,10,4.9,,,,,,,,,,
https://www.google.com/maps/place/Instituto+Cervantes/data=!4m7!3m6!1s0xda76b87db835a3f:0xf3cf73766fc94b57!8m2!3d34.0184732!4d-6.8338019!16s%2Fg%2F11r97qq1k!19sChIJP1qD24drpw0RV0vJb3Zzz_M?authuser=0&hl=en&rclk=1,Instituto Cervantes,Language school,Rabat,+212 5 37 20 37 15,109,4.4,https://rabat.cervantes.es/fr/default.shtm,facebook.com/InstitutoCervantesRabat,instagram.com/institutocervantesrabat/?hl=fr,twitter.com/IC_Rabat,,youtube.com/channel/UCA3dxZ8_Vs-y2b1KErWh1AQ,,,"cenrab@cervantes.es, mohamed.ghziel@cervantes.es", 
https://www.google.com/maps/place/German+Startup/data=!4m7!3m6!1s0xda76d006522a6cf:0x5dc641ff7326283!8m2!3d33.9964177!4d-6.8470304!16s%2Fg%2F11wc5v9jkx!19sChIJz6YiZQBtpw0Rg2Iy9x9k3AU?authuser=0&hl=en&rclk=1,German Startup,German language school,Rabat,+212 6 70 03 42 02,104,4.7,https://germanstartup.ma/,facebook.com/p/German-startup-61564130968410/?_rdc=1&_rdr,instagram.com/german.startup,,,,,wa.me/212670034202?text=%D9%85%D8%B1%D8%AD%D8%A8%D8%A7%D8%8C%20%D8%A3%D8%B1%D9%8A%D8%AF%20%D8%A7%D9%84%D8%AA%D9%88%D8%A7%D8%B5%D9%84%20%D9%85%D8%B9%D9%83%D9%85,germanstartup.info@gmail.com,
https://www.google.com/maps/place/Communication.com/data=!4m7!3m6!1s0xda76d7b4d381ac7:0xb03f7498c8171eaf!8m2!3d33.9897701!4d-6.8488601!16s%2Fg%2F11h12j1l1j!19sChIJxxo4TXttpw0Rrx4XyJh0P7A?authuser=0&hl=en&rclk=1,Communication.com,English language school,Rabat,+212 6 62 60 35 30,8,4.5,,,,,,,,,,
"https://www.google.com/maps/place/Hassan+Centre+-+Soutien+Scolaire,+Langues+et+Formations+%C3%A0+Rabat/data=!4m7!3m6!1s0xda76b00294373a7:0xc3316dfb304302e2!8m2!3d34.0201464!4d-6.8266411!16s%2Fg%2F11w91hlnmp!19sChIJp3NDKQBrpw0R4gJDMPttMcM?authuser=0&hl=en&rclk=1","Hassan Centre - Soutien Scolaire, Langues et Formations à Rabat",Language school,Rabat,+212 6 66 65 11 05,6,5,https://hassancp.com/,facebook.com/hassancprabat,instagram.com/hassancprabat,,,,,wa.me/212666651105,contact@hassancp.com,
https://www.google.com/maps/place/Eba+Akademie/data=!4m7!3m6!1s0xda7cdfdafc0d9bb:0xf6e417a367180542!8m2!3d33.998885!4d-6.8491634!16s%2Fg%2F11fqz4n8pk!19sChIJu9nAr_3Npw0RQgUYZ6MX5PY?authuser=0&hl=en&rclk=1,Eba Akademie,German language school,Rabat,+212 6 66 48 30 34,38,4.7,https://ebaakademie.com/,,,,,,,,,
https://www.google.com/maps/place/Gls+Sprachenzentrum+Centre+D%27allemand/data=!4m7!3m6!1s0xda76b254ea656d5:0xaf2f9258ee6fba89!8m2!3d34.0400773!4d-6.8172275!16s%2Fg%2F11h0mqg8l0!19sChIJ1VamTiVrpw0Ribpv7liSL68?authuser=0&hl=en&rclk=1,Gls Sprachenzentrum Centre D'allemand,German language school,Salé,+212 8 08 54 06 25,357,4.9,https://gls-sprachzentrum.ma/en,facebook.com/gls.sale,instagram.com/gls.maroc,,,youtube.com/@9onsolsTalks,tiktok.com/@gls.sprachenzentrum?is_from_webapp=1&sender_device=pc,wa.me/212603160277,info@gls-sprachzentrum.ma,
https://www.google.com/maps/place/Ahlan+Morocco/data=!4m7!3m6!1s0xda76b86b09d281b:0xa2271fae2d0790eb!8m2!3d34.0144238!4d-6.8305143!16s%2Fg%2F11c3sxptc_!19sChIJGyidsIZrpw0R65AHLa4fJ6I?authuser=0&hl=en&rclk=1,Ahlan Morocco,Language school,Rabat,+212 5 37 76 66 84,15,5,https://www.ahlan-world.org/,facebook.com/AhlanWorldArabic,instagram.com/ahlanworld.arabic,,linkedin.com/company/ahlan-world-arabic,youtube.com/channel/UCUf3ombpL-IaMSKSIkahXdg,tiktok.com/@ahlan_world,,"ahlan@ahlan-world.org, alexandria@ahlan-world.org, amman@ahlan-world.org, cairo@ahlan-world.org, luxorfdn@ahlan-world.org, online@ahlan-world.org, rabat@ahlan-world.org", 
https://www.google.com/maps/place/Institute+Hier+Deutsch/data=!4m7!3m6!1s0xda76c70f9b0332d:0xa8266f5f9645b24f!8m2!3d34.0208205!4d-6.8429412!16s%2Fg%2F11ddzqmt92!19sChIJLTOw-XBspw0RT7JFll9vJqg?authuser=0&hl=en&rclk=1,Institute Hier Deutsch,Foreign languages program school,Rabat,+212 5 37 26 26 73,1,5,,,,,,,,,,
https://www.google.com/maps/place/Gamma+Support+And+Languages/data=!4m7!3m6!1s0xda76b49306fc6e3:0x436006923b3ce606!8m2!3d33.9714641!4d-6.8181733!16s%2Fg%2F11c1szy2fq!19sChIJ48ZvMElrpw0RBuY8O5IGYEM?authuser=0&hl=en&rclk=1,Gamma Support And Languages,Language school,Rabat,+212 6 61 47 05 08,4,4,,,,,,,,,,
https://www.google.com/maps/place/Centre+Takadoum+Des+Sciences+Et+Des+Langues/data=!4m7!3m6!1s0xda76b065ddd510b:0x238d0800d0d583ba!8m2!3d33.9857744!4d-6.8202012!16s%2Fg%2F11r7r5h6yc!19sChIJC1HdXQZrpw0RuoPV0AAIjSM?authuser=0&hl=en&rclk=1,Centre Takadoum Des Sciences Et Des Langues,Language school,Rabat,+212 6 46 30 04 16,0,0,,,,,,,,,,
https://www.google.com/maps/place/AlphaPro+Language+Centre/data=!4m7!3m6!1s0xda741f12db37179:0xf68aeb862c523922!8m2!3d33.9997418!4d-6.7416153!16s%2Fg%2F11h6r9bpj1!19sChIJeXGzLfFBpw0RIjlSLIbrivY?authuser=0&hl=en&rclk=1,AlphaPro Language Centre,Language school,Salé,+212 6 29 26 60 76,211,4.9,,,,,,,,,,
https://www.google.com/maps/place/Hoffmann+Academies/data=!4m7!3m6!1s0xda76beefbfb639b:0x47bc3bc9638bf4b1!8m2!3d34.0195125!4d-6.8477344!16s%2Fg%2F11gtzh769b!19sChIJm2P7--5rpw0RsfSLY8k7vEc?authuser=0&hl=en&rclk=1,Hoffmann Academies,Language school,Rabat,+212 5 37 73 73 38,3,5,,,,,,,,,,
https://www.google.com/maps/place/Rb+Connect+Prive/data=!4m7!3m6!1s0xda76b39dfb0b931:0xf77764e5d6f6ec5b!8m2!3d34.0427695!4d-6.7915711!16s%2Fg%2F11tf57769x!19sChIJMbmw3zlrpw0RW-z21uVkd_c?authuser=0&hl=en&rclk=1,Rb Connect Prive,Language school,Salé,+212 7 08 00 75 48,73,4.9,,,,,,,,,,
https://www.google.com/maps/place/Academia+Pridia/data=!4m7!3m6!1s0xda76c89999fa3ad:0x92bafd952272eceb!8m2!3d34.0048818!4d-6.8500983!16s%2Fg%2F11c59w02t4!19sChIJraOfmYlspw0R6-xyIpX9upI?authuser=0&hl=en&rclk=1,Academia Pridia,Language school,Rabat,+212 6 24 11 09 33,2,5,,,,,,,,,,
https://www.google.com/maps/place/GAL+German+Academy+for+Languages/data=!4m7!3m6!1s0xda76dee46a39ecf:0xfe58ae732f41dd08!8m2!3d34.001398!4d-6.8463649!16s%2Fg%2F11wftsp41p!19sChIJz56jRu5tpw0RCN1BL3OuWP4?authuser=0&hl=en&rclk=1,GAL German Academy for Languages,German language school,Rabat,+212 7 08 98 74 84,1,5,,,,,,,,,,
https://www.google.com/maps/place/Berlin+Center/data=!4m7!3m6!1s0xda76db51b30e2f1:0xee0309fe30ee9585!8m2!3d33.9933068!4d-6.8485229!16s%2Fg%2F11qr380mwg!19sChIJ8eIwG7Vtpw0RhZXuMP4JA-4?authuser=0&hl=en&rclk=1,Berlin Center,German language school,Rabat,+212 6 36 63 87 36,0,0,,,,,,,,,,
https://www.google.com/maps/place/Centre+Privil%C3%A8ge/data=!4m7!3m6!1s0xda76bec306e42ef:0x39f76c4195bf856e!8m2!3d34.0356242!4d-6.8210725!16s%2Fg%2F11hb62ny_n!19sChIJ70JuMOxrpw0RboW_lUFs9zk?authuser=0&hl=en&rclk=1,Centre Privilège,Language school,Salé,+212 5 38 84 35 65,15,4,https://www.centreprivilege.com/,FaceBook.com/Centreprivilege,Instagram.com/Centre.privilege,Twitter.com/PrivilegeCentre,,,tiktok.com/i18n/pixel/events.js,,,
https://www.google.com/maps/place/International+Academy_1+%28IAC%29/data=!4m7!3m6!1s0xda76d6f3c84505d:0xc8ab37b1a653555d!8m2!3d34.0208085!4d-6.8429494!16s%2Fg%2F11rj60rv98!19sChIJXVCEPG9tpw0RXVVTprE3q8g?authuser=0&hl=en&rclk=1,International Academy_1 (IAC),Language school,Rabat,+212 5 37 76 64 86,13,4.5,,,,,,,,,,
https://www.google.com/maps/place/The+English+Language+Council/data=!4m7!3m6!1s0xda76b0d5998b257:0x8d324d96ce691f2f!8m2!3d33.9983657!4d-6.8127788!16s%2Fg%2F11f_ly0vm5!19sChIJV7KYWQ1rpw0RLx9pzpZNMo0?authuser=0&hl=en&rclk=1,The English Language Council,Language school,Rabat,+212 6 68 23 18 69,0,0,https://taspocahontas.wordpress.com/,facebook.com/WordPresscom,,,,,,,,
https://www.google.com/maps/place/Menara+El+Arabiya/data=!4m7!3m6!1s0xda76b0f3a1d509f:0x4dbab0557b273496!8m2!3d34.0159822!4d-6.8235008!16s%2Fg%2F11h3sr2715!19sChIJn1AdOg9rpw0RljQne1Wwuk0?authuser=0&hl=en&rclk=1,Menara El Arabiya,Language school,Rabat,+212 5 37 76 00 96,0,0,,,,,,,,,,
https://www.google.com/maps/place/%C3%89cole+de+n%C3%A9erlandais/data=!4m7!3m6!1s0xda76bf8218af039:0x7205e3315c441bab!8m2!3d34.0185281!4d-6.8232229!16s%2Fg%2F11h2qtvcjg!19sChIJOfCKIfhrpw0RqxtEXDHjBXI?authuser=0&hl=en&rclk=1,École de néerlandais,Language school,Rabat,+212 6 61 43 29 76,0,0,,,,,,,,,,
https://www.google.com/maps/place/CLE+%28center+des+langues+%C3%A9trang%C3%A8res%29/data=!4m7!3m6!1s0x80113d4a19d0d1f7:0x34cedb532cd608df!8m2!3d33.9692189!4d-6.8572628!16s%2Fg%2F11yfksdddw!19sChIJ99HQGUo9EYAR3wjWLFPbzjQ?authuser=0&hl=en&rclk=1,CLE (center des langues étrangères),Language school,Rabat,+212 6 71 74 64 74,0,0,,,,,,,,,,
https://www.google.com/maps/place/Euro-American+Language+Institue/data=!4m7!3m6!1s0xda741b7290d168d:0xc1292fdb5ffbebb8!8m2!3d34.0003868!4d-6.7404318!16s%2Fg%2F11kfy17n_c!19sChIJjRYNKbdBpw0RuOv7X9svKcE?authuser=0&hl=en&rclk=1,Euro-American Language Institue,Language school,Salé,+212 6 60 22 72 27,61,3.7,https://www.instagram.com/euroamericanlanguageinstitute?igsh=NzNuaHVxbnhna2o=,,instagram.com/rsrc.php/y4/r/QaBlI0OZiks.ico,,,,,,,
https://www.google.com/maps/place/Goethe+Atlas/data=!4m7!3m6!1s0xda7d3488232ded1:0x2d244e0fc74bbfbb!8m2!3d33.5896644!4d-7.6151038!16s%2Fg%2F11whl7qgnv!19sChIJ0d4ygkjTpw0Ru79Lxw9OJC0?authuser=0&hl=en&rclk=1,Goethe Atlas,Language school,Casablanca,+212 7 24 42 79 14,1,5,,,,,,,,,,
https://www.google.com/maps/place/5+skills+%7C+Eden+academy+%7C+Viva+Academy/data=!4m7!3m6!1s0xda7d3a23c29d89f:0x53deb3038b1808c5!8m2!3d33.5949024!4d-7.6167834!16s%2Fg%2F11yclg_b6_!19sChIJn9gpPKLTpw0RxQgYiwOz3lM?authuser=0&hl=en&rclk=1,5 skills | Eden academy | Viva Academy,Language school,Casablanca,+212 6 14 33 11 33,1,5,,,,,,,,,,
https://www.google.com/maps/place/Groupe+Al+Qima+-+%D9%85%D8%A4%D8%B3%D8%B3%D8%A9+%D8%A7%D9%84%D9%82%D9%85%D8%A9%E2%80%AD/data=!4m7!3m6!1s0xda6354e40f1920b:0x3c30d30a0246d6cb!8m2!3d33.5525274!4d-7.4852001!16s%2Fg%2F11tbx2cnpr!19sChIJC5LxQE41pg0Ry9ZGAgrTMDw?authuser=0&hl=en&rclk=1,Groupe Al Qima - مؤسسة القمة,Language school,Tit Mellil,+212 6 60 90 62 82,3,5,,,,,,,,,,
https://www.google.com/maps/place/Lexis+Academy/data=!4m7!3m6!1s0xda62dd89aab8d0b:0x1451b050f887d6d9!8m2!3d33.5146393!4d-7.6494106!16s%2Fg%2F11wc0pptc1!19sChIJC42rmtgtpg0R2daH-FCwURQ?authuser=0&hl=en&rclk=1,Lexis Academy,Language school,Casablanca,+212 6 38 71 95 85,1,5,,,,,,,,,,
https://www.google.com/maps/place/Dounia+Learn+Languages/data=!4m7!3m6!1s0xda7cd93b4b943f1:0x8683483a48a6361a!8m2!3d33.5997735!4d-7.5891402!16s%2Fg%2F11w7nyp0yg!19sChIJ8UO5tJPNpw0RGjamSDpIg4Y?authuser=0&hl=en&rclk=1,Dounia Learn Languages,Language school,Casablanca,+212 6 54 61 86 81,0,0,,,,,,,,,,
https://www.google.com/maps/place/Wissen+Akademie/data=!4m7!3m6!1s0xda7cdbc6ae578a1:0x11f1b084433804bd!8m2!3d33.6043425!4d-7.5338605!16s%2Fg%2F11xh0q5z0b!19sChIJoXjlarzNpw0RvQQ4Q4Sw8RE?authuser=0&hl=en&rclk=1,Wissen Akademie,Language school,Casablanca,+212 6 44 47 67 68,0,0,,,,,,,,,,
https://www.google.com/maps/place/Sprachwerkstatt+Privat/data=!4m7!3m6!1s0xda76d7a1b5c6f4d:0x173df80bcc3bf386!8m2!3d34.0006693!4d-6.847391!16s%2Fg%2F11zg43dn3x!19sChIJTW9cG3ptpw0RhvM7zAv4PRc?authuser=0&hl=en&rclk=1,Sprachwerkstatt Privat,Foreign languages program school,Rabat,+212 6 57 22 49 67,0,0,,,,,,,,,,
https://www.google.com/maps/place/%C3%89cole+Saint+Gabriel/data=!4m7!3m6!1s0xda76b8fd851933f:0x5b06422e48c681fe!8m2!3d34.0216846!4d-6.8242318!16s%2Fg%2F1tdmwzst!19sChIJP5NR2I9rpw0R_oHGSC5CBls?authuser=0&hl=en&rclk=1,École Saint Gabriel,French language school,Rabat,+212 5 37 72 43 13,11,3.5,https://www.saintgabriel.ma/,facebook.com/institutsaintgabriel,instagram.com/institut_saint_gabriel,,,,,,,
"https://www.google.com/maps/place/Institut+Fran%C3%A7ais+De+Rabat,+Site+Al+Madina/data=!4m7!3m6!1s0xda76b8f7e7abf0b:0x61c6ab03d1d7c815!8m2!3d34.0192824!4d-6.8278222!16s%2Fg%2F11fxfmmcbj!19sChIJC796fo9rpw0RFcjX0QOrxmE?authuser=0&hl=en&rclk=1","Institut Français De Rabat, Site Al Madina",French language school,Rabat,+212 5 37 70 36 22,15,4.1,,,,,,,,,,
https://www.google.com/maps/place/prepa+deutsch/data=!4m7!3m6!1s0xda76d2188fa44f5:0xb6e9a00971ff18e8!8m2!3d34.0220271!4d-6.8365941!16s%2Fg%2F11lfzy4scb!19sChIJ9UT6iCFtpw0R6Bj_cQmg6bY?authuser=0&hl=en&rclk=1,prepa deutsch,German language school,Rabat,+212 5 37 66 06 32,7,5,,,,,,,,,,
https://www.google.com/maps/place/DBA+DEUTSCH+BILDUNGS+AKADEMIE/data=!4m7!3m6!1s0xda76bfe41e39e39:0xe6a151aed68e7262!8m2!3d34.0410428!4d-6.816853!16s%2Fg%2F11ny23ccnf!19sChIJOZ7jQf5rpw0RYnKO1q5RoeY?authuser=0&hl=en&rclk=1,DBA DEUTSCH BILDUNGS AKADEMIE,Language school,Salé,+212 5 37 84 50 14,38,4.6,https://inlinguarabat.ma/,facebook.com/dbainstitutmaroc,instagram.com/inlinguamaroc/?hl=fr,,,,tiktok.com/@inlingua.maroc?lang=fr,api.whatsapp.com/send?phone=212666662111&text=J,info@inlinguarabat.ma,
https://www.google.com/maps/place/Hikayat+Institute+for+Language+and+Society/data=!4m7!3m6!1s0xda76de27930a32b:0xadabe80c458ba4e5!8m2!3d34.0217112!4d-6.8380481!16s%2Fg%2F11zbfvmrf6!19sChIJK6MweeJtpw0R5aSLRQzoq60?authuser=0&hl=en&rclk=1,Hikayat Institute for Language and Society,Language school,Rabat,+212 6 44 59 29 72,1,5,https://www.hikayatinstituteforlanguageandsociety.com/,facebook.com/2008/fbml,Instagram.com/hikayatinstitute,,,youtube.com/watch?v=lXHqFrYd7sM&quot,,,"info@hikayatinstitute.com, user@domain.com", 
https://www.google.com/maps/place/Centre+GLS+RABAT/data=!4m7!3m6!1s0xda76d3fddf888c5:0x697b485c2f74f39c!8m2!3d33.9938462!4d-6.8469669!16s%2Fg%2F11y38jt2xk!19sChIJxYj43T9tpw0RnPN0L1xIe2k?authuser=0&hl=en&rclk=1,Centre GLS RABAT,German language school,Rabat,+212 5 37 67 14 20,30,4.8,https://gls-sprachzentrum.ma/fr,facebook.com/gls.sale,instagram.com/gls.maroc,,,youtube.com/@9onsolsTalks,tiktok.com/@gls.sprachenzentrum?is_from_webapp=1&sender_device=pc,wa.me/212603160277,info@gls-sprachzentrum.ma,
https://www.google.com/maps/place/Sk+%2F+Centre+Allemand+Agdal%2FRabat/data=!4m7!3m6!1s0xda76dd59af7b0d3:0x898aaed8e8efa2d!8m2!3d33.9959581!4d-6.8483425!16s%2Fg%2F11v0pr2z95!19sChIJ07D3mtVtpw0RLfqOju2qmAg?authuser=0&hl=en&rclk=1,Sk / Centre Allemand Agdal/Rabat,German language school,Rabat,+212 7 79 29 19 68,89,4,https://www.instagram.com/sprach.konzept?igsh=MXVpZTVjYnlvYnFrcw%3D%3D&utm_source=qr,,instagram.com/rsrc.php/y4/r/QaBlI0OZiks.ico,,,,,,,
https://www.google.com/maps/place/Sprachacademy+-+Rabat/data=!4m7!3m6!1s0xda76bb9aca05efb:0xdab8be46c18b6935!8m2!3d34.0006693!4d-6.847391!16s%2Fg%2F11fyzf1whs!19sChIJ-16grLlrpw0RNWmLwUa-uNo?authuser=0&hl=en&rclk=1,Sprachacademy - Rabat,Language school,Rabat,+212 7 67 98 77 30,11,3.6,https://gratis-4872677.webadorsite.com/,,,,,,,,support@webador.de,
https://www.google.com/maps/place/Rabat+School+of+English+-+RSE/data=!4m7!3m6!1s0xda76deedb539287:0xb7e3176546df9f4f!8m2!3d34.0173824!4d-6.8339861!16s%2Fg%2F11y3np_b0x!19sChIJh5JT2-5tpw0RT5_fRmUX47c?authuser=0&hl=en&rclk=1,Rabat School of English - RSE,Language school,Rabat,+212 6 64 67 86 43,20,5,,,,,,,,,,
https://www.google.com/maps/place/German+Haus/data=!4m7!3m6!1s0xda76bc0ba8c0519:0xd8ed7d584949aa27!8m2!3d34.0156394!4d-6.8313476!16s%2Fg%2F11xrdklh2r!19sChIJGQWMusBrpw0RJ6pJSVh97dg?authuser=0&hl=en&rclk=1,German Haus,German language school,Rabat,+212 5 37 76 93 92,114,4.9,,,,,,,,,,
https://www.google.com/maps/place/Speak+Live+Academy/data=!4m7!3m6!1s0xda76d7e34352b2d:0xa9664d93a68f4db0!8m2!3d33.9976026!4d-6.849377!16s%2Fg%2F11v0n9mh_h!19sChIJLSs1NH5tpw0RsE2PppNNZqk?authuser=0&hl=en&rclk=1,Speak Live Academy,Language school,Rabat,+212 6 66 09 19 82,4,3,,,,,,,,,,
https://www.google.com/maps/place/Language+Academy+Morocco/data=!4m7!3m6!1s0xda76b3facb87f05:0xae9225419d84f840!8m2!3d34.0178017!4d-6.8241386!16s%2Fg%2F11tnj53rwt!19sChIJBX-4rD9rpw0RQPiEnUElkq4?authuser=0&hl=en&rclk=1,Language Academy Morocco,Language school,Rabat,+212 6 53 23 08 47,1,5,,,,,,,,,,
https://www.google.com/maps/place/SfG-Rabat/data=!4m7!3m6!1s0xda76daa75d76963:0xa8f4d3acd00a2bba!8m2!3d34.0147651!4d-6.8375889!16s%2Fg%2F11kc3rt10b!19sChIJY2nXdaptpw0RuisK0KzT9Kg?authuser=0&hl=en&rclk=1,SfG-Rabat,Language school,Rabat,+212 6 98 65 93 22,1,5,,,,,,,,,,
https://www.google.com/maps/place/The+Safir+Company/data=!4m7!3m6!1s0xda76b83ddb8ece1:0xfbbbd0a15ce077ce!8m2!3d34.01281!4d-6.8284485!16s%2Fg%2F11f12744x5!19sChIJ4ey43YNrpw0RznfgXKHQu_s?authuser=0&hl=en&rclk=1,The Safir Company,Language school,Rabat,+212 6 61 07 88 87,2,5,https://thesafircompany.com/,facebook.com/thesafircompany,instagram.com/thesafircompany,,,youtube.com/@thesafircompany1118,,,thesafircompany@gmail.com,
https://www.google.com/maps/place/GERMAN+SPEAKER/data=!4m7!3m6!1s0x2fcd07c4cd5c0403:0xd090ecfdf664159c!8m2!3d34.0199489!4d-6.8247039!16s%2Fg%2F11w4td05s3!19sChIJAwRczcQHzS8RnBVk9v3skNA?authuser=0&hl=en&rclk=1,GERMAN SPEAKER,Language school,Rabat,+212 5 37 76 96 97,1,2,,,,,,,,,,
https://www.google.com/maps/place/AHLAN+RABAT+%E2%80%93+MOROCCO/data=!4m7!3m6!1s0xda76b48c0bec37d:0x8484cc644d70300b!8m2!3d34.0217562!4d-6.8288287!16s%2Fg%2F11h_6pjgb1!19sChIJfcO-wEhrpw0RCzBwTWTMhIQ?authuser=0&hl=en&rclk=1,AHLAN RABAT – MOROCCO,Language school,Rabat,+212 6 67 52 32 46,0,0,https://www.ahlan-world.org/,facebook.com/AhlanWorldArabic,instagram.com/ahlanworld.arabic,,linkedin.com/company/ahlan-world-arabic,youtube.com/channel/UCUf3ombpL-IaMSKSIkahXdg,tiktok.com/@ahlan_world,,"ahlan@ahlan-world.org, alexandria@ahlan-world.org, amman@ahlan-world.org, cairo@ahlan-world.org, luxorfdn@ahlan-world.org, online@ahlan-world.org, rabat@ahlan-world.org", 
https://www.google.com/maps/place/Cap%E5%9B%BD%E9%99%85%E6%95%99%E8%82%B2%E6%B1%89%E8%AF%AD%E5%9F%B9%E8%AE%AD%E4%B8%AD%E5%BF%83/data=!4m7!3m6!1s0xda76dd911929e1d:0xcccf45abbf012801!8m2!3d33.9961129!4d-6.8481488!16s%2Fg%2F11n9shzzb4!19sChIJHZ6SEdltpw0RASgBv6tFz8w?authuser=0&hl=en&rclk=1,Cap国际教育汉语培训中心,Chinese language school,Rabat,+212 6 50 34 02 18,0,0,,,,,,,,,,
https://www.google.com/maps/place/Eigo+Academy/data=!4m7!3m6!1s0x857c32aba225a29:0x348b6b514f92afb0!8m2!3d31.8008346!4d-7.1513478!16s%2Fg%2F11zbmjncl7!19sChIJKVoiuirDVwgRsK-ST1FrizQ?authuser=0&hl=en&rclk=1,Eigo Academy,English language school,Assahrij,+212 6 63 45 19 03,5,5,https://eigo.ma/,facebook.com/tr?id=1415761400238013&ev=PageView&noscript=1,instagram.com/eigo.ma,,linkedin.com/company/eigoacademy,,tiktok.com/@eigo.ma,wa.me/212663451903,,
https://www.google.com/maps/place/%D8%A7%D9%84%D8%AA%D8%AF%D9%82%D9%8A%D9%82+%D8%A7%D9%84%D9%84%D8%BA%D9%88%D9%8A%E2%80%AD/data=!4m7!3m6!1s0xda76d4dbdbaa46d:0x66dd2d0f896b4916!8m2!3d33.9951686!4d-6.8509399!16s%2Fg%2F11lgsj416x!19sChIJbaS6vU1tpw0RFklriQ8t3WY?authuser=0&hl=en&rclk=1,التدقيق اللغوي,French language school,Rabat,+212 6 07 14 26 80,0,0,,,,,,,,,,
https://www.google.com/maps/place/Learning+Group+Academy/data=!4m7!3m6!1s0xda76b8551d984cd:0xb77f7d23973d50df!8m2!3d34.0189745!4d-6.8248171!16s%2Fg%2F11gcxzmjxt!19sChIJzYTZUYVrpw0R31A9lyN9f7c?authuser=0&hl=en&rclk=1,Learning Group Academy,Language school,Rabat,+212 5 37 20 15 31,15,4.9,,,,,,,,,,
https://www.google.com/maps/place/Mortimer+English+Club+Rabat/data=!4m7!3m6!1s0xda76dc27cb3f4a3:0x8aacc7d971cdb9dc!8m2!3d34.0012081!4d-6.8466818!16s%2Fg%2F11qpzpy942!19sChIJo_SzfMJtpw0R3LnNcdnHrIo?authuser=0&hl=en&rclk=1,Mortimer English Club Rabat,Foreign languages program school,Rabat,+212 5 37 77 07 93,8,4.5,,,,,,,,,,
https://www.google.com/maps/place/Center+Epsilon+Rabat/data=!4m7!3m6!1s0xda76bfc7befda31:0xd6fddc99ce7ffc7f!8m2!3d33.9850529!4d-6.8229857!16s%2Fg%2F11tjx23vtn!19sChIJMdrve_xrpw0Rf_x_zpnc_dY?authuser=0&hl=en&rclk=1,Center Epsilon Rabat,Language school,Rabat,+212 6 66 16 59 07,0,0,,,,,,,,,,
https://www.google.com/maps/place/Centre+D%27anglais+Evoolve+Maroc/data=!4m7!3m6!1s0xa88e482718a27711:0x3121fee35c943636!8m2!3d34.0086598!4d-6.8603251!16s%2Fg%2F11svzxnv7d!19sChIJEXeiGCdIjqgRNjaUXOP-ITE?authuser=0&hl=en&rclk=1,Centre D'anglais Evoolve Maroc,English language school,Rabat,+212 6 26 90 51 75,0,0,,,,,,,,,,
https://www.google.com/maps/place/Ostsee+Sprachzentrum/data=!4m7!3m6!1s0xda76bc06fc48c5d:0xb60d66b7bad9ada7!8m2!3d33.981548!4d-6.815431!16s%2Fg%2F11p5mkbf0z!19sChIJXYzEb8Brpw0Rp63ZurdmDbY?authuser=0&hl=en&rclk=1,Ostsee Sprachzentrum,German language school,Rabat,+212 6 66 60 51 59,1,5,,,,,,,,,,
https://www.google.com/maps/place/Hcc+Deutsch+Rabat/data=!4m7!3m6!1s0xda76d48e64e8997:0x5226e0ac957029a6!8m2!3d34.021702!4d-6.8380183!16s%2Fg%2F11v3lpvmhk!19sChIJl4lO5khtpw0RpilwlazgJlI?authuser=0&hl=en&rclk=1,Hcc Deutsch Rabat,Language school,Rabat,+212 6 64 54 49 99,51,5,,,,,,,,,,
https://www.google.com/maps/place/Bridges+Center+for+Culture+and+Communication/data=!4m7!3m6!1s0xda71100ab120da9:0x11a9484ed751ffae!8m2!3d33.8562844!4d-6.8572916!16s%2Fg%2F11xg5nqwz0!19sChIJqQ0SqwARpw0Rrv9R105IqRE?authuser=0&hl=en&rclk=1,Bridges Center for Culture and Communication,Language school,El Menzeh,+212 5 37 01 14 63,6,5,https://bridges.ma/,facebook.com/BridgesCenter,instagram.com/bridgesmorocco,,linkedin.com/company/bridgescenter,,,wa.me/212666930689?text=I%E2%80%99m%20interested,info@bridges.ma,
https://www.google.com/maps/place/Germanfy+-+Center+Career+And+Language+German+%F0%9F%87%A9%F0%9F%87%AA/data=!4m7!3m6!1s0xda76d902d6bbeb5:0x5ecc0577fafdb82c!8m2!3d34.2553364!4d-6.6221044!16s%2Fg%2F11m5zmbvx7!19sChIJtb5rLZBtpw0RLLj9-ncFzF4?authuser=0&hl=en&rclk=1,Germanfy - Center Career And Language German 🇩🇪,German language school,Kenitra,+212 7 00 71 28 70,30,5,https://german-fy.de/,facebook.com/Germanfy.akademy,instagram.com/germanfy_akademie,,linkedin.com/company/german-fy,,tiktok.com/@germanfy.akademie,wa.me/212700712870,"b.kamal@german-fy.de, info@german-fy.de, recruiting@german-fy.de", 
https://www.google.com/maps/place/American+Language+Center/data=!4m7!3m6!1s0xda759fcdc71c043:0xfed61297a369cba1!8m2!3d34.2534385!4d-6.5813618!16s%2Fg%2F1hc2bjv29!19sChIJQ8Bx3PxZpw0Roctpo5cS1v4?authuser=0&hl=en&rclk=1,American Language Center,English language school,Kenitra,+212 5 37 37 66 03,44,4.1,,,,,,,,,,
https://www.google.com/maps/place/%D8%A7%D9%85%D8%AA%D8%AD%D8%A7%D9%86+%D8%A7%D9%84%D9%84%D8%BA%D8%A9+%D8%A7%D9%84%D9%87%D9%88%D9%84%D9%86%D8%AF%D9%8A%D8%A9+-+Inburgeringscursus+Online+-+Learn+Dutch+Online%E2%80%AD/data=!4m7!3m6!1s0xda76a663130935f:0xb0efa1d8e05ca1a!8m2!3d33.96496!4d-6.8356702!16s%2Fg%2F11b6hvchmd!19sChIJX5MwMWZqpw0RGsoFjh36Dgs?authuser=0&hl=en&rclk=1,امتحان اللغة الهولندية - Inburgeringscursus Online - Learn Dutch Online,Language school,Rabat,+212 6 67 45 96 87,1,5,,,,,,,,,,
https://www.google.com/maps/place/Scool.ma/data=!4m7!3m6!1s0xda76dbb4750e2c1:0xa960b805af197df3!8m2!3d33.997236!4d-6.8497414!16s%2Fg%2F11lzw1yzbp!19sChIJweJQR7ttpw0R830ZrwW4YKk?authuser=0&hl=en&rclk=1,Scool.ma,Language school,Rabat,+212 6 59 12 89 55,2,5,https://scool.ma/,facebook.com/people/Scool/61568506234849,instagram.com/scoolma,,linkedin.com/company/scool-ma,youtube.com/embed/VhBl3dHT5SY?feature=oembed?playlist=VhBl3dHT5SY&mute=0&autoplay=0&loop=no&controls=0&start=0&end=,,,contact@scool.ma,
https://www.google.com/maps/place/Centre+Moderne/data=!4m7!3m6!1s0xda76def15e73e07:0x54ba113e4073b96f!8m2!3d33.9748036!4d-6.8897747!16s%2Fg%2F11f7kk41jg!19sChIJBz7nFe9tpw0Rb7lzQD4RulQ?authuser=0&hl=en&rclk=1,Centre Moderne,Language school,Rabat,+212 5 37 29 15 79,0,0,,,,,,,,,,
https://www.google.com/maps/place/%E6%8B%89%E5%B7%B4%E7%89%B9%E5%AD%94%E5%AD%90%E5%AD%A6%E9%99%A2/data=!4m7!3m6!1s0xda76c7e5b000001:0x61bbdc81d4dfc005!8m2!3d34.0100176!4d-6.8386174!16s%2Fg%2F11hbgt6191!19sChIJAQAAW35spw0RBcDf1IHcu2E?authuser=0&hl=en&rclk=1,拉巴特孔子学院,Chinese language school,Rabat,+212 5 37 77 36 98,1,5,,,,,,,,,,
https://www.google.com/maps/place/Centre+de+langues+Privil%C3%A8ge+Casablanca+2/data=!4m7!3m6!1s0xda7d309bb52b4cf:0xceca2d8dccfdc531!8m2!3d33.5955898!4d-7.6148894!16s%2Fg%2F11vspgy7t2!19sChIJz7RSuwnTpw0RMcX9zI0tys4?authuser=0&hl=en&rclk=1,Centre de langues Privilège Casablanca 2,Language school,Casablanca,+212 6 35 65 60 70,1,1,https://www.centreprivilege.com/,FaceBook.com/Centreprivilege,Instagram.com/Centre.privilege,Twitter.com/PrivilegeCentre,,,tiktok.com/i18n/pixel/events.js,,,
https://www.google.com/maps/place/Language+Center+Canadian/data=!4m7!3m6!1s0xda7d298e31374a1:0x5784c0bc4ab37a2e!8m2!3d33.5864353!4d-7.6314001!16s%2Fg%2F1hc13sllt!19sChIJoXQT45jSpw0RLnqzSrzAhFc?authuser=0&hl=en&rclk=1,Language Center Canadian,Language school,Casablanca,+212 6 80 72 12 93,10,2.2,,,,,,,,,,
https://www.google.com/maps/place/Center+for+Modern+Languages/data=!4m7!3m6!1s0xda76d9dd8c34c79:0x344e1432ce6bc610!8m2!3d34.0028608!4d-6.8459082!16s%2Fg%2F11qnd6f_rb!19sChIJeUzD2J1tpw0REMZrzjIUTjQ?authuser=0&hl=en&rclk=1,Center for Modern Languages,Language school,Rabat,+212 5 37 68 38 66,0,0,,,,,,,,,,
https://www.google.com/maps/place/Red+City+Specialized+Languages+Center-+Centre+D%27allemand+Marrakech/data=!4m7!3m6!1s0xdafef5b3e53d1cf:0xddf16be6dd14dd2!8m2!3d31.6372113!4d-8.001773!16s%2Fg%2F11lfznp5nq!19sChIJz9FTPlvvrw0R0k3Rbb4W3w0?authuser=0&hl=en&rclk=1,Red City Specialized Languages Center- Centre D'allemand Marrakech,German language school,Marrakesh,+212 6 88 90 88 79,15,4.2,,,,,,,,,,
https://www.google.com/maps/place/%D9%85%D8%B1%D9%83%D8%B2+New+Sky+%D9%84%D9%84%D8%BA%D8%A7%D8%AA%E2%80%AD/data=!4m7!3m6!1s0xdafef0816e06dcd:0xa06904e805f81d31!8m2!3d31.6273382!4d-8.0429846!16s%2Fg%2F11h05bznvz!19sChIJzW3gFgjvrw0RMR34BegEaaA?authuser=0&hl=en&rclk=1,مركز New Sky للغات,German language school,Marrakesh,+212 6 49 42 48 67,5,4.2,,,,,,,,,,
https://www.google.com/maps/place/DeutschLab.ma/data=!4m7!3m6!1s0xdafede981770d11:0xd786aee37b234905!8m2!3d31.6419868!4d-7.9997947!16s%2Fg%2F11xny_5t98!19sChIJEQ13gentrw0RBUkje-Ouhtc?authuser=0&hl=en&rclk=1,DeutschLab.ma,German language school,Marrakesh,+212 6 00 69 91 66,8,5,,,,,,,,,,
https://www.google.com/maps/place/Ecole+de+langue+Marrakech/data=!4m7!3m6!1s0xdafef70d6af3583:0x69db7b793bba0e20!8m2!3d31.590672!4d-8.0341445!16s%2Fg%2F11sc89pchq!19sChIJgzWv1nDvrw0RIA66O3l722k?authuser=0&hl=en&rclk=1,Ecole de langue Marrakech,Language school,Marrakesh,+212 6 57 36 13 86,0,0,,,,,,,,,,
https://www.google.com/maps/place/Prestige+School+By+A%C3%AFda/data=!4m7!3m6!1s0xdafef78c80db061:0x1a4dc2bf9136eec3!8m2!3d31.5976726!4d-8.0401855!16s%2Fg%2F11thk_m6h1!19sChIJYbANyHjvrw0Rw-42kb_CTRo?authuser=0&hl=en&rclk=1,Prestige School By Aïda,Language school,Marrakesh,+212 5 24 20 63 69,3,5,,,,,,,,,,
https://www.google.com/maps/place/Darija+School+Morocco+%F0%9F%87%B2%F0%9F%87%A6/data=!4m7!3m6!1s0xdafef2d48ff62f1:0x3fe74b28cdb2b7fa!8m2!3d31.6319241!4d-7.9890643!16s%2Fg%2F11zglvw7rv!19sChIJ8WL_SC3vrw0R-reyzShL5z8?authuser=0&hl=en&rclk=1,Darija School Morocco 🇲🇦,Language school,Marrakesh,+212 7 05 51 26 02,0,0,https://sites.google.com/view/darija-school-morocco?usp=sharing,,,,,,,,darijaschool.com@gmail.com,
https://www.google.com/maps/place/Higher+Institute+Languages+And+Training+Red+City/data=!4m7!3m6!1s0xdafef641a0bd195:0x7133e86b1c73d6ad!8m2!3d31.591944!4d-8.032058!16s%2Fg%2F11rjgp47l7!19sChIJldELGmTvrw0RrdZzHGvoM3E?authuser=0&hl=en&rclk=1,Higher Institute Languages And Training Red City,Language school,Marrakesh,+212 6 88 90 41 88,1,3,,,,,,,,,,
https://www.google.com/maps/place/Speech+International+Language/data=!4m7!3m6!1s0xdafeff0d0b35081:0xb29190a01a9999e6!8m2!3d31.5978136!4d-8.0382034!16s%2Fg%2F11rr32p2n_!19sChIJgVCz0PDvrw0R5pmZGqCQkbI?authuser=0&hl=en&rclk=1,Speech International Language,Language school,Marrakesh,+212 6 56 54 30 89,1,1,,,,,,,,,,
https://www.google.com/maps/place/German+Plus/data=!4m7!3m6!1s0xdafef358f5a93fb:0x766b4cfc9b795ca6!8m2!3d31.6330033!4d-8.0165258!16s%2Fg%2F11z9f8flp0!19sChIJ-5NajzXvrw0Rplx5m_xMa3Y?authuser=0&hl=en&rclk=1,German Plus,German language school,Marrakesh,+212 6 79 90 14 65,0,0,https://germanplus.org/,,,,,,,,,
https://www.google.com/maps/place/Lingua+Institute/data=!4m7!3m6!1s0xdafeff01c5cc839:0x7016d5fd1ffc4d5c!8m2!3d31.6406056!4d-7.9999439!16s%2Fg%2F11nr167lj_!19sChIJOchcHPDvrw0RXE38H_3VFnA?authuser=0&hl=en&rclk=1,Lingua Institute,German language school,Marrakesh,+212 6 40 02 95 04,1,5,,,,,,,,,,
https://www.google.com/maps/place/FSG+International+Institute/data=!4m7!3m6!1s0xdafef47041f2b0f:0xfd411c58beee5853!8m2!3d31.6375746!4d-8.0092582!16s%2Fg%2F11ys3ymjly!19sChIJDysfBEfvrw0RU1juvlgcQf0?authuser=0&hl=en&rclk=1,FSG International Institute,Language school,Marrakesh,+212 5 24 43 41 57,7,4.4,https://fsginstitute.com/,,,,,,,,info@fsginstitute.com,
https://www.google.com/maps/place/Babel+Academy/data=!4m7!3m6!1s0x6b478d895d26c4d3:0xb2aee01a8fbdedc!8m2!3d31.6491023!4d-8.0133838!16s%2Fg%2F11tdthhjw1!19sChIJ08QmXYmNR2sR3N77qAHuKgs?authuser=0&hl=en&rclk=1,Babel Academy,Language school,Marrakesh,+212 6 25 17 03 66,2,5,,,,,,,,,,
https://www.google.com/maps/place/Adil-The+English-Teacher/data=!4m7!3m6!1s0xdafe70d6c546071:0x95979098de79fca0!8m2!3d31.496611!4d-8.0982724!16s%2Fg%2F11y5q6p9fc!19sChIJcWBUbA3nrw0RoPx53piQl5U?authuser=0&hl=en&rclk=1,Adil-The English-Teacher,Language school,Dar El ain,+212 6 94 90 93 74,0,0,,,,,,,,,,
https://www.google.com/maps/place/Immersive+English+Academy/data=!4m7!3m6!1s0xa6c3f8171c3aa8c3:0x6cce247949dba7bc!8m2!3d31.8008346!4d-7.1513478!16s%2Fg%2F11wfmwpcb6!19sChIJw6g6HBf4w6YRvKfbSXkkzmw?authuser=0&hl=en&rclk=1,Immersive English Academy,English language school,Assahrij,+212 6 31 03 94 89,2,5,,,,,,,,,,
https://www.google.com/maps/place/GermanPlus+Marrakesh/data=!4m7!3m6!1s0x47346c4245fe1c75:0xbb0a58a038a21484!8m2!3d31.6346214!4d-8.0078531!16s%2Fg%2F11yw_3lmqx!19sChIJdRz-RUJsNEcRhBSiOKBYCrs?authuser=0&hl=en&rclk=1,GermanPlus Marrakesh,German language school,Marrakesh,+212 6 49 81 30 49,0,0,https://germanplus.org/,,,,,,,,,
https://www.google.com/maps/place/Deutsch-Akademie/data=!4m7!3m6!1s0xd9f8b0031f77fed:0x8b2745f430b80cbb!8m2!3d34.0380797!4d-4.9997828!16s%2Fg%2F11vx6ppn07!19sChIJ7X_3MQCLnw0Ruwy4MPRFJ4s?authuser=0&hl=en&rclk=1,Deutsch-Akademie,Foreign languages program school,Fez,+212 7 74 40 02 12,5,2.6,,,,,,,,,,
https://www.google.com/maps/place/Ali+Habibi+School2/data=!4m7!3m6!1s0xd9f8bc35935353b:0x9a6bf0a46c1086a7!8m2!3d34.0335423!4d-4.9975348!16s%2Fg%2F11t73g42_g!19sChIJOzU1WcOLnw0Rp4YQbKTwa5o?authuser=0&hl=en&rclk=1,Ali Habibi School2,English language school,Fez,+212 6 48 08 28 49,0,0,,,,,,,,,,
https://www.google.com/maps/place/English+All+Les+Niveaux/data=!4m7!3m6!1s0xd9f8bad141b3279:0x298f2703c08fea62!8m2!3d34.0291474!4d-4.9993863!16s%2Fg%2F11x0n7_vgt!19sChIJeTIbFK2Lnw0RYuqPwAMnjyk?authuser=0&hl=en&rclk=1,English All Les Niveaux,English language school,Fez,+212 7 00 55 02 52,0,0,,,,,,,,,,
https://www.google.com/maps/place/Hamza%27s+English+Center/data=!4m7!3m6!1s0xd9f8bf1f8a8b415:0xbf61ed7d6ec80a20!8m2!3d34.0206699!4d-4.979023!16s%2Fg%2F11ys32x8rt!19sChIJFbSo-PGLnw0RIArIbn3tYb8?authuser=0&hl=en&rclk=1,Hamza's English Center,English language school,Fez,+212 6 58 34 28 62,0,0,https://hamzabouhsoune.website3.me/,facebook.com/hamza.bouhsoune,instagram.com/hamza_nlu,,,youtube.com/@Hamzabouhsoune,,,hamzabouhsoune@gmail.com,
https://www.google.com/maps/place/Elite+Education+Center/data=!4m7!3m6!1s0xd9f8b89ff9b9979:0xabb9d441f24e5d5a!8m2!3d34.035395!4d-5.004795!16s%2Fg%2F11w9k__jhz!19sChIJeZmb_4mLnw0RWl1O8kHUuas?authuser=0&hl=en&rclk=1,Elite Education Center,English language school,Fez,+212 6 74 90 39 14,0,0,,,,,,,,,,
https://www.google.com/maps/place/Easy+Germany+Academy+%28F%C3%A8s%29+%D8%A7%D9%84%D9%85%D8%B9%D9%87%D8%AF+%D8%A7%D9%84%D8%A3%D9%84%D9%85%D8%A7%D9%86%D9%8A%E2%80%AD/data=!4m7!3m6!1s0xd9f8bdce674eb43:0x11b7a0118dab24b1!8m2!3d34.0346046!4d-4.9968265!16s%2Fg%2F11wjdq5nfn!19sChIJQ-t05tyLnw0RsSSrjRGgtxE?authuser=0&hl=en&rclk=1,Easy Germany Academy (Fès) المعهد الألماني,German language school,Fez,+212 6 65 04 73 33,13,5,https://easygermany.ma/,facebook.com/EgeraMarokko,instagram.com/easy_germany_acedemy,,,,,wa.me/+212695312007,egera.languag@gmail.com,
https://www.google.com/maps/place/German+Key+Academy/data=!4m7!3m6!1s0xd9f8bb6650c4e3f:0x764217136d38c18e!8m2!3d34.0244144!4d-4.989918!16s%2Fg%2F11y_gv2dq0!19sChIJP04MZbaLnw0RjsE4bRMXQnY?authuser=0&hl=en&rclk=1,German Key Academy,German language school,Fez,+212 6 18 87 60 69,1,5,https://www.instagram.com/german_key_academy/,,instagram.com/rsrc.php/y4/r/QaBlI0OZiks.ico,,,,,,,
https://www.google.com/maps/place/Deutsch+Vermittlungszentrum+%D9%85%D9%87%D8%AF+%D8%A7%D9%84%D9%84%D8%BA%D8%A9+%D8%A7%D9%84%D8%A3%D9%84%D9%85%D8%A7%D9%86%D9%8A%D8%A9%E2%80%AD/data=!4m7!3m6!1s0xd9f8bfae4c4d6cf:0xcca28d8afde05ce5!8m2!3d34.035756!4d-5.0007495!16s%2Fg%2F11w30xq0t6!19sChIJz9bE5PqLnw0R5Vzg_YqNosw?authuser=0&hl=en&rclk=1,Deutsch Vermittlungszentrum مهد اللغة الألمانية,German language school,Fez,+212 6 69 21 72 00,40,5,https://deutschvzentrum.de/,facebook.com/profile.php?id=61559235145052,instagram.com/deutsches_vermittlungszentrum,,linkedin.com/in/6saifeddine9,youtube.com/@Deutschm_Vermittlungszentrum,tiktok.com/@deutschesvermittlungszen?is_from_webapp=1&sender_device=pc,,"dvz@azubisforyou.de, zeyad.khasib@azubisforyou.de", 
https://www.google.com/maps/place/Centre+de+Formation+Visa+Hayat/data=!4m7!3m6!1s0xd9f8b1138db51bb:0x88642f2bc88bfce0!8m2!3d34.0060706!4d-4.983176!16s%2Fg%2F11l6nsmdng!19sChIJu1HbOBGLnw0R4PyLyCsvZIg?authuser=0&hl=en&rclk=1,Centre de Formation Visa Hayat,Language school,Fez,+212 7 67 79 76 67,2,5,,,,,,,,,,
https://www.google.com/maps/place/Highway+Academy+Narjiss/data=!4m7!3m6!1s0xd9f8db33c47531f:0xaad09050d35ab9de!8m2!3d34.0081389!4d-4.9690498!16s%2Fg%2F11vd1wwb9k!19sChIJH1NHPLONnw0R3rla01CQ0Ko?authuser=0&hl=en&rclk=1,Highway Academy Narjiss,Language school,Fez,+212 6 61 11 47 68,11,5,https://www.highwayacademy.ma/,,,,,,,,,
https://www.google.com/maps/place/School+Nerd+Fes/data=!4m7!3m6!1s0xd9f8b6d4445e969:0x684e5d86237fd0fd!8m2!3d34.009932!4d-4.9883114!16s%2Fg%2F11rnj0fw_x!19sChIJaelFRG2Lnw0R_dB_I4ZdTmg?authuser=0&hl=en&rclk=1,School Nerd Fes,Language school,Fez,+212 6 06 91 10 20,0,0,,,,,,,,,,
https://www.google.com/maps/place/Scholme+s.a.r.l/data=!4m7!3m6!1s0xd9f8b7b506b2e31:0xcabe9fa58581f042!8m2!3d34.0185134!4d-4.982365!16s%2Fg%2F11cn5mywhg!19sChIJMS5rUHuLnw0RQvCBhaWfvso?authuser=0&hl=en&rclk=1,Scholme s.a.r.l,Language school,Fez,+212 5 35 61 73 12,1,5,,,,,,,,,,
https://www.google.com/maps/place/Maroc+Deutsh+Center/data=!4m7!3m6!1s0xd9f8bc5258a2ffb:0x141ffbfcce980bb6!8m2!3d34.0246539!4d-4.9900583!16s%2Fg%2F11w7nmnnbr!19sChIJ-y-KJcWLnw0RtguYzvz7HxQ?authuser=0&hl=en&rclk=1,Maroc Deutsh Center,Language school,Fez,+212 7 11 10 08 64,1,5,,,,,,,,,,
https://www.google.com/maps/place/Rajae+Consulting/data=!4m7!3m6!1s0xd9f8b006faac151:0xb227afaa5e0ef0d3!8m2!3d34.0314528!4d-4.9940493!16s%2Fg%2F11y3dvr90d!19sChIJUcGqbwCLnw0R0_AOXqqvJ7I?authuser=0&hl=en&rclk=1,Rajae Consulting,Language school,Fez,+212 5 32 12 22 53,3,5,,,,,,,,,,
https://www.google.com/maps/place/Just+speak+center/data=!4m7!3m6!1s0xd9f8bcac861c413:0xa585a26571254cce!8m2!3d34.0048395!4d-5.0097313!16s%2Fg%2F11l1qfgk_g!19sChIJE8RhyMqLnw0RzkwlcWWihaU?authuser=0&hl=en&rclk=1,Just speak center,Language school,Fez,+212 6 00 55 22 33,0,0,,,,,,,,,,
https://www.google.com/maps/place/Ecole+Tic+Prive/data=!4m7!3m6!1s0xd9f8d7c1942a767:0x6cc1ad2eda6028a2!8m2!3d34.0345249!4d-4.9986301!16s%2Fg%2F11h2hm_f7d!19sChIJZ6dCGXyNnw0Roihg2i6twWw?authuser=0&hl=en&rclk=1,Ecole Tic Prive,German language school,Fez,+212 6 12 02 46 08,0,0,https://ecoletic.com/,,,,,,,,,
https://www.google.com/maps/place/Bel+Avenir/data=!4m7!3m6!1s0xd9f8b1fdfdfa6d5:0xa08b0298d23eda20!8m2!3d34.0311059!4d-4.9951598!16s%2Fg%2F11pcq1z2jl!19sChIJ1abf3x-Lnw0RINo-0pgCi6A?authuser=0&hl=en&rclk=1,Bel Avenir,Language school,Fez,+212 6 10 64 55 28,0,0,,,,,,,,,,
https://www.google.com/maps/place/Global+Care+Prive/data=!4m7!3m6!1s0xd9f8b7e488992b5:0xb4170aaaf2ed96d0!8m2!3d34.0236112!4d-5.0528116!16s%2Fg%2F11pxn3h10y!19sChIJtZKJSH6Lnw0R0Jbt8qoKF7Q?authuser=0&hl=en&rclk=1,Global Care Prive,Language school,Fez,+212 5 35 97 48 32,0,0,,,,,,,,,,
https://www.google.com/maps/place/Deutsch+Institut/data=!4m7!3m6!1s0xd9f8b38570e1313:0xfb2fbffccf7e20d7!8m2!3d34.0389913!4d-4.9990495!16s%2Fg%2F11bysjxtt5!19sChIJExMOVziLnw0R1yB-z_y_L_s?authuser=0&hl=en&rclk=1,Deutsch Institut,German language school,Fez,+212 5 35 62 55 78,17,4.3,,,,,,,,,,
https://www.google.com/maps/place/Distinction+Center/data=!4m7!3m6!1s0x2bcc32a876a2b181:0x2a7e2cf45576d074!8m2!3d34.0239628!4d-5.0017404!16s%2Fg%2F11l2nrhwd2!19sChIJgbGidqgyzCsRdNB2VfQsfio?authuser=0&hl=en&rclk=1,Distinction Center,Language school,Fez,+212 6 70 19 19 19,4,5,,,,,,,,,,
https://www.google.com/maps/place/Cambridge+English+Language+Center/data=!4m7!3m6!1s0x2c9d38b7ef6da4f3:0xc5dc3179dd1ba3e5!8m2!3d34.0239628!4d-5.0017404!16s%2Fg%2F11vdp2tth3!19sChIJ86Rt77c4nSwR5aMb3Xkx3MU?authuser=0&hl=en&rclk=1,Cambridge English Language Center,Foreign languages program school,Fez,+212 6 19 06 18 46,0,0,,,,,,,,,,
https://www.google.com/maps/place/%D8%A7%D9%84%D9%84%D8%BA%D8%A9%E2%80%AD/data=!4m7!3m6!1s0x81405b06eec9fd3b:0x177b72c2664698f3!8m2!3d31.8008346!4d-7.1513478!16s%2Fg%2F11v0rl7zsn!19sChIJO_3J7gZbQIER85hGZsJyexc?authuser=0&hl=en&rclk=1,اللغة,Language school,Assahrij,+212 6 88 73 68 09,0,0,,,,,,,,,,
https://www.google.com/maps/place/Matrix+Group/data=!4m7!3m6!1s0xd9f8b4c4a3914ff:0xead9ec8ac6bb25f4!8m2!3d34.0047933!4d-4.9923915!16s%2Fg%2F11s1ppqtv1!19sChIJ_xQ5SkyLnw0R9CW7xors2eo?authuser=0&hl=en&rclk=1,Matrix Group,Language school,Fez,+212 6 55 61 18 60,0,0,,,,,,,,,,
https://www.google.com/maps/place/International+Academy%28IAC%29/data=!4m7!3m6!1s0xd0c7fb0946dbbbd:0x369f8536e109c95c!8m2!3d35.780097!4d-5.8100831!16s%2Fg%2F11sr6rm36t!19sChIJvbttlLB_DA0RXMkJ4TaFnzY?authuser=0&hl=en&rclk=1,International Academy(IAC),Language school,Tangier,+212 6 08 08 94 94,0,0,,,,,,,,,,
https://www.google.com/maps/place/Center+Accent+French+Tanger/data=!4m7!3m6!1s0xd0c7f82f5da5cff:0xd768318d856bd3c7!8m2!3d35.7784946!4d-5.8086182!16s%2Fg%2F11j10qvh0p!19sChIJ_1za9YJ_DA0Rx9NrhY0xaNc?authuser=0&hl=en&rclk=1,Center Accent French Tanger,Language school,Tangier,+212 5 31 10 20 31,0,0,,,,,,,,,,
https://www.google.com/maps/place/Nursery+School+Children+Tadart/data=!4m7!3m6!1s0xdb3b34eecf5a789:0xd0ed650c41e016ae!8m2!3d30.454637!4d-9.6458499!16s%2Fg%2F11xm_00tqs!19sChIJiaf17E6zsw0RrhbgQQxl7dA?authuser=0&hl=en&rclk=1,Nursery School Children Tadart,Language school,Agadir,+212 7 05 62 37 08,0,0,,,,,,,,,,
https://www.google.com/maps/place/English+Time+Academy/data=!4m7!3m6!1s0xda4276a2455d72b:0x3a82db860101cfc!8m2!3d32.8868159!4d-6.9104124!16s%2Fg%2F11rgntbl9z!19sChIJK9dVJGonpA0R_BwQYLgtqAM?authuser=0&hl=en&rclk=1,English Time Academy,Language school,Khouribga,+212 6 32 27 85 80,14,4.7,,,,,,,,,,
https://www.google.com/maps/place/Together+Center/data=!4m7!3m6!1s0xda427f41fc76b25:0x474a9c192b292d38!8m2!3d32.8812911!4d-6.9135224!16s%2Fg%2F11rj05qz23!19sChIJJWvHH_QnpA0ROC0pKxmcSkc?authuser=0&hl=en&rclk=1,Together Center,Language school,Khouribga,+212 6 68 05 48 18,39,5,,,,,,,,,,
https://www.google.com/maps/place/Excelangue+:+Language+Center/data=!4m7!3m6!1s0xdac20d52dac688f:0x625a382140389301!8m2!3d32.2896243!4d-9.2319992!16s%2Fg%2F11fyx9_417!19sChIJj2isLdUgrA0RAZM4QCE4WmI?authuser=0&hl=en&rclk=1,Excelangue : Language Center,Language school,Safi,+212 5 24 62 55 81,19,4.9,,,,,,,,,,
https://www.google.com/maps/place/Centre+Priv%C3%A9+Aji+Ntaalmo/data=!4m7!3m6!1s0xdac2157367a86a9:0x198c2c7ac6b73880!8m2!3d32.2898847!4d-9.2406434!16s%2Fg%2F11q2554dv2!19sChIJqYZ6NlchrA0RgDi3xnosjBk?authuser=0&hl=en&rclk=1,Centre Privé Aji Ntaalmo,Language school,Safi,+212 7 01 06 44 88,2,3,https://www.ajintaalmo.com/,facebook.com/2008/fbml,instagram.com/aji.ntaalmo,,,,,,"info@ajintaalmo.com, user@domain.com", 
https://www.google.com/maps/place/%D9%85%D8%B1%D9%83%D8%B2+%D8%A7%D8%B1%D8%B3%D8%B7%D9%88+%D8%A7%D9%84%D8%AF%D8%B9%D9%85+%D9%88%D8%A7%D9%84%D9%84%D8%BA%D8%A7%D8%AA%E2%80%AD/data=!4m7!3m6!1s0xdac21bd959cab15:0x2f1874b33221b8c4!8m2!3d32.2978109!4d-9.2197238!16s%2Fg%2F11sx3drbrm!19sChIJFauclb0hrA0RxLghMrN0GC8?authuser=0&hl=en&rclk=1,مركز ارسطو الدعم واللغات,Foreign languages program school,Safi,+212 6 70 69 01 32,2,4.5,,,,,,,,,,
https://www.google.com/maps/place/Teacher+Nora/data=!4m7!3m6!1s0xdac21d692a3cd47:0xc9413be12f7b48fe!8m2!3d32.2883037!4d-9.2243674!16s%2Fg%2F11y55mdqdr!19sChIJR82jktYhrA0R_kh7L-E7Qck?authuser=0&hl=en&rclk=1,Teacher Nora,English language school,Safi,+212 6 64 75 93 94,0,0,,,,,,,,,,
https://www.google.com/maps/place/Savoir+Plus+-+Soutien+Scolaire+Et+Langues/data=!4m7!3m6!1s0xdac213f37ee620d:0x802831709745faa8!8m2!3d32.3202733!4d-9.2264881!16s%2Fg%2F11p0vgrch8!19sChIJDWLuNz8hrA0RqPpFl3AxKIA?authuser=0&hl=en&rclk=1,Savoir Plus - Soutien Scolaire Et Langues,Language school,Safi,+212 6 66 01 27 22,2,5,,,,,,,,,,
https://www.google.com/maps/place/Institute+International+Private+Pour+Les+Langues+Vivantes+Les+Formations/data=!4m7!3m6!1s0xdac26d6ccf74083:0x946600f220fec792!8m2!3d32.281448!4d-9.2396229!16s%2Fg%2F11dd_q_nyc!19sChIJg0D3zNYmrA0Rksf-IPIAZpQ?authuser=0&hl=en&rclk=1,Institute International Private Pour Les Langues Vivantes Les Formations,Language school,Safi,+212 6 60 17 89 45,1,1,,,,,,,,,,
https://www.google.com/maps/place/LEARN+-+Centre+de+Langues+Settat/data=!4m7!3m6!1s0xda605697f3c5bb3:0xa22880fedb766605!8m2!3d33.004589!4d-7.6197962!16s%2Fg%2F11hdr4zng9!19sChIJs1s8f2kFpg0RBWZ22_6AKKI?authuser=0&hl=en&rclk=1,LEARN - Centre de Langues Settat,Language school,Settat,+212 7 71 99 99 20,20,5,,,,,,,,,,
https://www.google.com/maps/place/English+Language+Center+Settat/data=!4m7!3m6!1s0xda6056845b68f6b:0x8c2ae3a06a28a5ea!8m2!3d32.9978506!4d-7.617629!16s%2Fg%2F11pd_pmt_j!19sChIJa4-2RWgFpg0R6qUoaqDjKow?authuser=0&hl=en&rclk=1,English Language Center Settat,English language school,Settat,+212 6 27 89 29 22,1,5,,,,,,,,,,
https://www.google.com/maps/place/Al+Fassih/data=!4m7!3m6!1s0xda60540464692b9:0x654fe92751569655!8m2!3d33.0047265!4d-7.631205!16s%2Fg%2F11g6m22xk8!19sChIJuZJGRkAFpg0RVZZWUSfpT2U?authuser=0&hl=en&rclk=1,Al Fassih,Language school,Settat,+212 6 51 25 75 46,1,5,,,,,,,,,,
https://www.google.com/maps/place/Alpha+Academie/data=!4m7!3m6!1s0xda605add72c18e3:0x3629197c893ad0aa!8m2!3d32.9984035!4d-7.6176938!16s%2Fg%2F11q9txs9ng!19sChIJ4xgs160Fpg0RqtA6iXwZKTY?authuser=0&hl=en&rclk=1,Alpha Academie,Language school,Settat,+212 6 18 43 29 15,1,5,,,,,,,,,,
https://www.google.com/maps/place/Premier+English+Services+Prive/data=!4m7!3m6!1s0xda605cfb80dbfd5:0x4705987b817c7daf!8m2!3d32.9965445!4d-7.6007446!16s%2Fg%2F11sjz_bxfq!19sChIJ1b8NuM8Fpg0Rr318gXuYBUc?authuser=0&hl=en&rclk=1,Premier English Services Prive,English language school,Settat,+212 6 40 49 29 40,2,5,,,,,,,,,,
https://www.google.com/maps/place/Academy+American+International+Jefal+Private/data=!4m7!3m6!1s0xda605e3049e0c2f:0x5cd452cc116d2517!8m2!3d33.0011684!4d-7.6188993!16s%2Fg%2F11z3wd_6pt!19sChIJLwyeBOMFpg0RFyVtEcxS1Fw?authuser=0&hl=en&rclk=1,Academy American International Jefal Private,Foreign languages program school,Settat,+212 7 24 75 08 97,0,0,https://www.jefalprive.com/,,,,,,,,,
https://www.google.com/maps/place/Obischool/data=!4m7!3m6!1s0xda60548c98598a3:0xee0ff8c3d7bf89c6!8m2!3d33.012269!4d-7.625581!16s%2Fg%2F11vljvv735!19sChIJo5iFyUgFpg0Rxom_18P4D-4?authuser=0&hl=en&rclk=1,Obischool,German language school,Settat,+212 7 09 41 47 44,1,5,https://obischool.com/,,,x.com/obischool,linkedin.com/in/obischool,,,wa.me/212709414744,,
https://www.google.com/maps/place/Bestmastering+Language+Centre/data=!4m7!3m6!1s0xda605bf11773455:0x116f59d3ab067fa4!8m2!3d32.9967192!4d-7.6167588!16s%2Fg%2F11p14kv_1j!19sChIJVTR3Eb8Fpg0RpH8Gq9NZbxE?authuser=0&hl=en&rclk=1,Bestmastering Language Centre,Language school,Settat,+212 6 64 75 63 96,0,0,,,,,,,,,,
https://www.google.com/maps/place/Lexilang+International/data=!4m7!3m6!1s0xda387edb3cadf65:0xf97a65e3e80802a1!8m2!3d32.3339618!4d-6.3561564!16s%2Fg%2F11q92zg9qc!19sChIJZd_Ks-2How0RoQII6ONlevk?authuser=0&hl=en&rclk=1,Lexilang International,Foreign languages program school,Beni Mellal,+212 6 17 26 17 92,3,5,,,,,,,,,,
"https://www.google.com/maps/place/A%2B+Academy,+Yes+You+Can/data=!4m7!3m6!1s0xda387e1e624ca9f:0x2bbea57ea7fd423!8m2!3d32.3346054!4d-6.3652581!16s%2Fg%2F11twtr1gnp!19sChIJn8ok5uGHow0RI9R_6lfquwI?authuser=0&hl=en&rclk=1","A+ Academy, Yes You Can",Language school,Beni Mellal,+212 6 28 46 59 96,5,5,,,,,,,,,,
https://www.google.com/maps/place/Centre+Bayernhaus/data=!4m7!3m6!1s0xda387a115cdb87d:0x1b76fe4e118c53d7!8m2!3d32.3332752!4d-6.3632263!16s%2Fg%2F11shjymhld!19sChIJfbjNFaGHow0R11OMEU7-dhs?authuser=0&hl=en&rclk=1,Centre Bayernhaus,Language school,Beni Mellal,+212 6 66 95 79 90,0,0,,,,,,,,,,
https://www.google.com/maps/place/Sobhi+Schule/data=!4m7!3m6!1s0xda38775bedf4a25:0x7045496a89641914!8m2!3d32.3385561!4d-6.3473731!16s%2Fg%2F11zddl3qhl!19sChIJJUrfvnWHow0RFBlkiWpJRXA?authuser=0&hl=en&rclk=1,Sobhi Schule,Foreign languages program school,Beni Mellal,+212 6 84 30 34 55,7,5,https://ssacommunity.com/,,instagram.com/ssa___academy,,,,,wa.me/212684303455,,
https://www.google.com/maps/place/English+Link+Academy/data=!4m7!3m6!1s0xda3878e230f4323:0x48449cf66507d32c!8m2!3d32.329674!4d-6.3674401!16s%2Fg%2F11tbvk3stx!19sChIJI0MPI46How0RLNMHZfacREg?authuser=0&hl=en&rclk=1,English Link Academy,Foreign languages program school,Beni Mellal,+212 8 08 66 08 42,2,5,https://digitalcartevisite.com/ela,,,,,,,,english.link.academy.bm@gmail.com, 
https://www.google.com/maps/place/matrix+group+international/data=!4m7!3m6!1s0xda38700d3fbd9d7:0x4b41649d1b3376e7!8m2!3d32.3392993!4d-6.346256!16s%2Fg%2F11mlv7nf_3!19sChIJ19n70wCHow0R53YzG51kQUs?authuser=0&hl=en&rclk=1,matrix group international,Language school,Beni Mellal,+212 6 87 72 76 64,6,5,,,,,,,,,,
https://www.google.com/maps/place/Allemando+Beni+Mellal/data=!4m7!3m6!1s0xda387006e53a4fb:0xd8827641223a336d!8m2!3d32.3330932!4d-6.363481!16s%2Fg%2F11w9lfsdrh!19sChIJ-6RTbgCHow0RbTM6IkF2gtg?authuser=0&hl=en&rclk=1,Allemando Beni Mellal,German language school,Beni Mellal,+212 6 43 11 77 38,25,5,,,,,,,,,,
https://www.google.com/maps/place/%D9%85%D8%B9%D9%87%D8%AF+%D8%B4%D9%8A%D9%83%D8%B3%D8%A8%D9%8A%D8%B1%E2%80%AD/data=!4m7!3m6!1s0xda3870142732e59:0xdc443efee3b0bb7c!8m2!3d32.3268125!4d-6.3691768!16s%2Fg%2F11cmmr0r_k!19sChIJWS5zQgGHow0RfLuw4_4-RNw?authuser=0&hl=en&rclk=1,معهد شيكسبير,English language school,Beni Mellal,+212 6 69 69 69 23,6,4.8,,,,,,,,,,
https://www.google.com/maps/place/Ennor+Foum+Oudi/data=!4m7!3m6!1s0xda478cb0c6aaaab:0xf0e7033ad97c291!8m2!3d32.2854833!4d-6.4327809!16s%2Fg%2F11txv1r4y2!19sChIJq6pqDMt4pA0RkcKXrTNwDg8?authuser=0&hl=en&rclk=1,Ennor Foum Oudi,Language school,Foum Oudi,+212 6 61 94 06 35,1,5,,,,,,,,,,
https://www.google.com/maps/place/Centre+Francophonia+La%C3%A2youne/data=!4m7!3m6!1s0xc3772dd993ae38f:0xc8fede4d3a1e7df6!8m2!3d27.1485124!4d-13.1958974!16s%2Fg%2F11cs3gvs97!19sChIJj-M6md1yNwwR9n0eOk3e_sg?authuser=0&hl=en&rclk=1,Centre Francophonia Laâyoune,Language school,Laayoune,+212 5 28 99 78 93,7,4.4,,,,,,,,,,
https://www.google.com/maps/place/Elitzone/data=!4m7!3m6!1s0xc3773c99fb9eda1:0xf7e0765d9f61ae21!8m2!3d27.1549234!4d-13.2014747!16s%2Fg%2F11t5nkcdy6!19sChIJoe25n8lzNwwRIa5hn1124Pc?authuser=0&hl=en&rclk=1,Elitzone,Language school,Laayoune,+212 8 08 65 43 63,3,4,,,,,,,,,,
https://www.google.com/maps/place/%D8%AC%D9%85%D8%B9%D9%8A%D8%A9+%D8%A7%D9%84%D9%83%D8%B1%D8%A7%D9%85%D8%A9+%D9%84%D8%AF%D8%B9%D9%85+%D8%A7%D9%84%D8%B7%D9%81%D9%88%D9%84%D8%A9+%D9%88%D8%A7%D9%84%D8%B4%D8%A8%D8%A7%D8%A8%E2%80%AD/data=!4m7!3m6!1s0xc3773ac68a6016f:0xc394b09dbd0990d7!8m2!3d27.132002!4d-13.1998683!16s%2Fg%2F11h_15pf_2!19sChIJbwGmaKxzNwwR15AJvZ2wlMM?authuser=0&hl=en&rclk=1,جمعية الكرامة لدعم الطفولة والشباب,French language school,Laayoune,+212 6 76 40 48 52,20,4.6,,,,,,,,,,
https://www.google.com/maps/place/Say+Language+Center/data=!4m7!3m6!1s0xd77a7f0ecdc4fcb:0xf3764b4eef32718d!8m2!3d35.1722824!4d-2.9262686!16s%2Fg%2F11cs4_8lt7!19sChIJy0_c7PCndw0RjXEy705LdvM?authuser=0&hl=en&rclk=1,Say Language Center,Language school,Nador,+212 6 89 07 36 44,0,0,,,,,,,,,,
https://www.google.com/maps/place/Centro+Cervantes/data=!4m7!3m6!1s0xd770917e444b4c5:0x66731cd7e5cf5c8a!8m2!3d35.182961!4d-2.9243769!16s%2Fg%2F11j0bvzxl9!19sChIJxbRE5BcJdw0RilzP5dccc2Y?authuser=0&hl=en&rclk=1,Centro Cervantes,Language school,Nador,+212 6 62 08 15 91,3,3.7,,,,,,,,,,
https://www.google.com/maps/place/Youcan+Institution/data=!4m7!3m6!1s0xd77a762a3038613:0xfba06608f82190!8m2!3d35.170654!4d-2.9263169!16s%2Fg%2F11jyzfk6x0!19sChIJE4YDo2Kndw0RkCH4CGag-wA?authuser=0&hl=en&rclk=1,Youcan Institution,Language school,Nador,+212 6 60 59 80 90,4,5,,,,,,,,,,
https://www.google.com/maps/place/Institute+Brilliant+Kids/data=!4m7!3m6!1s0xd77a78fe27e9c5f:0x955927dd70ea7c3e!8m2!3d35.1677461!4d-2.9251053!16s%2Fg%2F11pf7g57pv!19sChIJX5x-4o-ndw0RPnzqcN0nWZU?authuser=0&hl=en&rclk=1,Institute Brilliant Kids,Language school,Nador,+212 7 07 03 20 88,0,0,,,,,,,,,,
https://www.google.com/maps/place/%D9%85%D8%B9%D9%87%D8%AF+%D8%A7%D9%84%D9%84%D8%BA%D8%A7%D8%AA+IDI%E2%80%AD/data=!4m7!3m6!1s0xd77a70a6d839fdf:0xd1968656a89d3a85!8m2!3d35.1707294!4d-2.9309148!16s%2Fg%2F11rx1q3jf4!19sChIJ35-DbQqndw0RhTqdqFaGltE?authuser=0&hl=en&rclk=1,معهد اللغات IDI,Foreign languages program school,Nador,+212 6 65 70 73 70,14,4,https://www.instagram.com/idi.institute/,,instagram.com/rsrc.php/y4/r/QaBlI0OZiks.ico,,,,,,,
https://www.google.com/maps/place/Master+English+Academy+Al+Hoceima/data=!4m7!3m6!1s0xd77a700723e1dcb:0x7eb580b2f7c1ce2!8m2!3d35.1684275!4d-2.9326616!16s%2Fg%2F11wc1gfyg9!19sChIJyx0-cgCndw0R4hx8LwtY6wc?authuser=0&hl=en&rclk=1,Master English Academy Al Hoceima,English language school,Nador,+212 6 77 91 89 59,3,5,,,,,,,,,,
https://www.google.com/maps/place/Estudios+Hispanicos+de+Nador/data=!4m7!3m6!1s0xd77081d8ca0ace3:0xb1a1f7bd803664e2!8m2!3d35.1800706!4d-2.9238118!16s%2Fg%2F11bxc6bygq!19sChIJ46ygjB0Idw0R4mQ2gL33obE?authuser=0&hl=en&rclk=1,Estudios Hispanicos de Nador,Foreign languages program school,Nador,+212 6 22 61 27 09,0,0,,,,,,,,,,
https://www.google.com/maps/place/Het+Kompas/data=!4m7!3m6!1s0xd77a7f2fa90be07:0x6084b0f7f7bd3966!8m2!3d35.1709162!4d-2.9195704!16s%2Fg%2F11fxvmjc4d!19sChIJB76Q-vKndw0RZjm99_ewhGA?authuser=0&hl=en&rclk=1,Het Kompas,Language school,Nador,+212 5 36 60 17 00,3,5,,,,,,,,,,
https://www.google.com/maps/place/Deutche+Akademie/data=!4m7!3m6!1s0xd77a7003f96e179:0x310b02f6c64d274b!8m2!3d35.1470827!4d-2.9169493!16s%2Fg%2F11w8vncm5f!19sChIJeeGWPwCndw0RSydNxvYCCzE?authuser=0&hl=en&rclk=1,Deutche Akademie,German language school,Nador,+212 6 26 42 11 85,0,0,,,,,,,,,,
https://www.google.com/maps/place/Foryou+Institute+Segangane/data=!4m7!3m6!1s0xd77a99828fc586f:0xaa9dbc779aac97fa!8m2!3d35.1551685!4d-2.9983618!16s%2Fg%2F11h56w0605!19sChIJb1j8KJipdw0R-pesmne8nao?authuser=0&hl=en&rclk=1,Foryou Institute Segangane,Foreign languages program school,Zeghanghane ⴰⵣⵖⴰⵏⵖⴰⵏ أزغنغان,+212 7 66 69 44 02,5,4.2,,,,,,,,,,
https://www.google.com/maps/place/dialektika/data=!4m7!3m6!1s0xd77a5ca3bd51bdb:0xc9478063a3f7cccd!8m2!3d35.0714375!4d-2.9259375!16s%2Fg%2F11z7lmyxwq!19sChIJ2xvVO8qldw0Rzcz3o2OAR8k?authuser=0&hl=en&rclk=1,dialektika,Language school,Selouane,+212 7 65 24 67 04,0,0,,,,,,,,,,
https://www.google.com/maps/place/%D8%A7%D9%84%D9%85%D8%B1%D9%83%D8%B2+%D8%A7%D9%84%D8%AF%D9%88%D9%84%D9%8A+%D9%84%D9%84%D8%BA%D8%A7%D8%AA+%D8%A7%D9%84%D8%B9%D9%85%D8%B1%D8%A7%D9%86%E2%80%AD/data=!4m7!3m6!1s0xd77a5787a807b29:0x952acef2d8f78906!8m2!3d35.0674284!4d-2.9145074!16s%2Fg%2F11fs1wt9jk!19sChIJKXuAenildw0RBon32PLOKpU?authuser=0&hl=en&rclk=1,المركز الدولي للغات العمران,Foreign languages program school,Selouane,+212 6 52 03 10 00,3,5,,,,,,,,,,
https://www.google.com/maps/place/Institut+Idiga/data=!4m7!3m6!1s0xd77ae19d90d2b9d:0xed9fd8eae742b783!8m2!3d35.0130291!4d-3.0007052!16s%2Fg%2F11cn93kktv!19sChIJnSsN2Rmudw0Rg7dC5-rYn-0?authuser=0&hl=en&rclk=1,Institut Idiga,Language school,Al Aroui ⵍⵄⴰⵔⵡⵉ العروي,+212 5 36 36 11 11,7,2.9,,,,,,,,,,
https://www.google.com/maps/place/Institute+Alemane/data=!4m7!3m6!1s0xa1ed69cfbe52498b:0x4855ee6b4b25cba8!8m2!3d35.0133442!4d-3.0031729!16s%2Fg%2F11sszc46vf!19sChIJi0lSvs9p7aERqMslS2vuVUg?authuser=0&hl=en&rclk=1,Institute Alemane,Language school,Al Aroui ⵍⵄⴰⵔⵡⵉ العروي,+212 6 39 53 70 60,0,0,,,,,,,,,,
https://www.google.com/maps/place/Centre+Tonaroz/data=!4m7!3m6!1s0xda42749deae2395:0x3d5f2b7a2c74ccb3!8m2!3d32.8815763!4d-6.9126184!16s%2Fg%2F11y489bwrt!19sChIJlSOu3kknpA0Rs8x0LHorXz0?authuser=0&hl=en&rclk=1,Centre Tonaroz,Foreign languages program school,Khouribga,+212 7 07 47 79 11,2,5,,,,,,,,,,
https://www.google.com/maps/place/Mig+Center/data=!4m7!3m6!1s0xda683f09b0b61eb:0x25b490b520b3ed57!8m2!3d32.8993776!4d-6.9329058!16s%2Fg%2F11y2f_m17z!19sChIJ62ELm_CDpg0RV-2zILWQtCU?authuser=0&hl=en&rclk=1,Mig Center,Language school,Khouribga,+212 7 20 01 50 00,1,5,,,,,,,,,,
https://www.google.com/maps/place/Eclipse+Education+Group/data=!4m7!3m6!1s0xda427ae31c24a01:0x9cab586b1e1ed85f!8m2!3d32.8843521!4d-6.9180496!16s%2Fg%2F11zdjhy7kc!19sChIJAUrCMa4npA0RX9geHmtYq5w?authuser=0&hl=en&rclk=1,Eclipse Education Group,Foreign languages program school,Khouribga,+212 6 69 35 10 95,6,5,,,,,,,,,,
https://www.google.com/maps/place/Abdeutsch+Zentrum/data=!4m7!3m6!1s0xda4272e395d7a53:0x79615c70ef400434!8m2!3d32.8851682!4d-6.9155363!16s%2Fg%2F11xnvlzcb8!19sChIJU3pdOS4npA0RNARA73BcYXk?authuser=0&hl=en&rclk=1,Abdeutsch Zentrum,Language school,Khouribga,+212 7 72 55 81 26,0,0,,,,,,,,,,
https://www.google.com/maps/place/Centre+Shahrazad/data=!4m7!3m6!1s0xda69d8d31c9b99b:0x18368bca68dffa09!8m2!3d32.8888648!4d-6.8970377!16s%2Fg%2F11sd33tqc4!19sChIJm7nJMY2dpg0RCfrfaMqLNhg?authuser=0&hl=en&rclk=1,Centre Shahrazad,Language school,Khouribga,+212 6 96 66 39 04,0,0,,,,,,,,,,
https://www.google.com/maps/place/Alpha+Centre+De+Langues/data=!4m7!3m6!1s0xda044df03293fcf:0x9c3a30dc68e57632!8m2!3d33.8977478!4d-5.5439821!16s%2Fg%2F11fy98p252!19sChIJzz8pA99EoA0RMnblaNwwOpw?authuser=0&hl=en&rclk=1,Alpha Centre De Langues,Language school,Meknes,+212 6 65 21 87 51,0,0,,,,,,,,,,
https://www.google.com/maps/place/Sigma+For/data=!4m7!3m6!1s0xda044d9a50acfc3:0xc53095fbc4eb3f34!8m2!3d33.8986161!4d-5.5491931!16s%2Fg%2F11c20cdjqb!19sChIJw88KpdlEoA0RND_rxPuVMMU?authuser=0&hl=en&rclk=1,Sigma For,Language school,Meknes,+212 5 35 52 23 19,27,4.6,https://sigmafor.com/,,,,,,,,,
https://www.google.com/maps/place/Ecole+Pigier/data=!4m7!3m6!1s0xda044df22568d87:0xcd5272e9fe14bf2f!8m2!3d33.8974319!4d-5.5448395!16s%2Fg%2F11f398yzns!19sChIJh41WIt9EoA0RL78U_ulyUs0?authuser=0&hl=en&rclk=1,Ecole Pigier,Language school,Meknes,+212 5 35 40 17 33,14,4.2,,,,,,,,,,
https://www.google.com/maps/place/Berlin+Institute/data=!4m7!3m6!1s0xda045c1858b576b:0x1f4fd334e9d565de!8m2!3d33.8997899!4d-5.5462836!16s%2Fg%2F11mb3p8l2s!19sChIJa1eLhcFFoA0R3mXV6TTTTx8?authuser=0&hl=en&rclk=1,Berlin Institute,Language school,Meknes,+212 6 21 12 56 70,35,4.3,,,,,,,,,,
https://www.google.com/maps/place/Dialog+Institut/data=!4m7!3m6!1s0xda0454ecb5d9d6b:0xaa6066036ac028bc!8m2!3d33.8975544!4d-5.5509188!16s%2Fg%2F11yk1sy09m!19sChIJa51dy05FoA0RvCjAagNmYKo?authuser=0&hl=en&rclk=1,Dialog Institut,German language school,Meknes,+212 5 35 52 50 80,25,5,https://dialog-institut.com/,facebook.com/profile.php?id=61576128333262#,instagram.com/dialog_institut/#,,,,,wa.me/4915753568172,info@dialog-institut.com,
https://www.google.com/maps/place/GermanHaus/data=!4m7!3m6!1s0xda045f33c27e753:0x6d7ed2e01c88343e!8m2!3d33.8593211!4d-5.5532544!16s%2Fg%2F11wjw1ts0z!19sChIJU-cnPPNFoA0RPjSIHODSfm0?authuser=0&hl=en&rclk=1,GermanHaus,Language school,Meknes,+212 6 52 38 31 82,97,5,https://www.germanhaus.net/,facebook.com/GermanHaus.Meknas,,,,,,,,
https://www.google.com/maps/place/Institut+FIDNA+PRIVE/data=!4m7!3m6!1s0xda045b0ed2d131f:0x6dc65c47cfee17de!8m2!3d33.8635892!4d-5.5662493!16s%2Fg%2F11fc95h2mm!19sChIJHxMt7bBFoA0R3hfuz0dcxm0?authuser=0&hl=en&rclk=1,Institut FIDNA PRIVE,Language school,Meknes,+212 6 42 43 45 99,1,5,,,,,,,,,,
https://www.google.com/maps/place/Neway+Academy/data=!4m7!3m6!1s0xda05b9a9cc3817d:0x810cde9e2994ca5b!8m2!3d33.8585852!4d-5.5652517!16s%2Fg%2F11j2xw7k_w!19sChIJfYHDnJpboA0RW8qUKZ7eDIE?authuser=0&hl=en&rclk=1,Neway Academy,Language school,Meknes,+212 7 07 77 35 18,5,4.6,https://newayacademy.com,,,,,,,,,
https://www.google.com/maps/place/Karriere+Bruecke+Mekn%C3%A8s/data=!4m7!3m6!1s0xda0cfdc35768243:0x22e5c736bd3a43c6!8m2!3d33.9019697!4d-5.5474305!16s%2Fg%2F11ypn42x9c!19sChIJQ4J2NdzPoA0RxkM6vTbH5SI?authuser=0&hl=en&rclk=1,Karriere Bruecke Meknès,Language school,Meknes,+212 5 35 52 22 11,3,5,https://www.karriere-bruecke.com/en_GB,,,,,,,,,
https://www.google.com/maps/place/Daf-Maroc/data=!4m7!3m6!1s0xda045000dab9ce7:0x415c2144ffd4cfe8!8m2!3d33.8988503!4d-5.5452507!16s%2Fg%2F11w4vmsp6_!19sChIJ55yrDQBFoA0R6M_U_0QhXEE?authuser=0&hl=en&rclk=1,Daf-Maroc,German language school,Meknes,+212 5 35 51 18 83,29,5,https://www.instagram.com/dafmaroc?igsh=d25mMHpyaTlhc3Yw,,instagram.com/rsrc.php/y4/r/QaBlI0OZiks.ico,,,,,,,
https://www.google.com/maps/place/English+Windows/data=!4m7!3m6!1s0xda0451536707ab1:0xb61369e38f456e8d!8m2!3d33.9055056!4d-5.4800331!16s%2Fg%2F11yr889nhy!19sChIJsXpwNhVFoA0RjW5Fj-NpE7Y?authuser=0&hl=en&rclk=1,English Windows,Language school,Ouislane,+212 8 08 59 61 22,20,5,https://www.englishwindows.net/,facebook.com/profile.php?id=61571313782245,instagram.com/english.windows,x.com/oulgout19475,linkedin.com/company/englishwndows,youtube.com/@englishwindows,,,contact@englishwindows.net,
https://www.google.com/maps/place/DEUTSCH+PLANET/data=!4m7!3m6!1s0xda045004b4ed0a3:0x4354c07e229eaa7c!8m2!3d33.8983351!4d-5.5470389!16s%2Fg%2F11y5fgd6_v!19sChIJo9BOSwBFoA0RfKqeIn7AVEM?authuser=0&hl=en&rclk=1,DEUTSCH PLANET,German language school,Meknes,+212 6 44 41 76 10,7,4.4,,,,,,,,,,
https://www.google.com/maps/place/Centre+Asm-Forma/data=!4m7!3m6!1s0xda0452335648af9:0xa7c1559845eb94cf!8m2!3d33.9019943!4d-5.5467706!16s%2Fg%2F11khbc77fd!19sChIJ-YpkNSNFoA0Rz5TrRZhVwac?authuser=0&hl=en&rclk=1,Centre Asm-Forma,Language school,Meknes,+212 6 14 26 37 47,0,0,,,,,,,,,,
https://www.google.com/maps/place/ENGLISHINNOV/data=!4m7!3m6!1s0xda04508d06ab181:0x2d21a9d742dbc07f!8m2!3d33.8996122!4d-5.5512425!16s%2Fg%2F11s7nq1sxx!19sChIJgbFq0AhFoA0Rf8DbQtepIS0?authuser=0&hl=en&rclk=1,ENGLISHINNOV,Language school,Meknes,+212 5 32 06 34 30,4,5,,,,,,,,,,
https://www.google.com/maps/place/Bright+language+center/data=!4m7!3m6!1s0xda045170249343f:0xec5bedb3933b7ca2!8m2!3d33.8730164!4d-5.5407299!16s%2Fg%2F11h5n__kwc!19sChIJPzRJAhdFoA0Ronw7k7PtW-w?authuser=0&hl=en&rclk=1,Bright language center,Foreign languages program school,Meknes,+212 6 12 15 56 63,6,5,,,,,,,,,,
https://www.google.com/maps/place/German+Academy+Consulting+Center/data=!4m7!3m6!1s0xda045ec7283bbab:0xa927c780fb6c1a75!8m2!3d33.8589872!4d-5.5561956!16s%2Fg%2F11l27lkqxk!19sChIJq7uDcuxFoA0RdRps-4DHJ6k?authuser=0&hl=en&rclk=1,German Academy Consulting Center,Language school,Meknes,+212 6 38 30 71 34,0,0,,,,,,,,,,
https://www.google.com/maps/place/Erudite+Center+for+Training/data=!4m7!3m6!1s0xda04559d1b6272d:0x8d9cae045583fb18!8m2!3d33.8964902!4d-5.5459538!16s%2Fg%2F11vcvs3h0d!19sChIJLSe20VlFoA0RGPuDVQSunI0?authuser=0&hl=en&rclk=1,Erudite Center for Training,Language school,Meknes,+212 6 63 02 50 67,3,5,,,,,,,,,,
https://www.google.com/maps/place/Deutsch+Aachen/data=!4m7!3m6!1s0xda0456d92c6d2db:0x62216cda584b9ba4!8m2!3d33.900637!4d-5.5486252!16s%2Fg%2F11yd86zdh7!19sChIJ29LGkm1FoA0RpJtLWNpsIWI?authuser=0&hl=en&rclk=1,Deutsch Aachen,Language school,Meknes,+212 6 20 43 04 45,0,0,,,,,,,,,,
https://www.google.com/maps/place/STEINWAY+STREET+American+Language+Center+Priv%C3%A9/data=!4m7!3m6!1s0xda05b144bd53be7:0x2021255d5452d7f7!8m2!3d33.8624377!4d-5.577202!16s%2Fg%2F11ltpcr16k!19sChIJ5zvVSxRboA0R99dSVF0lISA?authuser=0&hl=en&rclk=1,STEINWAY STREET American Language Center Privé,Language school,Meknes,+212 6 64 50 99 19,0,0,,,,,,,,,,
https://www.google.com/maps/place/Centre+El+Waffa+Langue/data=!4m7!3m6!1s0xda045d94b44047b:0x3b2837e007c12efc!8m2!3d33.8905904!4d-5.5059585!16s%2Fg%2F11h_kc98c3!19sChIJewRES9lFoA0R_C7BB-A3KDs?authuser=0&hl=en&rclk=1,Centre El Waffa Langue,Language school,Meknes,+212 6 28 54 31 90,0,0,,,,,,,,,,
https://www.google.com/maps/place/Englyx/data=!4m7!3m6!1s0xda05b562af015bb:0x6af00cb0813c417b!8m2!3d33.8593407!4d-5.5518731!16s%2Fg%2F11xs3f9p9k!19sChIJuxXwKlZboA0Re0E8gbAM8Go?authuser=0&hl=en&rclk=1,Englyx,English language school,Meknes,+212 6 68 82 01 55,2,1.5,,,,,,,,,,
https://www.google.com/maps/place/Atlantic/data=!4m7!3m6!1s0xda045bebfcda84f:0x109941838f78a2c8!8m2!3d33.898947!4d-5.5490163!16s%2Fg%2F11jhx2xmcd!19sChIJT6jNv75FoA0RyKJ4j4NBmRA?authuser=0&hl=en&rclk=1,Atlantic,Language school,Meknes,+212 6 22 13 57 20,2,3,,,,,,,,,,
https://www.google.com/maps/place/Matrix+Group/data=!4m7!3m6!1s0xda04500493f0fa9:0x2dbdd679f745eaa6!8m2!3d33.9008475!4d-5.5156395!16s%2Fg%2F11w3k80v8h!19sChIJqQ8_SQBFoA0RpupF93nWvS0?authuser=0&hl=en&rclk=1,Matrix Group,Language school,Meknes,+212 6 55 51 63 75,1,5,,,,,,,,,,
https://www.google.com/maps/place/Ici+Pres+Center/data=!4m7!3m6!1s0xda05bb171173b4d:0x7d8e3816ca9efee5!8m2!3d33.8608502!4d-5.5778575!16s%2Fg%2F11frrvw8bf!19sChIJTTsXcbFboA0R5f6eyhY4jn0?authuser=0&hl=en&rclk=1,Ici Pres Center,English language school,Meknes,+212 5 35 45 60 77,0,0,,,,,,,,,,
https://www.google.com/maps/place/Globe+Skills+Connect+SARL/data=!4m7!3m6!1s0xda05b08cb8f558d:0x6c0be8cf7ad238d!8m2!3d33.8807289!4d-5.5730345!16s%2Fg%2F11tsjh0582!19sChIJjVWPywhboA0RjSOt94y-wAY?authuser=0&hl=en&rclk=1,Globe Skills Connect SARL,Language school,Meknes,+212 6 63 28 80 21,0,0,,,,,,,,,,
https://www.google.com/maps/place/Arab+American+Language+Institute+in+Morocco/data=!4m7!3m6!1s0xda05b104344b303:0x45fdd31e51af3a0c!8m2!3d33.8978533!4d-5.5635301!16s%2Fg%2F11s5vnmckb!19sChIJA7NEQxBboA0RDDqvUR7T_UU?authuser=0&hl=en&rclk=1,Arab American Language Institute in Morocco,Language school,Meknes,+212 5 35 55 30 69,0,0,https://www.aalimorocco.com/,facebook.com/ArabAmericanLanguageInstitute,instagram.com/aalimorocco,twitter.com/explore,linkedin.com/company/aalimorocco/about,youtube.com/channel/UCGLnoUhXCZtFzyaywD5iK7A/featured,,,info@aalimorocco.com,
https://www.google.com/maps/place/American+Language+Center+%28ALC%29/data=!4m7!3m6!1s0xd787cab35326021:0x6e5dc46ae1e58afe!8m2!3d34.6678248!4d-1.9062399!16s%2Fg%2F11b6j8b07_!19sChIJIWAyNat8eA0R_orl4WrEXW4?authuser=0&hl=en&rclk=1,American Language Center (ALC),English language school,Oujda,+212 5 36 50 35 94,102,4.2,,,,,,,,,,
https://www.google.com/maps/place/E-Planet+Oujda/data=!4m7!3m6!1s0xd78654ef33aa87f:0x3b2340ba80f07589!8m2!3d34.6892314!4d-1.9190089!16s%2Fg%2F11jsthgph9!19sChIJf6g6805leA0RiXXwgLpAIzs?authuser=0&hl=en&rclk=1,E-Planet Oujda,Language school,Oujda,+212 7 70 45 54 54,2,5,https://www.eplaneteducation.com/,facebook.com/EPlanet.Education1/?fref=ts,instagram.com/eplanetuk,twitter.com/EplanetEdu,linkedin.com/company/e-planet-educational-services,youtube.com/channel/UC4N75hJk814rC8Yc67IgUiQ,,,support@eplaneteducation.com,
https://www.google.com/maps/place/Oxford+Language+Center+And+Communication/data=!4m7!3m6!1s0xd7864afc82339db:0xd937773569cf2eec!8m2!3d34.6793701!4d-1.9188331!16s%2Fg%2F11g01mg5l4!19sChIJ2zkjyK9keA0R7C7PaTV3N9k?authuser=0&hl=en&rclk=1,Oxford Language Center And Communication,Language school,Oujda,+212 6 54 29 16 94,4,1,,,,,,,,,,
https://www.google.com/maps/place/Etc+Oujda/data=!4m7!3m6!1s0xd7863b2d2d83a05:0x2d8b722592555781!8m2!3d34.681962!4d-1.900155!16s%2Fg%2F11tspgqnhh!19sChIJBTrY0rJjeA0RgVdVkiVyiy0?authuser=0&hl=en&rclk=1,Etc Oujda,Language school,Oujda,+212 6 61 37 65 35,0,0,,,,,,,,,,
https://www.google.com/maps/place/School+Etc./data=!4m7!3m6!1s0xd787d921afbb21f:0x5ff88ef65eb142c3!8m2!3d34.6579348!4d-1.8972878!16s%2Fg%2F11ftmd6r1b!19sChIJH7L7GpJ9eA0Rw0KxXvaO-F8?authuser=0&hl=en&rclk=1,School Etc.,Language school,Oujda,+212 5 36 50 55 62,0,0,,,,,,,,,,
https://www.google.com/maps/place/Oujda+Languages+Center+Institute+German+%C3%80+Oujda/data=!4m7!3m6!1s0xd787dca49bd304f:0xa3e2d28810800df0!8m2!3d34.6697016!4d-1.9062718!16s%2Fg%2F11f6bbjgn5!19sChIJTzC9Scp9eA0R8A2AEIjS4qM?authuser=0&hl=en&rclk=1,Oujda Languages Center Institute German À Oujda,German language school,Oujda,+212 5 36 50 45 33,17,2.9,,,,,,,,,,
https://www.google.com/maps/place/Centre+Granada/data=!4m7!3m6!1s0xaa70ec72d7d05899:0x36b3fc85b6caf9f8!8m2!3d34.6573652!4d-1.8990967!16s%2Fg%2F11nb3fgfyk!19sChIJmVjQ13LscKoR-PnKtoX8szY?authuser=0&hl=en&rclk=1,Centre Granada,Language school,Oujda,+212 6 60 97 27 17,13,5,,,,,,,,,,
https://www.google.com/maps/place/We+Can+School+:+Language+Center+%26+Communication/data=!4m7!3m6!1s0xd78636033322c9b:0x7f71f2db4a79589f!8m2!3d34.6971993!4d-1.8932294!16s%2Fg%2F11tcp_vrfs!19sChIJmywyM2BjeA0Rn1h5StvycX8?authuser=0&hl=en&rclk=1,We Can School : Language Center & Communication,Language school,Oujda,+212 6 81 08 24 10,7,4.9,,,,,,,,,,
https://www.google.com/maps/place/Olc/data=!4m7!3m6!1s0xd7864afe39be685:0x3fd76a81743ea715!8m2!3d34.6807715!4d-1.9194451!16s%2Fg%2F11c44r3cdw!19sChIJheab469keA0RFac-dIFq1z8?authuser=0&hl=en&rclk=1,Olc,Language school,Oujda,+212 5 36 71 27 07,25,3.8,https://www.olcgermany.de/,,,,,,,api.whatsapp.com/send?phone=34643050355,"olcgermany@gmail.com, soporte@webador.es", 
https://www.google.com/maps/place/NeoDaF/data=!4m7!3m6!1s0xd7797136f03ec6d:0xd2d2452bd933de25!8m2!3d34.6724946!4d-1.886923!16s%2Fg%2F11l23sp18q!19sChIJbewDbxOXdw0RJd4z2StF0tI?authuser=0&hl=en&rclk=1,NeoDaF,German language school,Oujda,+212 6 00 99 14 12,24,5,,,,,,,,,,
https://www.google.com/maps/place/Institut+Top+Langues+Oujda/data=!4m7!3m6!1s0xd787d3c678922bf:0xe6c33871b653c077!8m2!3d34.6550932!4d-1.8969164!16s%2Fg%2F11s7pwqyz6!19sChIJvyKJZzx9eA0Rd8BTtnE4w-Y?authuser=0&hl=en&rclk=1,Institut Top Langues Oujda,Language school,Oujda,+212 6 36 84 90 98,35,5,,,,,,,,,,
https://www.google.com/maps/place/Heliopolis+Formation+S.A.R.L./data=!4m7!3m6!1s0xd7864b06ffe6fa5:0x40b200138ab0d01f!8m2!3d34.6808545!4d-1.918987!16s%2Fg%2F1jkw9t3cm!19sChIJpW_-b7BkeA0RH9CwihMAskA?authuser=0&hl=en&rclk=1,Heliopolis Formation S.A.R.L.,Language school,Oujda,+212 6 15 15 08 10,5,4.2,https://rogerwagner.com/,,,twitter.com/cueinc/statuses/8973029780,,youtube.com/watch?v=F26wOuNBonw,,,,
https://www.google.com/maps/place/Groupe+Index-Info/data=!4m7!3m6!1s0xd78635f712f4929:0x7d4f3538c7b8b60f!8m2!3d34.6896762!4d-1.9091906!16s%2Fg%2F11fyzfs57z!19sChIJKUkvcV9jeA0RD7a4xzg1T30?authuser=0&hl=en&rclk=1,Groupe Index-Info,Language school,Oujda,+212 5 36 68 27 11,1,5,,,,,,,,,,
https://www.google.com/maps/place/Academy+Eastern+De+Langues/data=!4m7!3m6!1s0xd787b92d8d8afef:0xa79b883d74625ed8!8m2!3d34.658578!4d-1.9397114!16s%2Fg%2F11s3y5zd4w!19sChIJ76_Y2JJ7eA0R2F5idD2Im6c?authuser=0&hl=en&rclk=1,Academy Eastern De Langues,Language school,Oujda,+212 7 68 07 38 74,0,0,,,,,,,,,,
https://www.google.com/maps/place/SIBAWAYHE+CENTRE+DE+LANGUES/data=!4m7!3m6!1s0xd786500116c430b:0xeb9be4f1dc878144!8m2!3d34.6860269!4d-1.9174589!16s%2Fg%2F11y40bm9jz!19sChIJC0NsEQBleA0RRIGH3PHkm-s?authuser=0&hl=en&rclk=1,SIBAWAYHE CENTRE DE LANGUES,Language school,Oujda,+212 6 68 63 32 46,0,0,,,,,,,,,,
https://www.google.com/maps/place/Genie+Deutsch+Institute/data=!4m7!3m6!1s0xd787dd27a641b1d:0xa51480ab12881e4d!8m2!3d34.6538754!4d-1.8943787!16s%2Fg%2F11w4vrq0dw!19sChIJHRtketJ9eA0RTR6IEquAFKU?authuser=0&hl=en&rclk=1,Genie Deutsch Institute,Language school,Oujda,+212 6 93 50 81 33,21,5,https://www.instagram.com/genie_deutsch_institut,,instagram.com/rsrc.php/y4/r/QaBlI0OZiks.ico,,,,,,,
https://www.google.com/maps/place/Planete+des+langues/data=!4m7!3m6!1s0xd7863c6bcf54ddf:0x495b9e6a3b350763!8m2!3d34.6965221!4d-1.8875943!16s%2Fg%2F11v9kdh5kx!19sChIJ3031vMZjeA0RYwc1O2qeW0k?authuser=0&hl=en&rclk=1,Planete des langues,Foreign languages program school,Oujda,+212 6 72 25 24 38,1,5,,,,,,,,,,
https://www.google.com/maps/place/Top+Accent/data=!4m7!3m6!1s0xd7865c2cb8eed8b:0x12e44d3bdb6075a9!8m2!3d34.6746654!4d-1.9177557!16s%2Fg%2F11h_zbcn4x!19sChIJi-2Oy8JleA0RqXVg2ztN5BI?authuser=0&hl=en&rclk=1,Top Accent,Language school,Oujda,+212 5 36 68 72 79,2,5,,,,,,,,,,
https://www.google.com/maps/place/Go+Languages+Private/data=!4m7!3m6!1s0xd787d249f1003ed:0x3dad25a0562d04d!8m2!3d34.6585232!4d-1.8986848!16s%2Fg%2F11pqq1xrq8!19sChIJ7QMQnyR9eA0RTdBiBVrS2gM?authuser=0&hl=en&rclk=1,Go Languages Private,Language school,Oujda,+212 7 07 66 55 20,5,2.4,,,,,,,,,,
https://www.google.com/maps/place/Talaneco/data=!4m7!3m6!1s0xd7865fcf5bb1389:0x898b237cb5442c37!8m2!3d34.6896448!4d-1.9194096!16s%2Fg%2F11sw0vj11r!19sChIJiRO79fxleA0RNyxEtXwji4k?authuser=0&hl=en&rclk=1,Talaneco,German language school,Oujda,+212 7 64 78 28 05,1,5,https://talaneco.com/,,,,,,,,info@talaneco.com,
https://www.google.com/maps/place/Anglia+Center/data=!4m7!3m6!1s0xd787b822098aa07:0x68379cc66e9bf733!8m2!3d34.6592766!4d-1.9362541!16s%2Fg%2F11k4xxf619!19sChIJB6qYIIJ7eA0RM_ebbsacN2g?authuser=0&hl=en&rclk=1,Anglia Center,Language school,Oujda,+212 6 06 70 12 41,0,0,,,,,,,,,,
https://www.google.com/maps/place/Germany+House+Akademy/data=!4m7!3m6!1s0xd787d2c1523b757:0x7fc99058122df1e7!8m2!3d34.6577705!4d-1.8983221!16s%2Fg%2F11tm_6d17c!19sChIJV7cjFSx9eA0R5_EtEliQyX8?authuser=0&hl=en&rclk=1,Germany House Akademy,German language school,Oujda,+212 6 66 02 04 96,4,3,,,,,,,,,,
https://www.google.com/maps/place/Association+Bint+%27Adn%C3%A2n/data=!4m7!3m6!1s0xd78635a2a7188e3:0xb40654db8bae21d5!8m2!3d34.6899123!4d-1.8922739!16s%2Fg%2F11fn2xr53z!19sChIJ44hxKlpjeA0R1SGui9tUBrQ?authuser=0&hl=en&rclk=1,Association Bint 'Adnân,Language school,Oujda,+212 6 10 21 41 34,1,5,,,,,,,,,,
https://www.google.com/maps/place/Omediaplus+:+Sp%C3%A9cialis%C3%A9e+Dans+Les+M%C3%A9dias+Internet+And+Creation+Of+Sites+Web+Professionnels/data=!4m7!3m6!1s0xd78635033ea92a5:0x47eda9d1e25a1939!8m2!3d34.6856172!4d-1.9108589!16s%2Fg%2F11_sg9blj!19sChIJpZLqM1BjeA0RORla4tGp7Uc?authuser=0&hl=en&rclk=1,Omediaplus : Spécialisée Dans Les Médias Internet And Creation Of Sites Web Professionnels,German language school,Oujda,+212 6 75 95 76 15,1,2,http://www.omediaplus.com/,,,,,,,,,
https://www.google.com/maps/place/Academia+T%C3%A9touan+Private/data=!4m7!3m6!1s0xd0b43b9be4d4625:0xd6b412cfbb1a21c9!8m2!3d35.5690797!4d-5.3723348!16s%2Fg%2F11rd8w8k0g!19sChIJJUZNvrlDCw0RySEau88StNY?authuser=0&hl=en&rclk=1,Academia Tétouan Private,Language school,Tétouan تطوان,+212 5 39 71 05 33,0,0,,,,,,,,,,
https://www.google.com/maps/place/ADANA+centre+de+langue+et+soutien/data=!4m7!3m6!1s0xd0b432109605fad:0xb6dce9146ac5b479!8m2!3d35.5888648!4d-5.3611515!16s%2Fg%2F11v9_n65bl!19sChIJrV9gCSFDCw0RebTFahTp3LY?authuser=0&hl=en&rclk=1,ADANA centre de langue et soutien,Foreign languages program school,Tétouan تطوان,+212 6 40 14 19 53,0,0,,,,,,,,,,
https://www.google.com/maps/place/Larecrefle/data=!4m7!3m6!1s0xd0b436fa0e3e7f1:0x2ef48b65b5018d7c!8m2!3d35.5720345!4d-5.3917977!16s%2Fg%2F11t2s8px25!19sChIJ8efjoG9DCw0RfI0BtWWL9C4?authuser=0&hl=en&rclk=1,Larecrefle,French language school,Tétouan تطوان,+212 7 06 25 22 96,0,0,,,,,,,,,,
https://www.google.com/maps/place/Elc+Tetouan+-+Elite+Learning+Center/data=!4m7!3m6!1s0xd0b43e242591d17:0x5d009c4505e58001!8m2!3d35.5718981!4d-5.3604667!16s%2Fg%2F11pv7b4zn1!19sChIJFx1ZQuJDCw0RAYDlBUWcAF0?authuser=0&hl=en&rclk=1,Elc Tetouan - Elite Learning Center,Foreign languages program school,Tétouan تطوان,+212 8 08 57 72 82,0,0,https://www.instagram.com/elctetouan/,,instagram.com/rsrc.php/y4/r/QaBlI0OZiks.ico,,,,,,,
https://www.google.com/maps/place/Centro+Espa%C3%B1ol+Lorca/data=!4m7!3m6!1s0xd0b42677ec2a193:0xfc41a8d11c45cec4!8m2!3d35.5697073!4d-5.3736903!16s%2Fg%2F11c529nyw8!19sChIJk6HCfmdCCw0RxM5FHNGoQfw?authuser=0&hl=en&rclk=1,Centro Español Lorca,Foreign languages program school,Tétouan تطوان,+212 6 61 50 87 71,0,0,,,,,,,,,,
https://www.google.com/maps/place/Isla+Martil+%D9%85%D8%B9%D9%87%D8%AF+%D8%A7%D9%84%D8%AF%D8%B9%D9%85+%D9%88+%D8%A7%D9%84%D9%84%D8%BA%D8%A7%D8%AA+%D9%88+%D8%A7%D9%84%D8%AA%D9%86%D8%B4%D9%8A%D8%B7+%D8%A7%D9%84%D8%AB%D9%82%D8%A7%D9%81%D9%8A+%D9%85%D8%A7%D8%B1%D8%AA%D9%8A%D9%84%E2%80%8E%E2%80%AD/data=!4m7!3m6!1s0xd0b457bbd5c4f47:0xcd1396bad9f898d8!8m2!3d35.617895!4d-5.2739006!16s%2Fg%2F11nrw77k5z!19sChIJR09cvXtFCw0R2Jj42bqWE80?authuser=0&hl=en&rclk=1,Isla Martil معهد الدعم و اللغات و التنشيط الثقافي مارتيل‎,Language school,Martil,+212 6 10 50 57 13,0,0,,,,,,,,,,
https://www.google.com/maps/place/Masterbec+Centre+De+Langues/data=!4m7!3m6!1s0xda759e33dac55ad:0x2367deb28d8eef81!8m2!3d34.2555402!4d-6.5819239!16s%2Fg%2F11clg74ky6!19sChIJrVWsPeNZpw0Rge-OjbLeZyM?authuser=0&hl=en&rclk=1,Masterbec Centre De Langues,Language school,Kenitra,+212 5 37 36 05 45,54,4.9,https://www.masterbec.com/en,facebook.com/masterbec,instagram.com/masterbec,,linkedin.com/company/masterbec,youtube.com/@masterbec,,,contact@masterbec.com,
https://www.google.com/maps/place/American+Language+School/data=!4m7!3m6!1s0xda759e54f601b03:0x7d354355588d2c2d!8m2!3d34.2571818!4d-6.5898362!16s%2Fg%2F11by__6c6y!19sChIJAxtgT-VZpw0RLSyNWFVDNX0?authuser=0&hl=en&rclk=1,American Language School,Language school,Kenitra,+212 5 37 37 85 40,35,4.8,,,,,,,,,,
https://www.google.com/maps/place/FORSA+DEUTSCH+INSTITUT+-+Centre+Forsa+de+langue+Allemand+K%C3%A9nitra/data=!4m7!3m6!1s0xda759901b15c1b1:0xe777ff0c111a9fff!8m2!3d34.2608374!4d-6.5849462!16s%2Fg%2F11lm9w75dw!19sChIJscEVG5BZpw0R_58aEQz_d-c?authuser=0&hl=en&rclk=1,FORSA DEUTSCH INSTITUT - Centre Forsa de langue Allemand Kénitra,German language school,Kenitra,+212 6 65 62 35 98,40,5,https://www.instagram.com/forsa.deutsch.institut?igsh=MWF6YWVzemlnM2h6bA%3D%3D&utm_source=qr,,instagram.com/rsrc.php/y4/r/QaBlI0OZiks.ico,,,,,,,
https://www.google.com/maps/place/Ausbildung+sprache+akademie/data=!4m7!3m6!1s0xda7592edb43767f:0xe54d900c9e547b56!8m2!3d34.2548545!4d-6.5799451!16s%2Fg%2F11nqchz1t2!19sChIJf3ZD2y5Zpw0RVntUngyQTeU?authuser=0&hl=en&rclk=1,Ausbildung sprache akademie,German language school,Kenitra,+212 6 68 46 02 54,16,4.9,,,,,,,,,,
https://www.google.com/maps/place/Neues+leben+Sprachzentrum+%D9%85%D8%AF%D8%B1%D8%B3%D8%A9+%D8%A7%D9%84%D9%84%D8%BA%D8%A9+%D8%A7%D9%84%D8%A7%D9%84%D9%85%D8%A7%D9%86%D9%8A%D8%A9%E2%80%AD/data=!4m7!3m6!1s0xda75902f72d6dbd:0x467fd176479ba197!8m2!3d34.2568108!4d-6.5826747!16s%2Fg%2F11vcl04707!19sChIJvW0t9wJZpw0Rl6GbR3bRf0Y?authuser=0&hl=en&rclk=1,Neues leben Sprachzentrum مدرسة اللغة الالمانية,German language school,Kenitra,+212 7 09 18 29 48,24,5,https://neuesleben.wuiltweb.com/,facebook.com/profile.php?id=100092242452850\u0026mibextid=2JQ9oc\,instagram.com/neues.lebengermany1?igsh=MWJhZnVla204OWdrbA==\,,,,,api.whatsapp.com/send?phone=212709182948,"hayanisalim7@gmail.com, kadry@wuilt.com, neuesleben.germany1@gmail.com, u003eneuesleben.germany1@gmail.com", 
https://www.google.com/maps/place/C%C3%B4t%C3%A9+Language/data=!4m7!3m6!1s0xda75933e7d186d5:0x9247eff68c00c02e!8m2!3d34.2530139!4d-6.5948279!16s%2Fg%2F11q1pfjhft!19sChIJ1YbR5zNZpw0RLsAAjPbvR5I?authuser=0&hl=en&rclk=1,Côté Language,Language school,Kenitra,+212 6 06 68 92 00,10,4.9,,,,,,,,,,
https://www.google.com/maps/place/Gottfried+Institut+%C2%AE%EF%B8%8F+%C3%A9cole+d%E2%80%99allemand/data=!4m7!3m6!1s0xda759a54e571cb7:0xb6e7e152e4321d98!8m2!3d34.2601698!4d-6.5812834!16s%2Fg%2F11kq1ncp35!19sChIJtxxXTqVZpw0RmB0y5FLh57Y?authuser=0&hl=en&rclk=1,Gottfried Institut ®️ école d’allemand,Language school,Kenitra,+212 6 73 23 52 85,5,4.8,https://www.gw-institut.com/,,,,,,,,info@ktv-anwaelte.de,
https://www.google.com/maps/place/Institute+Mellanium+De+Langues+%26+D%27informatique/data=!4m7!3m6!1s0xda75759e085b9e7:0xb18be98568f0d403!8m2!3d34.2466637!4d-6.5533924!16s%2Fg%2F11nytq03mz!19sChIJ57mF4FlXpw0RA9TwaIXpi7E?authuser=0&hl=en&rclk=1,Institute Mellanium De Langues & D'informatique,Language school,Kenitra,+212 5 37 38 09 07,0,0,,,,,,,,,,
https://www.google.com/maps/place/K-Star+English+Languge+Center+-+Kenitra/data=!4m7!3m6!1s0xda7592893ccb6e3:0x601f00ad77da4704!8m2!3d34.2598019!4d-6.5848537!16s%2Fg%2F11hz6llpxx!19sChIJ47bMkyhZpw0RBEfad60AH2A?authuser=0&hl=en&rclk=1,K-Star English Languge Center - Kenitra,Language school,Kenitra,+212 5 30 13 65 65,15,4.9,,,,,,,,,,
https://www.google.com/maps/place/Polyglot+hub/data=!4m7!3m6!1s0xda759db568890d5:0x41989c891f51340d!8m2!3d34.2596892!4d-6.5890639!16s%2Fg%2F11zddlrq_s!19sChIJ1ZCIVttZpw0RDTRRH4mcmEE?authuser=0&hl=en&rclk=1,Polyglot hub,Language school,Kenitra,+212 6 21 40 20 15,28,5,,,,,,,,,,
https://www.google.com/maps/place/English+Language+Space/data=!4m7!3m6!1s0xda759ed96b410c9:0x34bf30798ed9be71!8m2!3d34.2552185!4d-6.5957635!16s%2Fg%2F11g6pyzpsf!19sChIJyRC0lu1Zpw0Rcb7ZjnkwvzQ?authuser=0&hl=en&rclk=1,English Language Space,English language school,Kenitra,+212 5 37 36 74 05,4,5,,,,,,,,,,
"https://www.google.com/maps/place/Brooklyn+Institute+English+Language+Center+%7C+Centre+de+Langues,+Kenitra/data=!4m7!3m6!1s0xda759230bb2ecc9:0xb4dce60eaee818d0!8m2!3d34.2624896!4d-6.5861103!16s%2Fg%2F11w9x9tpd6!19sChIJyeyyCyNZpw0R0Bjorg7m3LQ?authuser=0&hl=en&rclk=1","Brooklyn Institute English Language Center | Centre de Langues, Kenitra",English language school,Kenitra,+212 6 60 77 17 07,21,5,,,,,,,,,,
https://www.google.com/maps/place/C%C3%B4t%C3%A9+cours/data=!4m7!3m6!1s0xda75960aa2e12df:0x407cd2e44c31c2a1!8m2!3d34.2629522!4d-6.5924031!16s%2Fg%2F11gxjt8nl5!19sChIJ3xIuqmBZpw0RocIxTOTSfEA?authuser=0&hl=en&rclk=1,Côté cours,Language school,Kenitra,+212 5 37 36 80 81,49,5,,,,,,,,,,
https://www.google.com/maps/place/Grow+Center+Kenitra/data=!4m7!3m6!1s0xda759099ac07ebd:0xca3906af9150d1c!8m2!3d34.254119!4d-6.5890941!16s%2Fg%2F11thnhlq2g!19sChIJvX7AmglZpw0RHA0V-WqQoww?authuser=0&hl=en&rclk=1,Grow Center Kenitra,Language school,Kenitra,+212 7 78 45 63 32,0,0,,,,,,,,,,
https://www.google.com/maps/place/Ntf+Consulting+Centre+Du+Langues/data=!4m7!3m6!1s0xda75931b278054f:0x4dc842e47cf3d4ac!8m2!3d34.259373!4d-6.5847362!16s%2Fg%2F11vjkyxjxq!19sChIJTwV4sjFZpw0RrNTzfORCyE0?authuser=0&hl=en&rclk=1,Ntf Consulting Centre Du Langues,Foreign languages program school,Kenitra,+212 6 64 94 53 65,0,0,https://sites.google.com/view/ntfconsulting/,,,,,youtube.com/@ntfcentre549?si=oHhH8ttwXjeqGIEk,,,,
https://www.google.com/maps/place/Le+chemain+D%27apprentissage/data=!4m7!3m6!1s0xda759001ea7662d:0x61841f62bb37c648!8m2!3d34.255472!4d-6.6083081!16s%2Fg%2F11y3jkk036!19sChIJLWanHgBZpw0RSMY3u2IfhGE?authuser=0&hl=en&rclk=1,Le chemain D'apprentissage,French language school,Kenitra,+212 7 07 42 17 02,2,5,,,,,,,,,,
https://www.google.com/maps/place/Centre+Ankaa+Formation+Kenitra/data=!4m7!3m6!1s0xda757a8cf13dfab:0x5841a87068eb81b8!8m2!3d34.2599089!4d-6.5544051!16s%2Fg%2F11x1sk2g5w!19sChIJq98Tz6hXpw0RuIHraHCoQVg?authuser=0&hl=en&rclk=1,Centre Ankaa Formation Kenitra,Language school,Kenitra,+212 6 61 79 82 07,0,0,,,,,,,,,,
https://www.google.com/maps/place/MADE+Sprachzentrum/data=!4m7!3m6!1s0xda759d4d8b3f655:0x4509f71a5a69b0d3!8m2!3d34.2588627!4d-6.5854894!16s%2Fg%2F11y0mq0bwv!19sChIJVfaz2NRZpw0R07BpWhr3CUU?authuser=0&hl=en&rclk=1,MADE Sprachzentrum,Language school,Kenitra,+212 6 23 42 34 22,19,4.8,,,,,,,,,,
https://www.google.com/maps/place/EBA+Akademie+%F0%9F%87%A9%F0%9F%87%AA/data=!4m7!3m6!1s0xda759679320e27d:0x9a022286dab4cd9f!8m2!3d34.2575212!4d-6.5835108!16s%2Fg%2F11yk4tbb70!19sChIJfeIgk2dZpw0Rn8202oYiApo?authuser=0&hl=en&rclk=1,EBA Akademie 🇩🇪,German language school,Kenitra,+212 6 66 48 30 22,16,5,https://www.ebaakademie.com/,,,,,,,,, 
https://www.google.com/maps/place/Private+American+Cultural+Club+Kenitra/data=!4m7!3m6!1s0xda75912f0efd795:0xc4ab9fa20f75066!8m2!3d34.2663418!4d-6.6435025!16s%2Fg%2F11ghy2k2y0!19sChIJldfv8BJZpw0RZlD3IPq5Sgw?authuser=0&hl=en&rclk=1,Private American Cultural Club Kenitra,Foreign languages program school,Mehdya,+212 6 61 56 19 30,0,0,https://americanculturalclub.com/,facebook.com/pages/category/School/Private-American-Cultural-Club-2520922954798845,instagram.com/private_american_cultural_club,,,youtube.com/channel/UC-5HevX1l9-nHwR_26K5k6Q,,,contact@americanculturalclub.com, 
https://www.google.com/maps/place/Maamoura+Language+Centre+Prive/data=!4m7!3m6!1s0xda757a4da4b5591:0xc8c5c2d7d00ca6f1!8m2!3d34.2434032!4d-6.5506764!16s%2Fg%2F11k551vwc9!19sChIJkVVL2qRXpw0R8aYM0NfCxcg?authuser=0&hl=en&rclk=1,Maamoura Language Centre Prive,Language school,Kenitra,+212 6 66 68 77 63,0,0,,,,,,,,,,
https://www.google.com/maps/place/Ecole+Floraison2/data=!4m7!3m6!1s0xda7519dbc474137:0x9be55deb5168a994!8m2!3d34.2396758!4d-6.5456421!16s%2Fg%2F11mmbmf_l7!19sChIJN0FHvJ1Rpw0RlKloUetd5Zs?authuser=0&hl=en&rclk=1,Ecole Floraison2,French language school,Kenitra,+212 6 72 94 23 64,1,3,,,,,,,,,,
https://www.google.com/maps/place/Idiomas+Academy/data=!4m7!3m6!1s0x8ed4d195366b8253:0xa55b520ef2b0a9ae!8m2!3d34.0898446!4d-6.2179632!16s%2Fg%2F11xzbwjfc4!19sChIJU4JrNpXR1I4Rrqmw8g5SW6U?authuser=0&hl=en&rclk=1,Idiomas Academy,Foreign languages program school,Sidi Abderrazak,+212 7 52 53 71 47,0,0,,,,,,,,,,
https://www.google.com/maps/place/John+Dalton+Language+Center+-+K%C3%A9nitra/data=!4m7!3m6!1s0xda7590b6550c84b:0xfef4434ef99ae59b!8m2!3d34.2603894!4d-6.5937975!16s%2Fg%2F11x963q5jv!19sChIJS8hQZQtZpw0Rm-Wa-U5D9P4?authuser=0&hl=en&rclk=1,John Dalton Language Center - Kénitra,Language school,Kenitra,+212 6 50 73 91 74,10,5,,,,,,,,,,
https://www.google.com/maps/place/L%27atelier+Parisien/data=!4m7!3m6!1s0xda75924237d762d:0xc28b7d192993f0fb!8m2!3d34.2547138!4d-6.6196656!16s%2Fg%2F11f6l6fn2m!19sChIJLXZ9IyRZpw0R-_CTKRl9i8I?authuser=0&hl=en&rclk=1,L'atelier Parisien,Language school,Kenitra,+212 6 74 26 89 59,17,4.9,,,,,,,,,,
https://www.google.com/maps/place/Sprachinstitut+Goethe+Kenitra+%28Goethe-Kenitra%29/data=!4m7!3m6!1s0xda759002c158fe3:0x153f6d7b05d5970e!8m2!3d34.2589051!4d-6.5831918!16s%2Fg%2F11w9ldzxzk!19sChIJ448VLABZpw0RDpfVBXttPxU?authuser=0&hl=en&rclk=1,Sprachinstitut Goethe Kenitra (Goethe-Kenitra),German language school,Kenitra,+212 7 23 15 88 62,5,4.2,https://sprachinstitut-goethe.com/,facebook.com/s.institutgoethe,instagram.com/s.institutgoethe,,,youtube.com/@sprachinstitutgoethefes9749,tiktok.com/@s.institutgoethe,,,
https://www.google.com/maps/place/Immerse+yourself+in+English+with+Ilyas/data=!4m7!3m6!1s0xda759aacd7488e9:0x11b1e34177b1c112!8m2!3d34.2536647!4d-6.5813397!16s%2Fg%2F11q97pg_rv!19sChIJ6Yh0zapZpw0REsGxd0HjsRE?authuser=0&hl=en&rclk=1,Immerse yourself in English with Ilyas,Language school,Kenitra,+212 7 01 14 22 29,0,0,,,,,,,,,,
https://www.google.com/maps/place/My+English+Center/data=!4m7!3m6!1s0xda7598a4562b613:0xd0f17adb35c317c5!8m2!3d34.2530865!4d-6.5912349!16s%2Fg%2F11rxmf5bcd!19sChIJE7ZiRYpZpw0RxRfDNdt68dA?authuser=0&hl=en&rclk=1,My English Center,English language school,Kenitra,+212 6 74 91 41 33,34,4.9,,,,,,,,,,
https://www.google.com/maps/place/German+Now+Akademie/data=!4m7!3m6!1s0xda759ba2ba8f959:0xf0bacdb06db26f70!8m2!3d34.2575977!4d-6.5858939!16s%2Fg%2F11nv0w1wfl!19sChIJWfmoK7pZpw0RcG-ybbDNuvA?authuser=0&hl=en&rclk=1,German Now Akademie,German language school,Kenitra,+212 7 73 73 94 99,0,0,https://www.germannow.ma/,facebook.com/share/14iFTU1ytBf/?mibextid=wwXIfr,instagram.com/germannowakademie?igsh=MXR2M2pkN3BjbDFjMA==,x.com/bolt-performance?src=72&evid=,,,,,"beispiel@email.com, info@germannow.ma", 
https://www.google.com/maps/place/Easy+Germany+Academy+%28K%C3%A9nitra%29/data=!4m7!3m6!1s0xda75928f2f79d59:0x1c71b7c9c80fe849!8m2!3d34.2618204!4d-6.5791985!16s%2Fg%2F11stlqzsnh!19sChIJWZ338ihZpw0RSegPyMm3cRw?authuser=0&hl=en&rclk=1,Easy Germany Academy (Kénitra),German language school,Kenitra,+212 6 95 31 20 07,10,4.2,https://easygermany.ma/,facebook.com/EgeraMarokko,instagram.com/easy_germany_acedemy,,,,,wa.me/+212695312007,egera.languag@gmail.com,
https://www.google.com/maps/place/Madariss+Diwan+Al+Farouk+-+%D9%85%D8%AF%D8%A7%D8%B1%D8%B3+%D8%AF%D9%8A%D9%88%D8%A7%D9%86+%D8%A7%D9%84%D9%81%D8%A7%D8%B1%D9%88%D9%82%E2%80%AD/data=!4m7!3m6!1s0xda75b10925e1073:0x46ebb508a4e5938d!8m2!3d34.2402974!4d-6.6171895!16s%2Fg%2F11hhky3g64!19sChIJcxBekhBbpw0RjZPlpAi160Y?authuser=0&hl=en&rclk=1,Madariss Diwan Al Farouk - مدارس ديوان الفاروق,Language school,Kenitra,+212 8 08 59 08 70,2,3,,,,,,,,,,
https://www.google.com/maps/place/Eden+Academy/data=!4m7!3m6!1s0x66bcef6f43085173:0xbc9dad077de307bd!8m2!3d34.2668978!4d-6.6003798!16s%2Fg%2F11v0y92mc3!19sChIJc1EIQ2_vvGYRvQfjfQetnbw?authuser=0&hl=en&rclk=1,Eden Academy,Language school,Kenitra,+212 7 03 13 13 90,5,3.2,,,,,,,,,,
https://www.google.com/maps/place/Phyma+Academy/data=!4m7!3m6!1s0xda7570042a0eee9:0xddaf0ccb03d5ec74!8m2!3d34.2521806!4d-6.5526856!16s%2Fg%2F11wfgx_s0s!19sChIJ6e6gQgBXpw0RdOzVA8sMr90?authuser=0&hl=en&rclk=1,Phyma Academy,Language school,Kenitra,+212 6 17 84 29 03,0,0,,,,,,,,,,
https://www.google.com/maps/place/Learn+English+With+Btissam/data=!4m7!3m6!1s0x40813de4f1a768b7:0xf79883b0526d1d17!8m2!3d33.5141443!4d-7.6107982!16s%2Fg%2F11jzfghdwz!19sChIJt2in8eQ9gUARFx1tUrCDmPc?authuser=0&hl=en&rclk=1,Learn English With Btissam,Language school,Casablanca,+212 6 45 86 93 92,0,0,,,,,,,,,,
https://www.google.com/maps/place/Ocean+Languages+-+%D9%85%D8%AD%D9%8A%D8%B7+%D8%A7%D9%84%D9%84%D8%BA%D8%A7%D8%AA+%7C+Langues+%7C+Soutien+Scolaire+%7C+Pr%C3%A9paration+Aux+Concours%E2%80%AD/data=!4m7!3m6!1s0xda91dcf817ae0b1:0x4831cd58513079d3!8m2!3d33.2437841!4d-8.5229378!16s%2Fg%2F11b6j8bpf4!19sChIJseB6gc8dqQ0R03kwUVjNMUg?authuser=0&hl=en&rclk=1,Ocean Languages - محيط اللغات | Langues | Soutien Scolaire | Préparation Aux Concours,Foreign languages program school,El Jadida,+212 7 07 15 05 16,2,5,https://linktr.ee/ocean_des_langues,facebook.com/Ocean.Des.Langues,instagram.com/centre_almaarif,,,,tiktok.com/@ocean.des.langues,api.whatsapp.com/send?phone=212701034502,sayaline.inbox@gmail.com,
https://www.google.com/maps/place/Centre+De+Langues+L%27espoir/data=!4m7!3m6!1s0xda91dc29c75afd1:0x7d9d6788d73b042!8m2!3d33.2496949!4d-8.5065029!16s%2Fg%2F11gbldtxdf!19sChIJ0a91nMIdqQ0RQrBzjXjW2Qc?authuser=0&hl=en&rclk=1,Centre De Langues L'espoir,Language school,El Jadida,+212 5 23 37 33 76,28,4.1,https://www.espoirlangues.com/,facebook.com/ESPOIRLANGUES,instagram.com/centre_langues_espoir,,linkedin.com/in/centre-de-formation-l-espoir-formation-linguistique-professionnelle-4b48b0192,,,,c.espoirlangues@gmail.com,
https://www.google.com/maps/place/Melk+Cheikh+Centre/data=!4m7!3m6!1s0xda91d139efd3811:0xe371ee162bf87281!8m2!3d33.2362702!4d-8.5253892!16s%2Fg%2F11wps4vwl7!19sChIJETj9nhMdqQ0RgXL4KxbuceM?authuser=0&hl=en&rclk=1,Melk Cheikh Centre,Language school,El Jadida,+212 6 39 73 79 77,5,4.8,,,,,,,,,,
https://www.google.com/maps/place/English+Proficiency+Center/data=!4m7!3m6!1s0xda91f167f52de15:0x767bea89cf8fcb8c!8m2!3d33.2328323!4d-8.5225594!16s%2Fg%2F11y458s5ss!19sChIJFd5SfxYfqQ0RjMuPz4nqe3Y?authuser=0&hl=en&rclk=1,English Proficiency Center,English language school,El Jadida,+212 5 23 39 18 53,208,5,https://www.englishproficiencycenter.com/,facebook.com/people/English-Proficiency-Center/61564529165763,instagram.com/ep.center_1/?igsh=dzl3eTQ0amlwZXVp,,linkedin.com/company/ep-center,youtube.com/iframe_api,,wa.me/212658045126,eplanguagecenter@gmail.com,
https://www.google.com/maps/place/International+Learning+Center+Ilc/data=!4m7!3m6!1s0xda91f9a229358c1:0xf2ff063fb69c9e3b!8m2!3d33.2323553!4d-8.5036288!16s%2Fg%2F11vd8dw04p!19sChIJwViTIpofqQ0RO56ctj8G__I?authuser=0&hl=en&rclk=1,International Learning Center Ilc,Foreign languages program school,El Jadida,+212 6 22 53 77 40,0,0,,,,,,,,,,
https://www.google.com/maps/place/Centre+Horizons+D%27allemand/data=!4m7!3m6!1s0xda91de5e254fc3b:0xf16043d9e05308c6!8m2!3d33.2474645!4d-8.5003025!16s%2Fg%2F11b6llktzn!19sChIJO_xU4uUdqQ0RxghT4NlDYPE?authuser=0&hl=en&rclk=1,Centre Horizons D'allemand,German language school,El Jadida,+212 5 23 35 36 36,6,2.7,,,,,,,,,,
https://www.google.com/maps/place/British+School/data=!4m7!3m6!1s0xda91d17c7966f3b:0x60253b12ec503b30!8m2!3d33.2505356!4d-8.5140196!16s%2Fg%2F11hdw8m2x2!19sChIJO2-WxxcdqQ0RMDtQ7BI7JWA?authuser=0&hl=en&rclk=1,British School,English language school,El Jadida,+212 6 63 41 39 34,0,0,,,,,,,,,,
https://www.google.com/maps/place/Blue+House/data=!4m7!3m6!1s0xda91f44fb01603d:0xc45615b48e15e142!8m2!3d33.2217866!4d-8.5012573!16s%2Fg%2F11v5c76j4w!19sChIJPWAB-0QfqQ0RQuEVjrQVVsQ?authuser=0&hl=en&rclk=1,Blue House,Language school,El Jadida,+212 6 30 11 46 99,48,4.7,https://www.bluehousecentre.com/,facebook.com/BlueHouseEJ/?_rdc=1&_rdr#,instagram.com/bluehousecenter,x.com/bolt-performance?src=72&evid=,,,,wa.me/212630114699?utm_source=chatgpt.com,contact@bluehousecentre.com,
https://www.google.com/maps/place/BRITISH+CENTRE+EL+JADIDA/data=!4m7!3m6!1s0xda91dccabb6d549:0x777ea00b8b100dfa!8m2!3d33.2490163!4d-8.5052539!16s%2Fg%2F11rgc9s86_!19sChIJSdW2q8wdqQ0R-g0Qiwugfnc?authuser=0&hl=en&rclk=1,BRITISH CENTRE EL JADIDA,English language school,El Jadida,+212 5 23 35 07 17,18,4.2,https://britishcentre.ma/,facebook.com/britishcentregroup,instagram.com/britishcentregroup,,linkedin.com/company/british-centre-group-officiel,,,,contact@britishcentre.ma,
https://www.google.com/maps/place/BRITISH+WORKSHOP/data=!4m7!3m6!1s0xda91dfb12030bf3:0x8600bbe83647084c!8m2!3d33.238309!4d-8.4864652!16s%2Fg%2F11x0g8nc7y!19sChIJ8wsDEvsdqQ0RTAhHNui7AIY?authuser=0&hl=en&rclk=1,BRITISH WORKSHOP,English language school,El Jadida,+212 6 63 51 42 46,34,4.9,https://www.britishworkshop.ma/,facebook.com/britishworkshop.ma,instagram.com/britishworkshop/?hl=fr,,linkedin.com/company/british-workshop,youtube.com/watch?v=cP8YFtKaT9g,,,"britishwokrshop.cil@gmail.com, britishworkshop.cil@gmail.com, britishworkshop.rabat@gmail.com, britishworkshopmohammedia@gmail.com, britishworkshoptangier@gmail.com, darb@decochic.ma, darb@gmail.ma, eljadida.britishworkshop@gmail.com", 
https://www.google.com/maps/place/Centre+Galaxie/data=!4m7!3m6!1s0xda91f4dd3c1e579:0x9cbe58fcfc5a846e!8m2!3d33.2373024!4d-8.4920518!16s%2Fg%2F11q8gccbt6!19sChIJeeXB000fqQ0RboRa_PxYvpw?authuser=0&hl=en&rclk=1,Centre Galaxie,Language school,El Jadida,+212 6 74 42 13 16,1,5,,,,,,,,,,
https://www.google.com/maps/place/Centre+Ismailia/data=!4m7!3m6!1s0xda91dc70001813f:0xe8cce68721502c36!8m2!3d33.255792!4d-8.5143839!16s%2Fg%2F11ckb7g1b8!19sChIJP4EBAMcdqQ0RNixQIYfmzOg?authuser=0&hl=en&rclk=1,Centre Ismailia,Language school,El Jadida,+212 6 61 80 61 23,3,4.7,,,,,,,,,,
https://www.google.com/maps/place/British+Language+Academy/data=!4m7!3m6!1s0xda91de97599faab:0xc88ac68e2015676e!8m2!3d33.2535975!4d-8.5031607!16s%2Fg%2F11j089b0ct!19sChIJq_qZdekdqQ0RbmcVII7Gisg?authuser=0&hl=en&rclk=1,British Language Academy,English language school,El Jadida,+212 5 21 00 23 23,1,5,,,,,,,,,,
https://www.google.com/maps/place/Allamo+Institute/data=!4m7!3m6!1s0xda91d572f20c42d:0xf155030171927fa3!8m2!3d33.250997!4d-8.5012223!16s%2Fg%2F11lt9_jnkl!19sChIJLcQgL1cdqQ0Ro3-ScQEDVfE?authuser=0&hl=en&rclk=1,Allamo Institute,Language school,El Jadida,+212 7 83 32 74 53,2,4,https://allamoinstitut.com/,facebook.com/p/Allamo-Institut-100087952611144,instagram.com/allamoinstitut_,,,,,wa.me/+212621309519,"info@allamoinstitut.com, noreply@envato.com", 
https://www.google.com/maps/place/Scolarius+Plus/data=!4m7!3m6!1s0xda91f5ded7e0b3f:0x8794b07ecd3b4f95!8m2!3d33.2241322!4d-8.4981184!16s%2Fg%2F11s7tr_qdq!19sChIJPwt-7V0fqQ0RlU87zX6wlIc?authuser=0&hl=en&rclk=1,Scolarius Plus,Language school,El Jadida,+212 6 61 14 16 45,1,5,,,,,,,,,,
https://www.google.com/maps/place/Dan+English+online/data=!4m7!3m6!1s0xda91f9656fe0249:0xd0265dd9c144741e!8m2!3d33.2376504!4d-8.4907629!16s%2Fg%2F11xgjkxklz!19sChIJSQL-VpYfqQ0RHnREwdldJtA?authuser=0&hl=en&rclk=1,Dan English online,English language school,El Jadida,+212 6 49 05 75 83,0,0,https://www.instagram.com/dan_english_morocco/,,instagram.com/rsrc.php/y4/r/QaBlI0OZiks.ico,,,,,,,
https://www.google.com/maps/place/Robinson%27s+English+School/data=!4m7!3m6!1s0xda91d6e3a5f705f:0x7edea3da6ec06252!8m2!3d33.2471969!4d-8.4994448!16s%2Fg%2F11jzgpl1b6!19sChIJX3BfOm4dqQ0RUmLAbtqj3n4?authuser=0&hl=en&rclk=1,Robinson's English School,Language school,El Jadida,+212 7 17 43 23 14,0,0,,,,,,,,,,
https://www.google.com/maps/place/Language+For+You/data=!4m7!3m6!1s0xda91f237d13fcf3:0xe5b10b992fb69e4a!8m2!3d33.2322211!4d-8.5261004!16s%2Fg%2F11rvsxcy_2!19sChIJ8_wTfSMfqQ0RSp62L5kLseU?authuser=0&hl=en&rclk=1,Language For You,Language school,El Jadida,+212 6 30 20 86 22,0,0,,,,,,,,,,
https://www.google.com/maps/place/Hop+Into+English/data=!4m7!3m6!1s0xda91d3106191f6b:0x2ea9bdc8b1574f41!8m2!3d33.2518475!4d-8.5166494!16s%2Fg%2F11zd80216y!19sChIJax8ZBjEdqQ0RQU9Xsci9qS4?authuser=0&hl=en&rclk=1,Hop Into English,English language school,El Jadida,+212 6 65 21 82 44,0,0,,,,,,,,,,
"https://www.google.com/maps/place/American+Language+Center,+Mohammedia./data=!4m7!3m6!1s0xda7b6f154fbb861:0xea51518c14999cb1!8m2!3d33.6982622!4d-7.3934237!16s%2Fg%2F12vt0rb68!19sChIJYbj7VPG2pw0RsZyZFIxRUeo?authuser=0&hl=en&rclk=1","American Language Center, Mohammedia.",Language school,Mohammedia,+212 5 23 32 68 70,109,4.2,https://www.alcmohammedia.com/,facebook.com/ALC.Mohammedia,instagram.com/cieemorocco,,linkedin.com/in/amyndev,youtube.com/@alcmohammedia,,,"admin@alcmohammedia.com, nihal.bouabida@alcmohammedia.com", 
https://www.google.com/maps/place/Little+London/data=!4m7!3m6!1s0xda7b7f006491fa9:0xc601ca2b5d3310c0!8m2!3d33.7033541!4d-7.395617!16s%2Fg%2F11vwp1w25d!19sChIJqR9JBvC3pw0RwBAzXSvKAcY?authuser=0&hl=en&rclk=1,Little London,English language school,Mohammedia,+212 5 23 27 31 12,46,5,https://littlelondon.ma/,facebook.com/share/17LBYG9FfV/?mibextid=wwXIfr,instagram.com/little_london_english_club?igsh=em03Mmp0Z284NjBu,,,,,,"hello@littlelondon.com, info@littlelondon.com", 
https://www.google.com/maps/place/SpeakUp/data=!4m7!3m6!1s0xda7b7e17cc50adb:0x8ff20f84ca1bbc73!8m2!3d33.6973576!4d-7.3658134!16s%2Fg%2F11yv2jn2l6!19sChIJ2wrFfOG3pw0Rc7wbyoQP8o8?authuser=0&hl=en&rclk=1,SpeakUp,English language school,Mohammedia,+212 6 05 50 75 92,2,3,https://speakup-mohammedia.com/fr,,instagram.com/speakup.mohammedia,,,,,wa.me/212605507592?text=Bonjour%2C%20je%20souhaite%20avoir%20des%20informations%20sur%20les%20cours%20d,"speakup.mohammedia@gmail.com, votre.email@exemple.com", 
https://www.google.com/maps/place/Centre+Allemand+Mohammedia+%E2%80%93+Alfa+Haus+Goethe/data=!4m7!3m6!1s0xda7b7e3f5e6d6b1:0xc3b29be89a70696b!8m2!3d33.6972575!4d-7.3894602!16s%2Fg%2F11z71xzfkc!19sChIJsdbm9eO3pw0Ra2lwmuibssM?authuser=0&hl=en&rclk=1,Centre Allemand Mohammedia – Alfa Haus Goethe,German language school,Mohammedia,+212 7 04 41 77 99,12,5,,,,,,,,,,
https://www.google.com/maps/place/Institut+Allemand+Br%C3%BCckenbauer/data=!4m7!3m6!1s0xda7b1d8d0e6f181:0x5c38356292bbaf1e!8m2!3d33.7108608!4d-7.3457228!16s%2Fg%2F11ywm_gy9m!19sChIJgfHm0Nixpw0RHq-7kmI1OFw?authuser=0&hl=en&rclk=1,Institut Allemand Brückenbauer,German language school,Mohammedia,+212 5 23 27 18 93,0,0,https://xn--brckenbauer-bildungszentrum-j3c.com/,,,,,,,wa.me/212610161554,brueckenbauer.marokko@gmail.com, 
https://www.google.com/maps/place/CILC/data=!4m7!3m6!1s0xda7b7a190d8c50d:0x3496e3ac11292b91!8m2!3d33.6969238!4d-7.3866936!16s%2Fg%2F11j372fkzd!19sChIJDcXYkKG3pw0RkSspEazjljQ?authuser=0&hl=en&rclk=1,CILC,Language school,Mohammedia,+212 6 65 05 01 20,2,3,,,,,,,,,,
https://www.google.com/maps/place/Nihongo+Spirit/data=!4m7!3m6!1s0xda7b762b9021def:0x384f1255d47f3060!8m2!3d33.6804693!4d-7.3842868!16s%2Fg%2F11nnr3l0fx!19sChIJ7x0CuWK3pw0RYDB_1FUSTzg?authuser=0&hl=en&rclk=1,Nihongo Spirit,Japanese language instructor,Mohammedia,+212 6 08 08 67 39,3,5,https://bronzebeardlogs.com/,,,,,,,,,
https://www.google.com/maps/place/Germa+Haus+Media/data=!4m7!3m6!1s0xda7b7199d32113b:0x8a5708c8bca231da!8m2!3d33.6914721!4d-7.3818251!16s%2Fg%2F11gnrgh5jd!19sChIJOxEynRm3pw0R2jGivMgIV4o?authuser=0&hl=en&rclk=1,Germa Haus Media,Language school,Mohammedia,+212 5 23 31 54 88,4,5,,,,,,,,,,
https://www.google.com/maps/place/Language+Center+L%27ouverture/data=!4m7!3m6!1s0xdad9bfee95cce81:0x20640b1ff3a4d513!8m2!3d31.5134994!4d-9.7573058!16s%2Fg%2F11t3czls6b!19sChIJgc5c6f6brQ0RE9Wk8x8LZCA?authuser=0&hl=en&rclk=1,Language Center L'ouverture,Language school,Essaouira,+212 6 58 83 60 00,17,4.6,,,,,,,,,,
https://www.google.com/maps/place/OUAAZIZ+Center+2/data=!4m7!3m6!1s0xdad9b1ad1baff9b:0xd79a5146ef2675fe!8m2!3d31.5157967!4d-9.7610562!16s%2Fg%2F11z7qdnzq8!19sChIJm_-60RqbrQ0R_nUm70ZRmtc?authuser=0&hl=en&rclk=1,OUAAZIZ Center 2,Language school,Essaouira,+212 6 22 25 83 49,0,0,,,,,,,,,,
https://www.google.com/maps/place/Nataalam+Center/data=!4m7!3m6!1s0xdad9bcc79d3c3a1:0xb07400a98717369!8m2!3d31.510768!4d-9.759659!16s%2Fg%2F11srz3bwb7!19sChIJocPTecybrQ0RaXNxmApABws?authuser=0&hl=en&rclk=1,Nataalam Center,Language school,Essaouira,+212 7 77 89 88 58,9,5,,,,,,,,,,
https://www.google.com/maps/place/Centre+La+R%C3%A9ussite/data=!4m7!3m6!1s0xdad9b16e1b86347:0x54ed8aad2c0a1244!8m2!3d31.5028514!4d-9.755987!16s%2Fg%2F11np3wv9wy!19sChIJR2O44RabrQ0RRBIKLK2K7VQ?authuser=0&hl=en&rclk=1,Centre La Réussite,Language school,Essaouira,+212 6 18 01 17 52,0,0,,,,,,,,,,
https://www.google.com/maps/place/Eduquer+Wlad+Chaab/data=!4m7!3m6!1s0xdad9b4b4ecd1cc7:0x7b7fdab991175d4!8m2!3d31.4996676!4d-9.7585067!16s%2Fg%2F11rv7w61jg!19sChIJxxzNTkubrQ0R1HURmav9twc?authuser=0&hl=en&rclk=1,Eduquer Wlad Chaab,English language school,Essaouira,+212 6 82 51 28 16,0,0,,,,,,,,,,
https://www.google.com/maps/place/Centre+De+Langues+New+Oasis/data=!4m7!3m6!1s0xdbb1111ea9f6b17:0x4981df1ac1463980!8m2!3d30.9244188!4d-6.9131128!16s%2Fg%2F11fk8fpwmy!19sChIJF2uf6hERuw0RgDlGwRrfgUk?authuser=0&hl=en&rclk=1,Centre De Langues New Oasis,Language school,Ouarzazate,+212 6 98 62 50 46,0,0,,,,,,,,,,
https://www.google.com/maps/place/%E2%B5%9C%E2%B5%89%E2%B5%8F%E2%B5%8E%E2%B5%8D+%E2%B5%89%E2%B5%8F%E2%B5%93/data=!4m7!3m6!1s0xdbb1b2d612e81db:0x1c199dfdf3571fd4!8m2!3d30.9335145!4d-6.9369509!16s%2Fg%2F11q3_d5510!19sChIJ24EuYS0buw0R1B9X8_2dGRw?authuser=0&hl=en&rclk=1,ⵜⵉⵏⵎⵍ ⵉⵏⵓ,Language school,Ouarzazate,+212 7 01 10 62 51,0,0,https://sites.google.com/view/schooltinml/home,,,,,youtube.com/embed/94MraFPqN7U?embed_config=%7B%22enc%22:%22AXH1eznBnzzad65T_GT5ZtUdJaLgSpXHHqMzCe4SwSBer0hVf3WFGvosu76B86dCZLOVzx4rOL1NXNkqMe-cf_Qdnpej4orO0R_QzpX5NCz6hBpXfGGys5I0x0Yl3JSFGdkOFccMj-DJf5wf2Sl3IlAnYQO2Bpa9QwXii6P1sBLsdAAvW0kYjP10-3E-52bCNmHJW2QEYAArw-rGY_aQPm7gUnd7ra9EUA1_O7xqr0FGC6YUsVl6F42OCIE0f88zJjzE3iYi_KAUex06vWoPxWRplQXEvqS3escfCID8PE0c42USqJzt1s2xBoAlU2haGmeY4ZtMiBLL0NFjtqipai2oRwyVhKUtMhhTMl5ue-8gjRGMpA%3D%3D%22%7D&amp;enablejsapi=1&amp;errorlinks=1&amp;origin=https://sites.google.com&amp;vl=1,,,,
https://www.google.com/maps/place/Nor+Digital+Center/data=!4m7!3m6!1s0xdbb1b63e97c4c53:0xee98e6dcd7268f5c!8m2!3d30.9276314!4d-6.9240232!16s%2Fg%2F11y_zwyhzv!19sChIJU0x86WMbuw0RXI8m19zmmO4?authuser=0&hl=en&rclk=1,Nor Digital Center,Language school,Ouarzazate,+212 6 60 27 05 79,8,4.4,,,,,,,,,,
https://www.google.com/maps/place/KLS+INSTITUTE/data=!4m7!3m6!1s0xdbb11b90c0a1f2f:0x1700295dda88cbdd!8m2!3d30.9270894!4d-6.8964153!16s%2Fg%2F11ytcd4n9k!19sChIJLx8KDLkRuw0R3cuI2l0pABc?authuser=0&hl=en&rclk=1,KLS INSTITUTE,German language school,Ouarzazate,+212 6 97 12 82 84,16,5,https://klsinstitut.de/,"facebook.com/&quot;]}]]],&quot;mobile&quot;:[0,{&quot;top&quot;:[0,0],&quot;left&quot;:[0,0],&quot;width&quot;:[0,0],&quot;height&quot;:[0,0]}],&quot;desktop&quot;:[0,{&quot;top&quot;:[0,0],&quot;left&quot;:[0,0],&quot;width&quot;:[0,0],&quot;height&quot;:[0,0]}],&quot;settings&quot;:[0,{&quot;styles&quot;:[0,{&quot;align&quot;:[0,&quot;&quot;],&quot;justify&quot;:[0,&quot;center&quot;],&quot;icon-size&quot;:[0,&quot;20px&quot;],&quot;icon-color&quot;:[0,&quot;rgb(56","instagram.com/&quot;]}],[0,{&quot;svg&quot;:[0,&quot;&lt;svg",,,,,wa.me/212697128284?text=%D8%A7%D9%84%D8%B3%D9%84%D8%A7%D9%85%20%D8%B9%D9%84%D9%8A%D9%83%D9%85%D8%8C%20%D8%A3%D9%86%D8%A7%20%D9%82%D8%A7%D8%AF%D9%85%D8%A9%20%D9%85%D9%86%20%D8%A7%D9%84%D9%85%D9%88%D9%82%D8%B9%20%D9%88%D8%A3%D8%B1%D9%8A%D8%AF%20%D8%A7%D9%84%D8%A7%D8%B3%D8%AA%D9%81%D8%B3%D8%A7%D8%B1,info@klsinstitut.de,
https://www.google.com/maps/place/Institut+Injahi/data=!4m7!3m6!1s0xdbb116ef6df2883:0xd37a83acb52b2220!8m2!3d30.9226789!4d-6.9186891!16s%2Fg%2F11hwy7t5x5!19sChIJgyjf9m4Ruw0RICIrtayDetM?authuser=0&hl=en&rclk=1,Institut Injahi,Language school,Ouarzazate,+212 6 39 72 83 27,1,1,,,,,,,,,,
https://www.google.com/maps/place/%D9%85%D8%B1%D9%83%D8%B2+%D8%A7%D9%84%D8%A3%D9%86%D8%AF%D9%84%D8%B3+%D9%84%D9%84%D8%B9%D9%84%D9%88%D9%85+%D9%88%D8%A7%D9%84%D8%AA%D9%88%D8%A7%D8%B5%D9%84%E2%80%AD/data=!4m7!3m6!1s0xdbb118ed7297adf:0x7ff7ba3f2f060c75!8m2!3d30.9330541!4d-6.9202886!16s%2Fg%2F11ltmb4j9p!19sChIJ33op144Ruw0RdQwGLz-6938?authuser=0&hl=en&rclk=1,مركز الأندلس للعلوم والتواصل,Foreign languages program school,Ouarzazate,+212 6 33 90 09 36,9,5,https://al-andalus.ma/,facebook.com/share/17rnUkejRk,instagram.com/alandalus.sccp?utm_source=qr&igsh=MXA3bGpvbmJ0b3o1YQ==,,,,,,alandalus.sccp@gmail.com,
https://www.google.com/maps/place/Formatrice+en+anglais+%C3%A0+domicile/data=!4m7!3m6!1s0xdbb1b1737f809ef:0xce636119b575565d!8m2!3d32.601136!4d-7.7927707!16s%2Fg%2F11j3sc19x5!19sChIJ7wn4Nxcbuw0RXVZ1tRlhY84?authuser=0&hl=en&rclk=1,Formatrice en anglais à domicile,English language school,Sidi Abdallah,+212 6 44 42 57 71,0,0,,,,,,,,,,
https://www.google.com/maps/place/Speak+Fast/data=!4m7!3m6!1s0xdac2130ebc35487:0x9e2da33c073ad773!8m2!3d32.2922179!4d-9.239003!16s%2Fg%2F11v6fxqh2s!19sChIJh1TD6zAhrA0Rc9c6BzyjLZ4?authuser=0&hl=en&rclk=1,Speak Fast,Language school,Safi,+212 6 66 71 33 96,4,4.8,,,,,,,,,, 
https://www.google.com/maps/place/Chinese+language+center/data=!4m7!3m6!1s0xda7d2ecfcaa91dd:0x3bceb38ed4247c0f!8m2!3d33.5999609!4d-7.6386768!16s%2Fg%2F11dxns4mhp!19sChIJ3ZGq_OzSpw0RD3wk1I6zzjs?authuser=0&hl=en&rclk=1,Chinese language center,Chinese language school,Casablanca,+212 5 22 22 54 91,1,3,https://www.chineselanguagecenter.ma/,facebook.com/pages/Chinese-language-center/230332697150694,,,,,,,chineselanguagecenter@hotmail.com, 
https://www.google.com/maps/place/Blossom+English+Learning+Academy/data=!4m7!3m6!1s0xda7d3b6c0a23233:0x9b246f18db077ec1!8m2!3d33.5903949!4d-7.6159397!16s%2Fg%2F11xcl_l1xn!19sChIJMzKiwLbTpw0RwX4H2xhvJJs?authuser=0&hl=en&rclk=1,Blossom English Learning Academy,Foreign languages program school,Casablanca,+212 7 04 20 23 26,0,0,,,,,,,,,,
https://www.google.com/maps/place/NATURAL+ENGLISH+CAMP/data=!4m7!3m6!1s0xda881834b189653:0x8c9bc6f512b135fc!8m2!3d33.4711489!4d-7.8243608!16s%2Fg%2F11dftrmbxc!19sChIJU5YYS4OBqA0R_DWxEvXGm4w?authuser=0&hl=en&rclk=1,NATURAL ENGLISH CAMP,English language camp,Soualem Trifiya,+212 6 61 59 20 30,25,4.7,,,,,,,,,,
https://www.google.com/maps/place/Mortimer+English+Club+-+Dar+Bouazza/data=!4m7!3m6!1s0xda8814067abbf89:0x941d3ec94b61e50b!8m2!3d33.532899!4d-7.8252121!16s%2Fg%2F11y6wtj80h!19sChIJib-rZ0CBqA0RC-VhS8k-HZQ?authuser=0&hl=en&rclk=1,Mortimer English Club - Dar Bouazza,English language school,Dar Bouazza,+212 6 20 37 90 01,5,5,https://mortimer-english.ma/,facebook.com/mortimer.maroc,,twitter.com/MortimerNews,linkedin.com/company/mortimer-franchise-gmbh?trk=hb_tab_compy_id_2895703,youtube.com/playlist?list=PLAD3771B0EFF2F99A,,,contact@mortimer-english.ma,
https://www.google.com/maps/place/Coka/data=!4m7!3m6!1s0xda881871f191977:0xc6e57e6e93f9d1f3!8m2!3d33.5240588!4d-7.82585!16s%2Fg%2F11z1srz3_9!19sChIJdxkZH4eBqA0R89H5k25-5cY?authuser=0&hl=en&rclk=1,Coka,English language school,Dar Bouazza,+212 7 82 83 86 07,1,5,,,,,,,,,,
https://www.google.com/maps/place/Learnfrechbyharoun/data=!4m7!3m6!1s0xda7d3471ff16cad:0xd8fdd1431c1196ec!8m2!3d33.5937483!4d-7.63205!16s%2Fg%2F11k3qhf4_r!19sChIJrWzxH0fTpw0R7JYRHEPR_dg?authuser=0&hl=en&rclk=1,Learnfrechbyharoun,French language school,Casablanca,+212 6 00 36 15 69,0,0,,,,,,,,,,
https://www.google.com/maps/place/Establishment+Les+Papillons/data=!4m7!3m6!1s0xda62b069c7474cd:0xeb4cf9e0f53b1d02!8m2!3d33.5511082!4d-7.701631!16s%2Fg%2F11k40v16b0!19sChIJzXR0nAYrpg0RAh079eD5TOs?authuser=0&hl=en&rclk=1,Establishment Les Papillons,Language school,Casablanca,+212 6 21 89 29 79,2,3,,,,,,,,,,
https://www.google.com/maps/place/La+Rose+Italienne/data=!4m7!3m6!1s0xda62d1fa9dd2ce9:0xad6816a5a530f6e4!8m2!3d33.5702197!4d-7.6099159!16s%2Fg%2F11s0zfr5pc!19sChIJ6SzdqR8tpg0R5PYwpaUWaK0?authuser=0&hl=en&rclk=1,La Rose Italienne,Language school,Casablanca,+212 7 62 22 13 25,7,4.6,,,,,,,,,,
https://www.google.com/maps/place/VirtuLingua+Academy+%7C+English+Language+Platform/data=!4m7!3m6!1s0xda7cb07e64a0f51:0xfe1b9ddaf4a2c6c5!8m2!3d31.8008346!4d-7.1513478!16s%2Fg%2F11rn140h8s!19sChIJUQ9K5gfLpw0Rxcai9NqdG_4?authuser=0&hl=en&rclk=1,VirtuLingua Academy | English Language Platform,Language school,Assahrij,+212 6 37 71 07 14,12,5,,,,,,,,,,
https://www.google.com/maps/place/Maraih+Langue+Center/data=!4m7!3m6!1s0xa66a1e753b5b2259:0xef03b21f6754bc77!8m2!3d31.8008346!4d-7.1513478!16s%2Fg%2F11lmh22vxh!19sChIJWSJbO3UeaqYRd7xUZx-yA-8?authuser=0&hl=en&rclk=1,Maraih Langue Center,Language school,Assahrij,+212 7 23 27 00 35,1,5,,,,,,,,,,
https://www.google.com/maps/place/Asia+Gate/data=!4m7!3m6!1s0xda7d330c02ea0e7:0xdd47646bf03252d0!8m2!3d33.5934492!4d-7.6002504!16s%2Fg%2F11h54n42yq!19sChIJ56AuwDDTpw0R0FIy8GtkR90?authuser=0&hl=en&rclk=1,Asia Gate,Language school,Casablanca,+212 6 36 13 74 25,2,3,,,,,,,,,,
https://www.google.com/maps/place/Fluent+Zone/data=!4m7!3m6!1s0x23e9e1e77eeec8e5:0x4dfe170961a51be4!8m2!3d31.8008346!4d-7.1513478!16s%2Fg%2F11ysjllb5d!19sChIJ5cjufufh6SMR5BulYQkX_k0?authuser=0&hl=en&rclk=1,Fluent Zone,Language school,Assahrij,+212 7 05 10 31 82,0,0,,,,,,,,,,
https://www.google.com/maps/place/Prince+Tagoe/data=!4m7!3m6!1s0xdafef40119386b9:0x3aef038fce543c9c!8m2!3d33.6893615!4d-6.923318!16s%2Fg%2F11mv_4w7w3!19sChIJuYaTEUDvrw0RnDxUzo8D7zo?authuser=0&hl=en&rclk=1,Prince Tagoe,English language school,Sidi Yahya Zaer,+212 6 07 47 53 10,0,0,,,,,,,,,,
https://www.google.com/maps/place/Institut+des+Langues+et+de+la+Communication+-+ILC/data=!4m7!3m6!1s0xdafedd22d957895:0x2e0ee85f37bc1b51!8m2!3d31.6598216!4d-7.9980319!16s%2Fg%2F11gbp07_55!19sChIJlXiVLdLtrw0RURu8N1_oDi4?authuser=0&hl=en&rclk=1,Institut des Langues et de la Communication - ILC,Language school,Marrakesh,+212 5 24 29 19 59,3,4.7,,,,,,,,,,
https://www.google.com/maps/place/In+Awakening+Private/data=!4m7!3m6!1s0x2be84f695e8e07ed:0xf844024cccf19aa1!8m2!3d35.7632742!4d-5.8344698!16s%2Fg%2F11vb3bsj32!19sChIJ7QeOXmlP6CsRoZrxzEwCRPg?authuser=0&hl=en&rclk=1,In Awakening Private,Foreign languages program school,Tangier,+212 6 22 35 72 04,0,0,,,,,,,,,,
https://www.google.com/maps/place/Millennium+Nostrum/data=!4m7!3m6!1s0x6f92c47f60cb12e5:0xe20fc1b065588216!8m2!3d31.8008346!4d-7.1513478!16s%2Fg%2F11tj9vpr14!19sChIJ5RLLYH_Ekm8RFoJYZbDBD-I?authuser=0&hl=en&rclk=1,Millennium Nostrum,Language school,Assahrij,+212 6 57 17 08 36,0,0,,,,,,,,,,
https://www.google.com/maps/place/Cultural+Center+Louis+Gabriel+Sala+Al+Jadida/data=!4m7!3m6!1s0xda74189853411b7:0x50d272b8982a02ce!8m2!3d33.9959544!4d-6.7302364!16s%2Fg%2F11j1cw_k52!19sChIJtxE0hYlBpw0RzgIqmLhy0lA?authuser=0&hl=en&rclk=1,Cultural Center Louis Gabriel Sala Al Jadida,Language school,Salé,+212 6 71 24 82 84,34,4.8,,,,,,,,,,
https://www.google.com/maps/place/Kb+Onine+School/data=!4m7!3m6!1s0xda7b18aabc60373:0x90535ca256e54df6!8m2!3d33.7502123!4d-7.3031696!16s%2Fg%2F11tnblx_0t!19sChIJcwPGq4qxpw0R9k3lVqJcU5A?authuser=0&hl=en&rclk=1,Kb Onine School,Language school,El Mansouria,+212 6 38 99 36 58,0,0,,,,,,,,,,
https://www.google.com/maps/place/%D9%85%D8%B1%D9%83%D8%B2+%D8%A3%D9%85%D9%86%D8%A7%D8%B1+%D8%A5%D9%85%D9%86%D8%AA%D8%A7%D9%86%D9%88%D8%AA+%D9%84%D9%84%D8%BA%D8%A7%D8%AA+%D9%88%D8%A7%D9%84%D8%AF%D8%B9%D9%85centre+Amanar+Imintanoute%E2%80%AD/data=!4m7!3m6!1s0xdb1e77185fe10cd:0xa803a38f991b2b22!8m2!3d31.1725245!4d-8.855932!16s%2Fg%2F11h7ryvb4j!19sChIJzRD-hXHnsQ0RIisbmY-jA6g?authuser=0&hl=en&rclk=1,مركز أمنار إمنتانوت للغات والدعمcentre Amanar Imintanoute,Language school,Imintanoute,+212 6 06 48 24 95,3,5,,,,,,,,,,
https://www.google.com/maps/place/abRead+Center+Biougra/data=!4m7!3m6!1s0xdb3c376a84d1953:0xdafc7795b00b6a0a!8m2!3d30.2120609!4d-9.3705412!16s%2Fg%2F11xt9_19fw!19sChIJUxlNqHbDsw0RCmoLsJV3_No?authuser=0&hl=en&rclk=1,abRead Center Biougra,Language school,Biougra,+212 7 08 99 90 09,0,0,,,,,,,,,,
https://www.google.com/maps/place/ENGLIZO+ACADEMY/data=!4m7!3m6!1s0xaf13ff694a08ab13:0x3162933c1da59c16!8m2!3d31.8008346!4d-7.1513478!16s%2Fg%2F11pz4l49kx!19sChIJE6sISmn_E68RFpylHTyTYjE?authuser=0&hl=en&rclk=1,ENGLIZO ACADEMY,English language school,Assahrij,+212 6 17 31 16 35,2,3,,,,,,,,,,
https://www.google.com/maps/place/Bravo+C%27+Classe/data=!4m7!3m6!1s0xda6329401965b4d:0xd8f930430f6c0628!8m2!3d33.5358981!4d-7.5949303!16s%2Fg%2F11b5rbgg4v!19sChIJTVuWAZQypg0RKAZsD0Mw-dg?authuser=0&hl=en&rclk=1,Bravo C' Classe,Language school,Casablanca,+212 6 26 96 40 83,1,1,,,,,,,,,,
https://www.google.com/maps/place/English+Space/data=!4m7!3m6!1s0x4fecb4a6663875e9:0x6b790bfa1fb0ebf8!8m2!3d33.5141443!4d-7.6107982!16s%2Fg%2F11tt35nbgf!19sChIJ6XU4Zqa07E8R-OuwH_oLeWs?authuser=0&hl=en&rclk=1,English Space,Language school,Casablanca,+212 6 03 99 10 10,0,0,,,,,,,,,,
https://www.google.com/maps/place/Felex/data=!4m7!3m6!1s0xda62dd6a725ce7d:0xdad8e5d457b62963!8m2!3d33.5155496!4d-7.6582828!16s%2Fg%2F11k445h6rs!19sChIJfc4lp9Ytpg0RYym2V9Tl2No?authuser=0&hl=en&rclk=1,Felex,Language school,Casablanca,+212 6 65 18 51 82,0,0,,,,,,,,,,
https://www.google.com/maps/place/Canadian+Learning+Center/data=!4m7!3m6!1s0xda7b1677a0b5b93:0xc1d12058a88a04bf!8m2!3d33.7370836!4d-7.3136769!16s%2Fg%2F11w942ss27!19sChIJk1sLemexpw0RvwSKqFgg0cE?authuser=0&hl=en&rclk=1,Canadian Learning Center,Language school,El Mansouria,+212 6 25 40 84 56,11,5,,,,,,,,,,
https://www.google.com/maps/place/Center+la+Perle+Errahma/data=!4m7!3m6!1s0xda62b2ee297cd8f:0xc2ca635b01390e8e!8m2!3d31.8008346!4d-7.1513478!16s%2Fg%2F11vddfggjw!19sChIJj82X4i4rpg0Rjg45AVtjysI?authuser=0&hl=en&rclk=1,Center la Perle Errahma,Foreign languages program school,Assahrij,+212 6 31 30 86 86,1,5,,,,,,,,,,
https://www.google.com/maps/place/Ibtissam1999/data=!4m7!3m6!1s0x4a7c381f200eb499:0x26de119efd8ac1a0!8m2!3d31.8008346!4d-7.1513478!16s%2Fg%2F11xpbkn6zv!19sChIJmbQOIB84fEoRoMGK_Z4R3iY?authuser=0&hl=en&rclk=1,Ibtissam1999,English language school,Assahrij,+212 7 01 21 98 10,0,0,,,,,,,,,,
https://www.google.com/maps/place/Centre+EXTRA+Langues/data=!4m7!3m6!1s0xda7cdcdb6ef772b:0xc31e32a196153006!8m2!3d33.5897154!4d-7.5761633!16s%2Fg%2F11h4ycws3g!19sChIJK3fvts3Npw0RBjAVlqEyHsM?authuser=0&hl=en&rclk=1,Centre EXTRA Langues,Foreign languages program school,Casablanca,+212 5 22 61 28 06,0,0,,,,,,,,,,
https://www.google.com/maps/place/Talisia/data=!4m7!3m6!1s0xda62f9b47ef856f:0x124f19d1d9868109!8m2!3d33.4654699!4d-7.6452603!16s%2Fg%2F11y_g0j7hk!19sChIJb4XvR5svpg0RCYGG2dEZTxI?authuser=0&hl=en&rclk=1,Talisia,Foreign languages program school,Bouskoura,+212 7 84 29 98 08,0,0,https://www.talisia.ma/,,,,,,,,,
https://www.google.com/maps/place/Speak+English+Fast/data=!4m7!3m6!1s0x406a045df723ca29:0x515bce0e405da4c1!8m2!3d33.605268!4d-7.544133!16s%2Fg%2F11vwvq6g19!19sChIJKcoj910EakARwaRdQA7OW1E?authuser=0&hl=en&rclk=1,Speak English Fast,English language school,Casablanca,+212 6 94 67 06 95,0,0,,,,,,,,,,
https://www.google.com/maps/place/Hibat+Cours+%2F+Soutien+Scolaire/data=!4m7!3m6!1s0xab50d11b5febf339:0x4611d39bccc8ed4c!8m2!3d31.8008346!4d-7.1513478!16s%2Fg%2F11sf9ybsg5!19sChIJOfPrXxvRUKsRTO3IzJvTEUY?authuser=0&hl=en&rclk=1,Hibat Cours / Soutien Scolaire,Language school,Assahrij,+212 6 60 60 69 73,0,0,,,,,,,,,,
https://www.google.com/maps/place/The+British+Land/data=!4m7!3m6!1s0xda70f949c39d0a1:0x58b813a56dd35d02!8m2!3d33.8178565!4d-6.9256977!16s%2Fg%2F11p5x7j0p8!19sChIJodA5nJQPpw0RAl3TbaUTuFg?authuser=0&hl=en&rclk=1,The British Land,Language school,Tamesna,+212 7 62 89 07 83,1,3,,,,,,,,,,
https://www.google.com/maps/place/Centre+Iqraa+%D9%85%D8%B1%D9%83%D8%B2+%D8%A5%D9%82%D8%B1%D8%A5%E2%80%AD/data=!4m7!3m6!1s0xda031182ce4916f:0xbd2822b99b4626ae!8m2!3d33.8164955!4d-5.2724189!16s%2Fg%2F11krs5djpn!19sChIJb5HkLBgxoA0RriZGm7kiKL0?authuser=0&hl=en&rclk=1,Centre Iqraa مركز إقرإ,Language school,Ait Boubidmane,+212 6 94 42 12 77,0,0,,,,,,,,,,
https://www.google.com/maps/place/Khaoula%27s+English+School/data=!4m7!3m6!1s0xda4df232a18b5ed:0x403c2b49a7744415!8m2!3d31.791702!4d-7.09262!16s%2Fg%2F11t990jmr1!19sChIJ7bUYKiPfpA0RFUR0p0krPEA?authuser=0&hl=en&rclk=1,Khaoula's English School,English language school,Oulad Khallouf,+212 6 51 72 54 26,0,0,,,,,,,,,,
https://www.google.com/maps/place/Ielc+Ait+Ourir/data=!4m7!3m6!1s0xda551a321d5a013:0x877c8677731177f5!8m2!3d31.56423!4d-7.6702864!16s%2Fg%2F11pq3c4k22!19sChIJE6DVIaNRpQ0R9XcRc3eGfIc?authuser=0&hl=en&rclk=1,Ielc Ait Ourir,Language school,Ait Ourir,+212 8 08 58 60 91,8,5,https://www.ielc-aitourir.com/cgi-sys/suspendedpage.cgi,,,,,,,,,
https://www.google.com/maps/place/Center+Excellence+Language+And+Support/data=!4m7!3m6!1s0xda3c741a6535e8b:0x21830f7b90c48ed3!8m2!3d32.6480115!4d-5.9171442!16s%2Fg%2F11ghfbqdnw!19sChIJi15TpkHHow0R047EkHsPgyE?authuser=0&hl=en&rclk=1,Center Excellence Language And Support,Language school,Zaouiat Cheikh,+212 6 08 81 26 83,1,5,,,,,,,,,,
https://www.google.com/maps/place/Oxford+Groupe/data=!4m7!3m6!1s0xda4034a9f0fa5bd:0xb877ed3ad28ee4a6!8m2!3d32.8598809!4d-6.5737047!16s%2Fg%2F11q3dyky1k!19sChIJvaUPn0oDpA0RpuSO0jrtd7g?authuser=0&hl=en&rclk=1,Oxford Groupe,Foreign languages program school,Oued Zem,+212 5 23 52 41 07,2,5,,,,,,,,,,
https://www.google.com/maps/place/Ait+Ourir+Bridge+Center/data=!4m7!3m6!1s0xda5508dcd01568f:0x7699b010f108786e!8m2!3d31.5629528!4d-7.6630575!16s%2Fg%2F11hd51qt2_!19sChIJj1YBzY1QpQ0RbngI8RCwmXY?authuser=0&hl=en&rclk=1,Ait Ourir Bridge Center,Language school,Ait Ourir,+212 5 24 48 12 61,11,4.1,,,,,,,,,,
https://www.google.com/maps/place/Polyglot+Language+Center/data=!4m7!3m6!1s0xd9fb584d60ca8b3:0xf9e3fcbfe673d66a!8m2!3d34.0501382!4d-4.4215963!16s%2Fg%2F11gjz3cy0_!19sChIJs6gM1oS1nw0RatZz5r_84_k?authuser=0&hl=en&rclk=1,Polyglot Language Center,Language school,Tahla,+212 5 35 67 82 66,2,5,,,,,,,,,,
"https://www.google.com/maps/place/%D9%85%D8%B1%D9%83%D8%B2+%D8%B3%D9%8A%D9%83%D9%85%D8%A7+%D8%B3%D9%83%D9%88%D9%84+%D8%B7%D8%A7%D8%B7%D8%A7+%D9%84%D8%AF%D8%B1%D9%88%D8%B3+%D8%A7%D9%84%D8%AF%D8%B9%D9%85+%D9%88%D8%A7%D9%84%D9%84%D8%BA%D8%A7%D8%AA%E2%80%AD/@0,0,15z/data=!4m6!3m5!1s0xdb74f9aef1e3c8f:0x7ad979db4c8542bc!8m2!3d29.744187!4d-7.9668773!16s%2Fg%2F11hdsrk9wn?hl=en&entry=ttu&g_ep=EgoyMDI2MDgxMC4wIKXMDSoASAFQAw%3D%3D",مركز سيكما سكول طاطا لدروس الدعم واللغات,Language school,Tata,+212 6 89 17 27 15,3,5,,,,,,,,,,
https://www.google.com/maps/place/French+With+Bachir/data=!4m7!3m6!1s0x482b4a712a499635:0xb6ee6d73f5e4d552!8m2!3d28.9672!4d21.1300608!16s%2Fg%2F11ykgsxhn8!19sChIJNZZJKnFKK0gRUtXk9XNt7rY?authuser=0&hl=en&rclk=1,French With Bachir,Language school,,+212 6 02 64 41 54,0,0,,,,,,,,,,
https://www.google.com/maps/place/Dar+Loughat/data=!4m7!3m6!1s0xd0b4267152d229d:0x758582975db64feb!8m2!3d35.5705292!4d-5.3743377!16s%2Fg%2F1tzzws4d!19sChIJnSItFWdCCw0R60-2XZeChXU?authuser=0&hl=en&rclk=1,Dar Loughat,Cultural centre,Tétouan تطوان,+212 6 66 68 77 88,64,4.8,,,,,,,,,,
https://www.google.com/maps/place/ELCY+LANGUAGE+CENTER/data=!4m7!3m6!1s0x8c962cc9a695d8b7:0xbbd15ec3ce4764fc!8m2!3d32.2457998!4d-8.5256357!16s%2Fg%2F11vwflf3vk!19sChIJt9iVpskslowR_GRHzsNe0bs?authuser=0&hl=en&rclk=1,ELCY LANGUAGE CENTER,Education Centre,Youssoufia,+212 6 90 20 03 21,0,0,,,,,,,,,,
https://www.google.com/maps/place/Center+Coin+Des+Langues/data=!4m7!3m6!1s0xdaefd773374bc6d:0xacdd788ad8f4ef97!8m2!3d32.247186!4d-8.5326758!16s%2Fg%2F11l2cb4cz3!19sChIJbbx0M3f9rg0Rl-_02Ip43aw?authuser=0&hl=en&rclk=1,Center Coin Des Langues,Education Centre,Youssoufia,+212 6 52 04 35 07,1,5,https://www.instagram.com/coindeslangues?igsh=MWMzN2s4bDBsdzM5NQ==,,instagram.com/rsrc.php/y4/r/QaBlI0OZiks.ico,,,,,,,
https://www.google.com/maps/place/German+Training+Center/data=!4m7!3m6!1s0xda7d3cc99bfa353:0x9a6d3ed67a5f449b!8m2!3d33.5880432!4d-7.6081686!16s%2Fg%2F11rcdhhswl!19sChIJU6O_mczTpw0Rm0RfetY-bZo?authuser=0&hl=en&rclk=1,German Training Center,Educational institution,Casablanca,+212 6 14 03 99 11,645,4.9,https://gtc.ma/,facebook.com/groups/516381165537543,instagram.com/german_training_center,,linkedin.com/company/germantrainingcenter,youtube.com/germantrainingcenter,tiktok.com/@said.hougga,api.whatsapp.com/send?phone=212614039911,"info@german-training-center.com, info@gtc.ma", 
https://www.google.com/maps/place/Cultural+Center+German+Goethe-Institut/data=!4m7!3m6!1s0xda76c78db9d242d:0x2f1a04679424c0ad!8m2!3d34.0143601!4d-6.8372938!16s%2Fg%2F1hd_2n4f0!19sChIJLSSd23hspw0RrcAklGcEGi8?authuser=0&hl=en&rclk=1,Cultural Center German Goethe-Institut,Educational institution,Rabat,+212 5 37 70 65 44,101,3.8,,,,,,,,,,
https://www.google.com/maps/place/l%27Academie+Allemande/data=!4m7!3m6!1s0xda7cdebc6f3c229:0x6af77390198e0f51!8m2!3d33.5942919!4d-7.6063044!16s%2Fg%2F11qr4dnp6g!19sChIJKcLzxuvNpw0RUQ-OGZBz92o?authuser=0&hl=en&rclk=1,l'Academie Allemande,Educational institution,Casablanca,+212 8 08 53 18 22,110,3.9,https://academieallemande.ma/,facebook.com/AcademieAllemandeCASA\,instagram.com/academie.allemande\,,,,,,,
https://www.google.com/maps/place/German+academy+casablanca/data=!4m7!3m6!1s0xda7d3c72bd5bc97:0x5eea817d95827300!8m2!3d33.5859773!4d-7.6332274!16s%2Fg%2F11f61gy3y3!19sChIJl7zVK8fTpw0RAHOClX2B6l4?authuser=0&hl=en&rclk=1,German academy casablanca,Private university,Casablanca,+212 6 61 51 08 00,20,2.7,,,,,,,,,,
https://www.google.com/maps/place/Centre+%C3%96sd+Marokko/data=!4m7!3m6!1s0xd9f8b625905771f:0xd36b36d2b6a88e37!8m2!3d34.0227557!4d-4.9980487!16s%2Fg%2F11gr311_sj!19sChIJH3cFWWKLnw0RN46ottI2a9M?authuser=0&hl=en&rclk=1,Centre Ösd Marokko,School Centre,Fez,+212 5 35 60 44 54,45,3.3,,,,,,,,,,
https://www.google.com/maps/place/Center+Language+Casablanca/data=!4m7!3m6!1s0xda7cde3d2d86d7d:0xbbd190525de1b124!8m2!3d33.593906!4d-7.6080751!16s%2Fg%2F11ksp7zjvm!19sChIJfW3Y0uPNpw0RJLHhXVKQ0bs?authuser=0&hl=en&rclk=1,Center Language Casablanca,Training centre,Casablanca,+212 6 69 73 04 79,26,4.7,,,,,,,,,,
https://www.google.com/maps/place/The+English+Corner/data=!4m7!3m6!1s0xdaefd30f1783ecd:0x78b133931af56e15!8m2!3d32.2472163!4d-8.5327972!16s%2Fg%2F11h7tg7zxy!19sChIJzT548TD9rg0RFW71GpMzsXg?authuser=0&hl=en&rclk=1,The English Corner,Educational institution,Youssoufia,+212 6 19 13 36 92,4,5,,,,,,,,,,
https://www.google.com/maps/place/Language+Center+Educational+And+Tutoring/data=!4m7!3m6!1s0xda7b796838388b7:0x332786ee8f6e827f!8m2!3d33.701473!4d-7.3911121!16s%2Fg%2F11s9h_dbn9!19sChIJt4iDg5a3pw0Rf4Juj-6GJzM?authuser=0&hl=en&rclk=1,Language Center Educational And Tutoring,School Centre,Mohammedia,+212 6 29 41 79 01,14,4.9,,,,,,,,,,
https://www.google.com/maps/place/F4T+SARL/data=!4m7!3m6!1s0xda49bbc4caeed9d:0xca9c002033a6dc15!8m2!3d31.958637!4d-6.5740855!16s%2Fg%2F11svt5r5pm!19sChIJne2uTLybpA0RFdymMyAAnMo?authuser=0&hl=en&rclk=1,F4T SARL,Institute of technology,Azilal,+212 6 60 14 24 83,2,5,https://www.f4tsarl.com/,facebook.com/soratemplates,instagram.com/livebloggerofficial,twitter.com/LiveBlogger1,,youtube.com/liveblogger,,wa.me/212660142483?text=Hello%20—%20I%27d%20like%20to%20know%20more,templatemania@yahoo.com,
https://www.google.com/maps/place/Center+Language+German/data=!4m7!3m6!1s0x67e102eab9a396c1:0xd95fcbc5f54b455a!8m2!3d31.5105364!4d-9.75962!16s%2Fg%2F11tc6rm9fc!19sChIJwZajueoC4WcRWkVL9cXLX9k?authuser=0&hl=en&rclk=1,Center Language German,Educational institution,Essaouira,+212 5 24 47 32 88,31,5,https://zds-essaouira.com/,facebook.com/zds.essaouira,instagram.com/zds.essaouira,,,,,api.whatsapp.com/send/?phone=212639072080,"ahmed@gmail.com, zds.essaouira@gmail.com", 
https://www.google.com/maps/place/Alpha+Learning+ACADEMY+%7C+Oulfa+%7C+English+%7C+Allemand+%7C+Fran%C3%A7ais/data=!4m7!3m6!1s0xda62d2a2d5d4ef7:0x192140d3100de411!8m2!3d33.5388293!4d-7.6808817!16s%2Fg%2F11hdxxw52w!19sChIJ905dLSotpg0REeQNENNAIRk?authuser=0&hl=en&rclk=1,Alpha Learning ACADEMY | Oulfa | English | Allemand | Français,Apprenticeship center,Casablanca,+212 6 61 41 77 01,10,4.5,,,,,,,,,,
https://www.google.com/maps/place/American+Language+Institute-ALIA/data=!4m7!3m6!1s0xdb3c3c44db61ce1:0xf3ce50f3f91f0c28!8m2!3d30.2220168!4d-9.3784467!16s%2Fg%2F11xzx51ybt!19sChIJ4Ry2TcTDsw0RKAwf-fNQzvM?authuser=0&hl=en&rclk=1,American Language Institute-ALIA,Educational institution,Biougra,+212 7 06 17 10 51,14,5,,,,,,,,,,
https://www.google.com/maps/place/AEL+Germany+Shule+-+Agadir/data=!4m7!3m6!1s0xdb3b70020460ed5:0xe848f7c36d870f40!8m2!3d30.4119793!4d-9.5634797!16s%2Fg%2F11w97s9d1_!19sChIJ1Q5GIAC3sw0RQA-HbcP3SOg?authuser=0&hl=en&rclk=1,AEL Germany Shule - Agadir,Education Centre,Agadir,+212 6 43 90 72 69,3,5,,,,,,,,,,
https://www.google.com/maps/place/AEL+Germany+Shule+-+Ait+Meloul/data=!4m7!3m6!1s0xdb3c7006d6025c7:0xeda567ff5ac11e9a!8m2!3d30.3346374!4d-9.5038016!16s%2Fg%2F11w97sf4_0!19sChIJxyVgbQDHsw0Rmh7BWv9npe0?authuser=0&hl=en&rclk=1,AEL Germany Shule - Ait Meloul,Education Centre,Aït Melloul,+212 6 94 02 44 04,1,5,,,,,,,,,,
https://www.google.com/maps/place/Marrakech+Al+Hamra/data=!4m7!3m6!1s0xdafef4effb5c3cb:0x81e032328f91cf9d!8m2!3d31.6435924!4d-8.0006085!16s%2Fg%2F11t1_l335d!19sChIJy8O1_07vrw0Rnc-RjzIy4IE?authuser=0&hl=en&rclk=1,Marrakech Al Hamra,Education Centre,Marrakesh,+212 5 24 30 14 62,10,4.5,,,,,,,,,,
https://www.google.com/maps/place/Acad%C3%A9mie+Virtuelle+de+Langues/data=!4m7!3m6!1s0x22f5ffe9176407b3:0x40e3f979b472c835!8m2!3d31.8008346!4d-7.1513478!16s%2Fg%2F11wjkqlr4f!19sChIJswdkF-n_9SIRNchytHn540A?authuser=0&hl=en&rclk=1,Académie Virtuelle de Langues,Education Centre,Assahrij,+212 6 68 82 42 69,0,0,https://www.academievirtuellelangues.com/,facebook.com/tr?id={{app_id}}&ev=PageView&noscript=1,,,,,,,,
"https://www.google.com/maps/place/Espace+Langues,+Institute+Fran%C3%A7ais+De+F%C3%A8s/data=!4m7!3m6!1s0xd9f8b48759c45f9:0x4126db97dc754090!8m2!3d34.0409287!4d-4.9959731!16s%2Fg%2F11dx8j6hd1!19sChIJ-UWcdUiLnw0RkEB13JfbJkE?authuser=0&hl=en&rclk=1","Espace Langues, Institute Français De Fès",Educational institution,Fez,+212 5 35 62 41 49,13,4.2,https://if-maroc.org/fes/,facebook.com/institutfrancais.defes,instagram.com/if_fes,,linkedin.com/company/34754909,youtube.com/user/ifMaroc,,wa.me/212662466264,,
https://www.google.com/maps/place/Centre+De+Langues+Formations+Et+Recrutement+L%27ESPOIR/data=!4m7!3m6!1s0xd9f8c81a647e28d:0x765616816f79c22!8m2!3d34.0103976!4d-4.9787106!16s%2Fg%2F11bwqp31gr!19sChIJjeJHpoGMnw0RIpz3FmhhZQc?authuser=0&hl=en&rclk=1,Centre De Langues Formations Et Recrutement L'ESPOIR,Training centre,Fez,+212 6 74 37 85 57,2,3,,,,,,,,,,
https://www.google.com/maps/place/Institut+Oui+Langues/data=!4m7!3m6!1s0xd78231399a4ea47:0x8eb8679a5665a4a9!8m2!3d34.9225938!4d-2.327909!16s%2Fg%2F11gxg7c6l9!19sChIJR-qkmRMjeA0RqaRlVppnuI4?authuser=0&hl=en&rclk=1,Institut Oui Langues,Educational institution,Berkane,+212 6 61 21 00 95,11,5,,,,,,,,,,
"https://www.google.com/maps/place/%D8%A7%D9%84%D9%85%D8%B9%D9%87%D8%AF+%D8%A7%D9%84%D9%81%D8%B1%D9%86%D8%B3%D9%8A+%D9%81%D8%A7%D8%B3,+%D9%85%D8%B1%D9%83%D8%B2+%D8%A7%D9%84%D9%84%D8%BA%D8%A7%D8%AA%E2%80%AD/data=!4m7!3m6!1s0xd9f8b4875a47ecf:0x5f84bf6c4b0b4c3c!8m2!3d34.0193073!4d-5.0081776!16s%2Fg%2F11b620zl3b!19sChIJz36kdUiLnw0RPEwLS2y_hF8?authuser=0&hl=en&rclk=1","المعهد الفرنسي فاس, مركز اللغات",Cultural centre,Fez,+212 5 35 62 39 21,54,3.9,,,,,,,,,,
https://www.google.com/maps/place/GLS+Fes+prive+-+Centre+de+langue+Allemande+Fes/data=!4m7!3m6!1s0xd9f8ba4e1f18ef5:0xcc2fa6756f1c0efc!8m2!3d34.0313475!4d-4.9950907!16s%2Fg%2F11lcpn5wgy!19sChIJ9Y7x4aSLnw0R_A4cb3WmL8w?authuser=0&hl=en&rclk=1,GLS Fes prive - Centre de langue Allemande Fes,Adult education centre,Fez,+212 5 35 65 92 86,17,4.9,,,,,,,,,,
https://www.google.com/maps/place/Center+Safouane+Language+And+Training/data=!4m7!3m6!1s0xd0b87ececabe923:0xbf097a01c649b6d3!8m2!3d35.7632742!4d-5.8344698!16s%2Fg%2F11h_5lqfjv!19sChIJI-mr7OyHCw0R07ZJxgF6Cb8?authuser=0&hl=en&rclk=1,Center Safouane Language And Training,Educational institution,Tangier,+212 6 40 18 72 00,47,4.9,https://sites.google.com/view/langues-vivantes-franaisanglai/accueil?fbclid=IwAR1b7yZ16VdpGrMwozOLXY8e2sh-HqXWZ4cdhtzV27yl0ny91DW9MqaVOoU,facebook.com/hashtag/tanger?__eep__=6&__cft__[0]=AZVI8Dj4U3D9Iq_k2iRHpdTj-hz6DjnaxYUDSJMRDwG9DlBVEWNqsUfMevfhM2-ogL_3NONZaz7K2wMsOw9e6yLPcdaew8IgWCC0xiscOWiHpziHgiM4ToF5WdRpUq4VOR0ng2LTmMoGwNgtf_JlEhBX28XMvtF-5Lm4veyyX8QchGVCEbpVj9lpqvlB4BC4suo&__tn__=*NK-R,,,,,,wa.me/c/212640187200,safcallina@gmail.com,
https://www.google.com/maps/place/Niveau+Plus/data=!4m7!3m6!1s0xd0b87ac212fb2cb:0x49e8230e749c0204!8m2!3d35.7681377!4d-5.8158666!16s%2Fg%2F11ytd284zh!19sChIJy7IvIayHCw0RBAKcdA4j6Ek?authuser=0&hl=en&rclk=1,Niveau Plus,Training centre,Tangier,+212 6 97 82 44 03,17,5,https://niveau-plus.com/,facebook.com/NiveauPlus1,instagram.com/institutniveauplus,,,,,,,
"https://www.google.com/maps/place/Acad%C3%A9mie+Des+Langues+%22Bassair+Al+Houda%22/@35.7619735,-5.8221965,17z/data=!3m1!4b1!4m6!3m5!1s0xd0b871a8b2a5887:0x1398ec343b8b23e1!8m2!3d35.7619735!4d-5.8221965!16s%2Fg%2F11s2cyj2ps?hl=en&entry=ttu&g_ep=EgoyMDI2MDgxMi4wIKXMDSoASAFQAw%3D%3D","Académie Des Langues ""Bassair Al Houda""",Apprenticeship center,Tangier,+212 6 61 06 95 70,1,5,,,,,,,,,,
https://www.google.com/maps/place/Centre+De+Formation+Edison/data=!4m7!3m6!1s0xd0b816e0238ac4b:0x43f688cbf419c6f5!8m2!3d35.7687848!4d-5.7622545!16s%2Fg%2F11l2hzfqdj!19sChIJS6w4Am6BCw0R9cYZ9MuI9kM?authuser=0&hl=en&rclk=1,Centre De Formation Edison,Adult education centre,Tangier,+212 6 65 86 30 99,18,5,,,,,,,,,,
https://www.google.com/maps/place/New+York+Center/data=!4m7!3m6!1s0xd0b87d2416063f5:0xcfd735e1facc279b!8m2!3d35.7525187!4d-5.852057!16s%2Fg%2F11mvyyqf6m!19sChIJ9WNgQdKHCw0RmyfM-uE1188?authuser=0&hl=en&rclk=1,New York Center,Education Centre,Tangier,+212 5 39 42 79 12,12,5,https://newyorkcentertangier.com/,facebook.com/NewYorkCenterTangier,instagram.com/newyorkcenter.tangier,,linkedin.com/company/new-york-center,,,,contact@newyorkcentertangier.com, 
https://www.google.com/maps/place/Inspire+International/data=!4m7!3m6!1s0xd0c7f1a46dc4af9:0x6d69e74a9c8ba80d!8m2!3d35.7803134!4d-5.8116178!16s%2Fg%2F11j7gyhhn8!19sChIJ-UrcRhp_DA0RDaiLnErnaW0?authuser=0&hl=en&rclk=1,Inspire International,Learning Centre,Tangier,+212 6 75 65 73 71,5,5,,,,,,,,,,
https://www.google.com/maps/place/Deutsch-Institut/data=!4m7!3m6!1s0xd0c7f566fd870c9:0xf6aae06f15e01541!8m2!3d35.7764074!4d-5.8097696!16s%2Fg%2F11b7xyp7ct!19sChIJyXDYb1Z_DA0RQRXgFW_gqvY?authuser=0&hl=en&rclk=1,Deutsch-Institut,Educational institution,Tangier,+212 5 39 32 26 11,25,4.3,https://www.deutsch-institut.ma/,,,,,,,,,
https://www.google.com/maps/place/Charles+Dickens+Center/data=!4m7!3m6!1s0xd0b87ee5a533cdf:0xa0c9a6c13a30c10d!8m2!3d35.7585386!4d-5.8233847!16s%2Fg%2F11l6f61dw5!19sChIJ3zxTWu6HCw0RDcEwOsGmyaA?authuser=0&hl=en&rclk=1,Charles Dickens Center,Education Centre,Tangier,+212 6 06 69 52 73,19,4.6,https://dickenscenter.com/,facebook.com/profile.php?id=100089161664166,instagram.com/dickens_center,,,,,wa.me/212606695273,,
https://www.google.com/maps/place/Institut+20+Ao%C3%BBt/data=!4m7!3m6!1s0xd0b87575ccd5b37:0x77edec2988882bbb!8m2!3d35.7702416!4d-5.8237252!16s%2Fg%2F11cmnjp8cm!19sChIJN1vNXFeHCw0RuyuIiCns7Xc?authuser=0&hl=en&rclk=1,Institut 20 Août,Educational institution,Tangier,+212 5 39 33 62 58,15,4.7,,,,,,,,,,
https://www.google.com/maps/place/Wall+Street+English/data=!4m7!3m6!1s0xd0b81350c394f99:0xd6b4b6e2b11f3ba6!8m2!3d35.7710591!4d-5.8050249!16s%2Fg%2F11l5s8lz4f!19sChIJmU85DDWBCw0RpjsfseK2tNY?authuser=0&hl=en&rclk=1,Wall Street English,Training centre,Tangier,+212 5 39 34 75 55,64,4.5,https://www.wallstreetenglish.ma/centre-anglais/tanger/?utm_campaign=LocalSearch-Tanger&utm_source=LocalSearch&utm_medium=Organic,facebook.com/wse.Morocco,instagram.com/wse_morocco,,linkedin.com/company/wall-street-english-morocco,youtube.com/channel/UC_BnJYuJuX38OT2GZ2lABFw,,,hello@wallstreetenglish.ma,
https://www.google.com/maps/place/Robin+Paris/data=!4m7!3m6!1s0xd0b81a4b43a4e11:0x30938d4b945fc19a!8m2!3d35.7622138!4d-5.7616548!16s%2Fg%2F11jsmfyt5_!19sChIJEU46tKSBCw0RmsFflEuNkzA?authuser=0&hl=en&rclk=1,Robin Paris,Tutor,Tangier,+212 7 07 72 89 87,142,4.8,https://www.instagram.com/robinparis_education?igsh=bXVwMmd5YWdwa3Y2&utm_source=qr,,instagram.com/rsrc.php/y4/r/QaBlI0OZiks.ico,,,,,,,
https://www.google.com/maps/place/Centre+Experts/data=!4m7!3m6!1s0xd0b87005f30ccc5:0x4433ef00233c9b4!8m2!3d35.7702639!4d-5.8270498!16s%2Fg%2F11whm7tqtr!19sChIJxcwwXwCHCw0RtMkzAvA-QwQ?authuser=0&hl=en&rclk=1,Centre Experts,Education Centre,Tangier,+212 6 65 43 05 70,8,3,https://www.instagram.com/centre_expert_tanger?igsh=MTBodHN1a2ZvMmxhaQ==,,instagram.com/rsrc.php/y4/r/QaBlI0OZiks.ico,,,,,,,
https://www.google.com/maps/place/Dragon+Tanger/data=!4m7!3m6!1s0xd0b80aad2f0a463:0xa6067084e5d7b52f!8m2!3d35.7697929!4d-5.8283841!16s%2Fg%2F1hc67gxw4!19sChIJY6Tw0qqACw0RL7XX5YRwBqY?authuser=0&hl=en&rclk=1,Dragon Tanger,Cultural association,Tangier,+212 6 66 74 43 43,49,4.3,https://dragontanger.com/,,,,,,,,,
https://www.google.com/maps/place/Afkary+Centre+de+soutien+scolaire/data=!4m7!3m6!1s0xd0b8700387be345:0xfec36dcc7a6bc845!8m2!3d35.7444951!4d-5.8323428!16s%2Fg%2F11whycdpql!19sChIJReN7OACHCw0RRchresxtw_4?authuser=0&hl=en&rclk=1,Afkary Centre de soutien scolaire,Tutor,Tangier,+212 6 18 72 29 17,20,5,https://afkary.ma/,facebook.com/p/Afkaryma-61565806422024,instagram.com/afkary_center/?hl=fr,,,,,,afkary832@gmail.com,
https://www.google.com/maps/place/ALEPH+CENTER/data=!4m7!3m6!1s0xd0b87002f2b6339:0xd3e404dd8351f051!8m2!3d35.7681386!4d-5.8143276!16s%2Fg%2F11vs9scv0j!19sChIJOWMrLwCHCw0RUfBRg90E5NM?authuser=0&hl=en&rclk=1,ALEPH CENTER,Education Centre,Tangier,+212 6 69 01 41 50,79,5,https://www.alephcenter.ma/,facebook.com/alephcentro,instagram.com/aleph.center,,,,,wa.me/212669014150,contact@alephcenter.ma,
https://www.google.com/maps/place/French+Institute+of+T%C3%A1nger/data=!4m7!3m6!1s0xd0c7f5565bacea5:0xdef6cd1e14b8c01c!8m2!3d35.7760923!4d-5.8124113!16s%2Fg%2F1tzgqgkp!19sChIJpc66ZVV_DA0RHMC4FB7N9t4?authuser=0&hl=en&rclk=1,French Institute of Tánger,Cultural centre,Tangier,+212 5 39 94 25 89,788,4.1,https://if-maroc.org/tanger/,facebook.com/institutfrancaisdetanger,instagram.com/ifmtanger,,linkedin.com/company/34754909,youtube.com/user/ifMaroc,,wa.me/212662466264,,
https://www.google.com/maps/place/Cliss+Languages+Tutoring/data=!4m7!3m6!1s0xd0b8754032bbc45:0x16846a199e917bfd!8m2!3d35.7631587!4d-5.8495255!16s%2Fg%2F11fjxrxk4w!19sChIJRbwrA1SHCw0R_XuRnhlqhBY?authuser=0&hl=en&rclk=1,Cliss Languages Tutoring,Tutor,Tangier,+212 6 37 63 81 91,9,4.9,,,,,,,,,,
https://www.google.com/maps/place/Kholoud%27s+Language+Center/data=!4m7!3m6!1s0xd0c8359eca12f2b:0xb8ad7f298030d7ee!8m2!3d35.8281767!4d-5.5678328!16s%2Fg%2F11kr_dl4y5!19sChIJKy-h7FmDDA0R7tcwgCl_rbg?authuser=0&hl=en&rclk=1,Kholoud's Language Center,Education Centre,Ksar Sghir القصر الصغير,+212 7 09 29 42 88,12,5,,,,,,,,,,
https://www.google.com/maps/place/World+Languages+Center/data=!4m7!3m6!1s0xd0b43d28b9f0a59:0x9c4c0a57f7834e0b!8m2!3d35.5679275!4d-5.3741577!16s%2Fg%2F11l2rkt6r_!19sChIJWQqfi9JDCw0RC06D91cKTJw?authuser=0&hl=en&rclk=1,World Languages Center,Education Centre,Tétouan تطوان,+212 5 31 26 16 07,5,5,https://worldlanguagescenter.com/,,,,,,,,,
https://www.google.com/maps/place/Cfie/data=!4m7!3m6!1s0xd0b430f8f18a131:0xe4d4584825a45987!8m2!3d35.587945!4d-5.341216!16s%2Fg%2F1hdzk7g1j!19sChIJMaEYjw9DCw0Rh1mkJUhY1OQ?authuser=0&hl=en&rclk=1,Cfie,Education,Tétouan تطوان,+212 5 39 99 47 99,9,4.6,https://www.instagram.com/dreamlanguagecenter/,,instagram.com/rsrc.php/y4/r/QaBlI0OZiks.ico,,,,,,,
https://www.google.com/maps/place/INKA+Learning+Center/data=!4m7!3m6!1s0xd0b81a7c60f4671:0x8d132f4a239d863a!8m2!3d35.7755472!4d-5.8086047!16s%2Fg%2F11t4d_9fkj!19sChIJcUYPxqeBCw0ROoadI0ovE40?authuser=0&hl=en&rclk=1,INKA Learning Center,Learning Centre,Tangier,+212 6 64 26 19 84,7,4.9,https://inkalearningcenter.com/,facebook.com/inkalearningcenter,instagram.com/inka.learningcenter?utm_source=qr&igshid=NGExMmI2YTkyZg%3D%3D,,,youtube.com/embed/nWwpyclIEu4,,,,
https://www.google.com/maps/place/The+American+Center+of+Language+%26+Culture/data=!4m7!3m6!1s0xd0c796fc94f56d7:0x57962618bd84c010!8m2!3d35.7837066!4d-5.8214034!16s%2Fg%2F11qnggbt7w!19sChIJ11ZPyW95DA0REMCEvRgmllc?authuser=0&hl=en&rclk=1,The American Center of Language & Culture,Education Centre,Tangier,+212 6 65 36 81 29,9,5,https://aclc.ma/,facebook.com/aclctangier,instagram.com/aclctangier,,,,tiktok.com/aclctangier,,contact@aclc.ma,
https://www.google.com/maps/place/British+Horizons/data=!4m7!3m6!1s0xd0b80aa8e8687b3:0xf69629a3860767e4!8m2!3d35.7755536!4d-5.8133175!16s%2Fg%2F11gbwksrrp!19sChIJs4eGjqqACw0R5GcHhqMplvY?authuser=0&hl=en&rclk=1,British Horizons,Training centre,Tangier,+212 5 39 94 10 91,13,4.7,,,,,,,,,,
https://www.google.com/maps/place/Kaptivation/data=!4m7!3m6!1s0xd0b8702be1818f3:0x79a775e7fe64a16c!8m2!3d35.7574299!4d-5.8294847!16s%2Fg%2F11jsrb76rv!19sChIJ8xgYvgKHCw0RbKFk_ud1p3k?authuser=0&hl=en&rclk=1,Kaptivation,Training centre,Tangier,+212 6 55 86 78 78,20,4.9,https://kaptivation.ma/,,,,,,,,contact@kaptivation.ma,
https://www.google.com/maps/place/Centre+Anglais+Balidou+Fluency+English/data=!4m7!3m6!1s0xd0b81bfe8204923:0x4efb5a6e221e81f!8m2!3d35.7641318!4d-5.7977803!16s%2Fg%2F11sppygc8k!19sChIJI0kg6L-BCw0RH-gh4qa17wQ?authuser=0&hl=en&rclk=1,Centre Anglais Balidou Fluency English,Education Centre,Tangier,+212 5 31 31 32 11,15,5,,,,,,,,,,
https://www.google.com/maps/place/French+Institute+of+Tetouan/data=!4m7!3m6!1s0xd0b4266f055341b:0xe9ef4d1f1cc60dae!8m2!3d35.56967!4d-5.3772276!16s%2Fg%2F11bx5pq_xx!19sChIJGzRV8GZCCw0Rrg3GHB9N7-k?authuser=0&hl=en&rclk=1,French Institute of Tetouan,Cultural centre,Tétouan تطوان,+212 5 39 71 43 11,346,4,https://if-maroc.org/tetouan/,facebook.com/IFTetouan,instagram.com/iftetouan,,linkedin.com/company/34754909,youtube.com/channel/UCUzueLif51XYwU_JMaPYIbg,,wa.me/212662466264,,
https://www.google.com/maps/place/Clf+Center+French+Language/data=!4m7!3m6!1s0xd0b42f8d1821f31:0xc9ec1bcb62e669f6!8m2!3d35.5804156!4d-5.3577024!16s%2Fg%2F11c54d0g30!19sChIJMR-C0fhCCw0R9mnmYssb7Mk?authuser=0&hl=en&rclk=1,Clf Center French Language,Learning Centre,Tétouan تطوان,+212 5 39 99 40 28,4,3.5,,,,,,,,,,
https://www.google.com/maps/place/%D9%85%D8%B1%D9%83%D8%B2+%D8%A7%D9%84%D9%84%D8%BA%D8%A9+%D8%A7%D9%84%D9%81%D8%B1%D9%86%D8%B3%D9%8A%D8%A9+%D9%88%D8%A7%D9%84%D8%A5%D9%86%D8%AC%D9%84%D9%8A%D8%B2%D9%8A%D8%A9%E2%80%AD/data=!4m7!3m6!1s0xd0ca1aa29c3057d:0x71027e32899eef64!8m2!3d35.8450694!4d-5.354391!16s%2Fg%2F11b6yqthqg!19sChIJfQXDKaqhDA0RZO-eiTJ-AnE?authuser=0&hl=en&rclk=1,مركز اللغة الفرنسية والإنجليزية,Place of worship,Fnideq,+212 5 39 97 67 24,2,4.5,,,,,,,,,,
https://www.google.com/maps/place/Language+Center+And+Academic+Support/data=!4m7!3m6!1s0xd0b434d2ed9d00d:0xf1a7e9ff81ed5134!8m2!3d35.5705975!4d-5.3706926!16s%2Fg%2F11rxp6vrhw!19sChIJDdDZLk1DCw0RNFHtgf_pp_E?authuser=0&hl=en&rclk=1,Language Center And Academic Support,Tutor,Tétouan تطوان,+212 6 14 11 03 95,0,0,,,,,,,,,,
https://www.google.com/maps/place/Centre+Valid%C3%A9/data=!4m7!3m6!1s0xd0b45840bdfbf3d:0xd2b2ea94bee8622d!8m2!3d35.6130689!4d-5.285038!16s%2Fg%2F11n0973692!19sChIJPb_fC4RFCw0RLWLovpTqstI?authuser=0&hl=en&rclk=1,Centre Validé,Learning Centre,Martil,+212 6 32 70 54 58,66,4.8,,,,,,,,,,
https://www.google.com/maps/place/King+Fahd+School+of+Translation/data=!4m7!3m6!1s0xd0b80a244fd8895:0xc5165935736419e2!8m2!3d35.7685387!4d-5.7952781!16s%2Fg%2F11rdhs2jf!19sChIJlYj9RKKACw0R4hlkczVZFsU?authuser=0&hl=en&rclk=1,King Fahd School of Translation,College,Tangier,+212 5 39 94 28 13,78,4.2,https://esrft.ma/,facebook.com/ESRFTT,instagram.com/esrftt,twitter.com/UAE73792965,linkedin.com/company/%C3%A9cole-sup%C3%A9rieure-roi-fahd-de-traduction-tanger-esrft-page-officielle,youtube.com/@ESRFTchaine,,,esrft@uae.ac.ma,
https://www.google.com/maps/place/Centro+Ling%C3%BC%C3%ADstico+Iberia/data=!4m7!3m6!1s0xd0c79818f0ae9c5:0xd59af28a4ec14ab8!8m2!3d35.7819738!4d-5.8191205!16s%2Fg%2F11v9y16wr4!19sChIJxekKj4F5DA0RuErBTorymtU?authuser=0&hl=en&rclk=1,Centro Lingüístico Iberia,Education Centre,Tangier,+212 6 97 67 60 94,87,5,https://www.instagram.com/cl_iberia?igsh=aG5yN2d6d2R5a2tj,,instagram.com/rsrc.php/y4/r/QaBlI0OZiks.ico,,,,,,,
https://www.google.com/maps/place/Skills+Center/data=!4m7!3m6!1s0xd0b430072e9056b:0x92ac1ec5b4dcd6a7!8m2!3d35.5829349!4d-5.3393941!16s%2Fg%2F11lcm2t6r9!19sChIJawXpcgBDCw0Rp9bctMUerJI?authuser=0&hl=en&rclk=1,Skills Center,Tutor,Tétouan تطوان,+212 6 66 60 69 23,14,5,https://skillstetouan.com/,facebook.com/skillstetouan1,instagram.com/skillstetouan,x.com/skillstetouan,,youtube.com/@skillstetouan,,,contact@skillstetouan.com,
https://www.google.com/maps/place/NEW+UNIVERSAL+CENTER/data=!4m7!3m6!1s0xd0b8709c79405e7:0x7eb1edd350834a55!8m2!3d35.7358496!4d-5.8544774!16s%2Fg%2F11r_dmkm3p!19sChIJ5wWUxwmHCw0RVUqDUNPtsX4?authuser=0&hl=en&rclk=1,NEW UNIVERSAL CENTER,University,Tangier,+212 7 76 78 16 14,22,2.3,,,,,,,,,,
https://www.google.com/maps/place/Mmas+-+Meet+Me+After+School/data=!4m7!3m6!1s0xd0c7f4e6efc8cbb:0x787e557dc5ca320f!8m2!3d35.7771778!4d-5.8020478!16s%2Fg%2F11spxs_8mt!19sChIJu4z8bk5_DA0RDzLKxX1Vfng?authuser=0&hl=en&rclk=1,Mmas - Meet Me After School,Tutor,Tangier,+212 8 08 65 97 39,141,5,https://meetmeafterschool.ma/,facebook.com/MMAS.Tanger,instagram.com/mmas.tanger,,,,,,contact@mmas.ma,
https://www.google.com/maps/place/CENTRE+APPLIED+LANGUAGE+INSTRUCTION+PRIVE+DES+LANGUES/data=!4m7!3m6!1s0xdafe9dd51cf5f79:0x7fafef9c7ac03fab!8m2!3d31.582042!4d-8.0523761!16s%2Fg%2F11j1fdjbcb!19sChIJeV_PUd3prw0Rqz_Aepzvr38?authuser=0&hl=en&rclk=1,CENTRE APPLIED LANGUAGE INSTRUCTION PRIVE DES LANGUES,Cultural centre,Marrakesh,+212 6 39 46 97 10,33,4.7,,,,,,,,,,
https://www.google.com/maps/place/%D9%85%D8%B1%D9%83%D8%B2+%D9%84%D8%A7%D8%B1%D9%88%D8%B3+%D9%84%D9%84%D8%BA%D8%A7%D8%AA+%D8%A7%D9%84%D8%AD%D9%8A%D8%A9+%D8%A8%D9%88%D8%AC%D8%AF%D9%88%D8%B1%E2%80%AD/data=!4m7!3m6!1s0xc3bc7c757ee7187:0x52e4bded1856b75c!8m2!3d26.1283294!4d-14.4841447!16s%2Fg%2F11s0pytb46!19sChIJh3HuV8fHOwwRXLdWGO295FI?authuser=0&hl=en&rclk=1,مركز لاروس للغات الحية بوجدور,Education Centre,Boujdour,+212 6 68 51 75 67,2,4.5,,,,,,,,,,
https://www.google.com/maps/place/English+For+Africa/data=!4m7!3m6!1s0xda0450060abf8c3:0xb81a83954d6c232e!8m2!3d33.8997677!4d-5.5526512!16s%2Fg%2F11qpvzg63x!19sChIJw_irYABFoA0RLiNsTZWDGrg?authuser=0&hl=en&rclk=1,English For Africa,Training centre,Meknes,+212 5 35 52 61 30,60,4.8,https://www.englishforafrica.net/,facebook.com/Englishforafricaa,instagram.com/english_for_africa,x.com/bolt-performance?src=72&evid=,,,,,,
"https://www.google.com/maps/place/American+Academy+Center+Tahennaout/@31.3548063,-7.9502338,17z/data=!3m1!4b1!4m6!3m5!1s0xdb003f05363accd:0x9b8c02725cbe39ca!8m2!3d31.3548063!4d-7.9502338!16s%2Fg%2F11y21nqrv8?hl=en&entry=ttu&g_ep=EgoyMDI2MDgxMi4wIKXMDSoASAFQAw%3D%3D",American Academy Center Tahennaout,Education Centre,Tahannaout,+212 6 12 00 43 28,18,5,,,,,,,,,,
"https://www.google.com/maps/place/centre+kifaya+de+langues/@32.3367661,-6.3709452,17z/data=!3m1!4b1!4m6!3m5!1s0x4207ca63e4c4e713:0xef260eea64f043cc!8m2!3d32.3367661!4d-6.3709452!16s%2Fg%2F11zjbk9mxl?hl=en&entry=ttu&g_ep=EgoyMDI2MDgxMi4wIKXMDSoASAFQAw%3D%3D",centre kifaya de langues,Education Centre,Beni Mellal,+212 6 23 85 67 13,2,5,https://centrekifaya.com/,facebook.com/centrekifaya,instagram.com/centre_kifaya,,,youtube.com/@CENTREKIFAYA,,wa.me/212623856713,centrekifaya@gmail.com,
https://www.google.com/maps/place/Centre+De+Langues+Amacasa/data=!4m7!3m6!1s0xda632d842329c91:0xde1a693aac3a0a3f!8m2!3d33.5521353!4d-7.5696563!16s%2Fg%2F11c56c5bsm!19sChIJkZwyQtgypg0RPwo6rDppGt4?authuser=0&hl=en&rclk=1,Centre De Langues Amacasa,Education Centre,Casablanca,+212 5 22 38 38 50,42,4.8,https://centreamacasa.com/,,instagram.com/centre_ama,,,,,wa.me/212708007857,,
https://www.google.com/maps/place/Goethe-Institut+Casablanca/data=!4m7!3m6!1s0xda7d29ca697d6b5:0xd47f819484202ff8!8m2!3d33.594544!4d-7.6165114!16s%2Fg%2F1pyqst7dj!19sChIJtdaXppzSpw0R-C8ghJSBf9Q?authuser=0&hl=en&rclk=1,Goethe-Institut Casablanca,Cultural centre,Casablanca,+212 6 14 56 39 51,465,4.1,,,,,,,,,,
https://www.google.com/maps/place/EasyEnglish/data=!4m7!3m6!1s0xdb503b284bcd629:0x1c942bb3cc97b15b!8m2!3d28.989935!4d-10.0557849!16s%2Fg%2F11smq_prsm!19sChIJKda8hLIDtQ0RW7GXzLMrlBw?authuser=0&hl=en&rclk=1,EasyEnglish,Education Centre,Guelmim,+212 6 48 20 30 22,3,5,,,,,,,,,,
https://www.google.com/maps/place/Globe+Academy/data=!4m7!3m6!1s0xdb503005afd94ab:0x836e526624077f4e!8m2!3d28.9928732!4d-10.0486279!16s%2Fg%2F11lcsvlzhx!19sChIJq5T9WgADtQ0RTn8HJGZSboM?authuser=0&hl=en&rclk=1,Globe Academy,Educational institution,Guelmim,+212 6 80 08 70 52,68,4.9,,,,,,,,,,
"https://www.google.com/maps/place/%D9%85%D8%B1%D9%83%D8%B2+%D8%A3%D9%88%D9%85%D9%8A%D8%BA%D8%A7+%D9%84%D8%AA%D8%B9%D9%84%D9%8A%D9%85+%D8%A7%D9%84%D9%84%D8%BA%D8%A7%D8%AA+%D9%88%D8%AA%D9%86%D9%85%D9%8A%D8%A9+%D8%A7%D9%84%D9%82%D8%AF%D8%B1%D8%A7%D8%AA+%D9%88%D8%AA%D8%A3%D9%87%D9%8A%D9%84+%D8%A7%D9%84%D9%83%D9%81%D8%A7%D8%A1%D8%A7%D8%AA%E2%80%AD/@28.6120243,-9.4317664,17z/data=!3m1!4b1!4m6!3m5!1s0xdb5efdab5ac9df3:0xbf03f8d49277c344!8m2!3d28.6120243!4d-9.4317664!16s%2Fg%2F11vfb7qzsc?hl=en&entry=ttu&g_ep=EgoyMDI2MDgxMi4wIKXMDSoASAFQAw%3D%3D",مركز أوميغا لتعليم اللغات وتنمية القدرات وتأهيل الكفاءات,Education Centre,Assa,+212 6 73 11 30 55,0,0,,,,,,,,,,
https://www.google.com/maps/place/%D9%85%D8%B9%D9%87%D8%AF+%D8%B4%D8%B9%D8%B1%D8%A7%D9%86+%D9%84%D8%AA%D8%B9%D9%84%D9%85+%D8%A7%D9%84%D9%84%D8%BA%D8%A7%D8%AA%E2%80%AD/data=!4m7!3m6!1s0xdaf2900528c4411:0x57d40ec382e59f05!8m2!3d32.6465336!4d-8.4160611!16s%2Fg%2F11vxjrb84j!19sChIJEUSMUgAprw0RBZ_lgsMO1Fc?authuser=0&hl=en&rclk=1,معهد شعران لتعلم اللغات,Education Centre,Sidi Bennour,+212 6 42 89 51 18,4,5,,,,,,,,,,
https://www.google.com/maps/place/Isli+Centre+Language+Center+Tutoring+-/data=!4m7!3m6!1s0xda713e82688b4c1:0xef00b75e13211982!8m2!3d33.9248793!4d-6.9178902!16s%2Fg%2F11rgzykkc3!19sChIJwbSIJugTpw0RghkhE163AO8?authuser=0&hl=en&rclk=1,Isli Centre Language Center Tutoring -,Training centre,Temara,+212 5 37 40 54 55,32,4.1,,,,,,,,,,
https://www.google.com/maps/place/InterKult+%E2%80%93+Centre+de+langue+allemande/data=!4m7!3m6!1s0xda70d4a18467a8f:0xab83b97280391100!8m2!3d33.9132565!4d-6.9255943!16s%2Fg%2F11nr36b22t!19sChIJj3pGGEoNpw0RABE5gHK5g6s?authuser=0&hl=en&rclk=1,InterKult – Centre de langue allemande,Educational institution,Temara,+212 6 53 30 53 14,1,5,https://interkult.ma/,,instagram.com/interkult_sprache_kultur,,,,,wa.me/491739860904,info@interkult.ma,
"https://www.google.com/maps/place/Isli+Qahira+Training+:+Soutien+Scolaire,+Langues,+Orientation,+Pr%C3%A9paration+Aux+Concours/data=!4m7!3m6!1s0xda70d8009f07d15:0x6dbdbbf81e41b74d!8m2!3d33.9137706!4d-6.9207574!16s%2Fg%2F124ydkms9!19sChIJFX3wCYANpw0RTbdBHvi7vW0?authuser=0&hl=en&rclk=1","Isli Qahira Training : Soutien Scolaire, Langues, Orientation, Préparation Aux Concours",Educational institution,Temara,+212 5 37 74 76 02,58,4.8,,,,,,,,,,
https://www.google.com/maps/place/Isli+Milano+-+Language+Center+Tutoring+-/data=!4m7!3m6!1s0xda70dca1e347043:0x1caa44e7945bb391!8m2!3d33.9257341!4d-6.8940631!16s%2Fg%2F11vrt0tnj1!19sChIJQ3A0HsoNpw0RkbNblOdEqhw?authuser=0&hl=en&rclk=1,Isli Milano - Language Center Tutoring -,Training centre,Temara,+212 5 37 60 70 50,27,4.4,,,,,,,,,,
https://www.google.com/maps/place/OrientaSup+centre+d%27orientation+et+de+langues/data=!4m7!3m6!1s0xda713b670d7b58d:0x4235054e7b7159cb!8m2!3d33.9245447!4d-6.9169731!16s%2Fg%2F11ymyzd9c6!19sChIJjbXXcLYTpw0Ry1lxe04FNUI?authuser=0&hl=en&rclk=1,OrientaSup centre d'orientation et de langues,Education Centre,Temara,+212 7 00 11 74 42,0,0,,,,,,,,,,
https://www.google.com/maps/place/Centre+Moultaka+Al+Ailm+des+sciences+et+langues/data=!4m7!3m6!1s0xda713e6f38b95dd:0x82dd55f764c4488a!8m2!3d33.915174!4d-6.9226407!16s%2Fg%2F11fjvwnvz_!19sChIJ3ZWL8-YTpw0RikjEZPdV3YI?authuser=0&hl=en&rclk=1,Centre Moultaka Al Ailm des sciences et langues,School Centre,Temara,+212 6 16 17 41 56,5,4.2,,,,,,,,,,
https://www.google.com/maps/place/Isli+El+Akhwayn+Language+Center+Tutoring+-/data=!4m7!3m6!1s0xda70d1080474763:0xea4b670c2e55acb7!8m2!3d33.9084792!4d-6.9228605!16s%2Fg%2F11nwbjpsdv!19sChIJY0dHgBANpw0Rt6xVLgxnS-o?authuser=0&hl=en&rclk=1,Isli El Akhwayn Language Center Tutoring -,Educational institution,Temara,+212 5 37 41 38 01,20,4.6,,,,,,,,,,
https://www.google.com/maps/place/Ask+Me+Academy/data=!4m7!3m6!1s0xda713650c15c771:0x6f8daa989de9d38d!8m2!3d33.9029027!4d-6.9137033!16s%2Fg%2F11h2frdg07!19sChIJcccVDGUTpw0RjdPpnZiqjW8?authuser=0&hl=en&rclk=1,Ask Me Academy,School Centre,Temara,+212 6 61 37 19 30,46,4.7,,,,,,,,,,
https://www.google.com/maps/place/Groupe+Soluce/data=!4m7!3m6!1s0xda70db80f35eb29:0xf342bc708a29f179!8m2!3d33.9272448!4d-6.9287315!16s%2Fg%2F11h60f3l8h!19sChIJKes1D7gNpw0RefEpinC8QvM?authuser=0&hl=en&rclk=1,Groupe Soluce,Tutor,Temara,+212 6 02 61 07 41,20,4.7,https://groupe-soluce.ma/,facebook.com/solucesoutien2,instagram.com/soluce.soutien,,,,,wa.me/212602610741,soluce.centre@gmail.com,
https://www.google.com/maps/place/Deutsche+Studenten+Akademie/data=!4m7!3m6!1s0xda713006932306d:0xd8b6a126bd263297!8m2!3d33.9264859!4d-6.8953636!16s%2Fg%2F11vsh8t_k3!19sChIJbTAyaQATpw0RlzImvSahttg?authuser=0&hl=en&rclk=1,Deutsche Studenten Akademie,Education Centre,Temara,+212 6 07 90 29 50,63,5,,,,,,,,,,
https://www.google.com/maps/place/Centre+Al-Islah+2/data=!4m7!3m6!1s0xda712f00787be03:0x338795f45eaafeae!8m2!3d33.9267433!4d-6.8887255!16s%2Fg%2F11c1nb186k!19sChIJA76HB_ASpw0Rrv6qXvSVhzM?authuser=0&hl=en&rclk=1,Centre Al-Islah 2,Learning Centre,Temara,+212 5 37 60 33 86,16,5,https://www.centrealislah.com/,,,twitter.com/nagouY,linkedin.com/in/rachid-ouzzi-01984011b,youtube.com/channel/UCeoxxNBLfnT4lE7I6DiKsew,,,,
https://www.google.com/maps/place/Bait+Al+Ilm/data=!4m7!3m6!1s0xda7139b2a3ec6d5:0x45cff272788916cc!8m2!3d33.9378186!4d-6.8870722!16s%2Fg%2F11h_6_b9jx!19sChIJ1cY-KpsTpw0RzBaJeHLyz0U?authuser=0&hl=en&rclk=1,Bait Al Ilm,Educational institution,Temara,+212 5 37 56 22 22,12,4.8,,,,,,,,,,
https://www.google.com/maps/place/Brinova+Academy/data=!4m7!3m6!1s0xda713e8836fc79f:0xe66934903c40fb34!8m2!3d33.9391516!4d-6.8988495!16s%2Fg%2F11s890w26f!19sChIJn8dvg-gTpw0RNPtAPJA0aeY?authuser=0&hl=en&rclk=1,Brinova Academy,Training centre,Temara,+212 6 61 48 14 99,19,3.6,,,,,,,,,,
https://www.google.com/maps/place/American+cultural+club/data=!4m7!3m6!1s0xda712e87913ce05:0xb52157e3d5011ace!8m2!3d33.9361814!4d-6.8889889!16s%2Fg%2F1ptx1nfpj!19sChIJBc4TeegSpw0RzhoB1eNXIbU?authuser=0&hl=en&rclk=1,American cultural club,Cultural centre,Temara,+212 8 08 64 04 79,50,4.3,https://americanculturalclub.com/,facebook.com/pages/category/School/Private-American-Cultural-Club-2520922954798845,instagram.com/private_american_cultural_club,,,youtube.com/channel/UC-5HevX1l9-nHwR_26K5k6Q,,,contact@americanculturalclub.com, 
https://www.google.com/maps/place/Centre+Yazid+D%27accompagnement+Scolaire+Et+Artcoaching/data=!4m7!3m6!1s0xda71390df3039b5:0x5089c8f8cbaa375a!8m2!3d33.9396882!4d-6.8992289!16s%2Fg%2F11qzcsqr2g!19sChIJtTkw35ATpw0RWjeqy_jIiVA?authuser=0&hl=en&rclk=1,Centre Yazid D'accompagnement Scolaire Et Artcoaching,Education Centre,Temara,+212 6 11 21 85 65,4,5,,,,,,,,,,
https://www.google.com/maps/place/Student+Success+Academy+Tutoring+And+Languages/data=!4m7!3m6!1s0xda7127efc1936a9:0xbe0dae522fd77500!8m2!3d33.9114499!4d-6.9179424!16s%2Fg%2F11gbkrq7_8!19sChIJqTYZ_H4Spw0RAHXXL1KuDb4?authuser=0&hl=en&rclk=1,Student Success Academy Tutoring And Languages,Learning Centre,Temara,+212 6 45 74 01 01,0,0,,,,,,,,,,
https://www.google.com/maps/place/Newcamp+Learning+Center/data=!4m7!3m6!1s0xda76d639f3a0379:0x6b744bfc4808940c!8m2!3d33.9977837!4d-6.8486069!16s%2Fg%2F11nc9zf8jp!19sChIJeQM6n2Ntpw0RDJQISPxLdGs?authuser=0&hl=en&rclk=1,Newcamp Learning Center,Training centre,Rabat,+212 6 54 16 16 24,180,4.9,https://newcamp.ma/,facebook.com/profile.php?id=61559561583056&rdid=B2JvMcYiomj8Ixwv&share_url=https%3A%2F%2Fweb.facebook.com%2Fshare%2F1N8Skn6mNv%2F%3F_rdc%3D1%26_rdr,instagram.com/newcampcenter,,linkedin.com/company/newcamp-language-center/?originalSubdomain=ma,,,,newcampaccueil@gmail.com,
https://www.google.com/maps/place/Centre+Esla+De+Soutien+Et+De+Langues/data=!4m7!3m6!1s0xda76b23b9629771:0xe051567e74ff6830!8m2!3d34.0196536!4d-6.835003!16s%2Fg%2F11t6kwn6m9!19sChIJcZdiuSNrpw0RMGj_dH5WUeA?authuser=0&hl=en&rclk=1,Centre Esla De Soutien Et De Langues,Secondary school,Rabat,+212 6 48 86 87 29,0,0,,,,,,,,,,
https://www.google.com/maps/place/Groupe+HEITC/data=!4m7!3m6!1s0xda71283e48cd625:0x5dedd18d3a8dad71!8m2!3d33.9204703!4d-6.9164099!16s%2Fg%2F1tfd8bhh!19sChIJJdaM5IMSpw0Rca2NOo3R7V0?authuser=0&hl=en&rclk=1,Groupe HEITC,Conference Centre,Temara,+212 5 37 64 49 33,28,3.1,,,,,,,,,,
https://www.google.com/maps/place/Center+Massar+Tutoring+And+Languages/data=!4m7!3m6!1s0xda70d002f5a4a25:0x3404844f041d600c!8m2!3d33.9155952!4d-6.922207!16s%2Fg%2F11ww0t7znr!19sChIJJUpaLwANpw0RDGAdBE-EBDQ?authuser=0&hl=en&rclk=1,Center Massar Tutoring And Languages,Tutor,Temara,+212 5 37 64 48 75,0,0,,,,,,,,,,
https://www.google.com/maps/place/Ematrain+Center/data=!4m7!3m6!1s0xda7132cdc432a8d:0x16e33d851d468301!8m2!3d33.9138418!4d-6.9238!16s%2Fg%2F11wq3ncnd0!19sChIJjSpD3CwTpw0RAYNGHYU94xY?authuser=0&hl=en&rclk=1,Ematrain Center,Training centre,Temara,+212 6 53 41 02 16,1,5,https://www.ematrain.com/,,,,,,,,,
https://www.google.com/maps/place/Tutor+Amrani/data=!4m7!3m6!1s0x2163d4143f4235db:0x5a93442f78717d97!8m2!3d33.9398757!4d-6.8952305!16s%2Fg%2F11l6zm8pqd!19sChIJ2zVCPxTUYyERl31xeC9Ek1o?authuser=0&hl=en&rclk=1,Tutor Amrani,Adult education centre,Temara,+212 6 67 38 77 83,1,5,,,,,,,,,,
https://www.google.com/maps/place/Elite+Formation+et+Coaching+%28%D9%85%D8%B1%D9%83%D8%B2+%D8%A7%D9%84%D8%AF%D8%B9%D9%85+%D8%A7%D9%84%D8%AA%D8%B1%D8%A8%D9%88%D9%8A+%D9%88+%D8%A7%D9%84%D9%84%D8%BA%D8%A7%D8%AA+%D9%88+%D8%A7%D9%84%D9%85%D9%88%D8%A7%D9%83%D8%A8%D8%A9%29%E2%80%AD/data=!4m7!3m6!1s0xda70d6230136171:0xd4e06c7bec4277f!8m2!3d33.9233734!4d-6.9328726!16s%2Fg%2F11n59gzvt2!19sChIJcWETMGINpw0RfyfEvscGTg0?authuser=0&hl=en&rclk=1,Elite Formation et Coaching (مركز الدعم التربوي و اللغات و المواكبة),Education Centre,Temara,+212 5 37 58 29 05,3,5,,,,,,,,,,
https://www.google.com/maps/place/Al+Massar+Academy+02+-+%D9%85%D8%B1%D9%83%D8%B2+%D8%A7%D9%84%D8%AF%D8%B9%D9%85+%D8%A7%D9%84%D9%85%D8%AF%D8%B1%D8%B3%D9%8A+%D9%88+%D8%A7%D9%84%D9%84%D8%BA%D8%A7%D8%AA+%D9%88+%D8%A7%D9%84%D8%AA%D9%83%D9%88%D9%8A%D9%86%E2%80%AD/data=!4m7!3m6!1s0xda71386ed827e11:0x1fe060c541c01666!8m2!3d33.9146587!4d-6.9166751!16s%2Fg%2F11tcfrtbrv!19sChIJEX6C7YYTpw0RZhbAQcVg4B8?authuser=0&hl=en&rclk=1,Al Massar Academy 02 - مركز الدعم المدرسي و اللغات و التكوين,Independent school,Temara,+212 7 11 48 43 41,0,0,,,,,,,,,,
https://www.google.com/maps/place/%D9%85%D8%B1%D9%83%D8%B2+%D8%A7%D9%84%D8%AA%D9%81%D9%88%D9%82+%D9%84%D9%84%D8%B9%D9%84%D9%88%D9%85+%D9%88+%D8%A7%D9%84%D9%84%D8%BA%D8%A7%D8%AA%E2%80%AD/data=!4m7!3m6!1s0xda70d81c376e40b:0xd60385c9203f9e48!8m2!3d33.9133981!4d-6.9246566!16s%2Fg%2F11c1q687mb!19sChIJC-R2w4ENpw0RSJ4_IMmFA9Y?authuser=0&hl=en&rclk=1,مركز التفوق للعلوم و اللغات,Educational institution,Temara,+212 6 63 88 00 26,1,5,,,,,,,,,,
https://www.google.com/maps/place/%D9%85%D8%B1%D9%83%D8%B2+%D8%A7%D9%84%D8%A5%D8%AC%D8%AA%D9%87%D8%A7%D8%AF+%D9%84%D9%84%D8%AF%D8%B9%D9%85+%D8%A7%D9%84%D9%85%D8%AF%D8%B1%D8%B3%D9%8A+%D9%88+%D8%A7%D9%84%D9%84%D8%BA%D8%A7%D8%AA%E2%80%AD/data=!4m7!3m6!1s0xda7136f92ad8239:0xba3c660d7bceed9e!8m2!3d33.9210967!4d-6.8915688!16s%2Fg%2F11hf8q3_2k!19sChIJOYKtkm8Tpw0Rnu3Oew1mPLo?authuser=0&hl=en&rclk=1,مركز الإجتهاد للدعم المدرسي و اللغات,Tutor,Temara,+212 7 08 94 23 10,0,0,,,,,,,,,, 
https://www.google.com/maps/place/Amideast+Morocco/data=!4m7!3m6!1s0xda76c90221637a5:0xad19cfa82597383b!8m2!3d33.9957991!4d-6.8471421!16s%2Fg%2F1tdb5mw5!19sChIJpTcWIpBspw0ROziXJajPGa0?authuser=0&hl=en&rclk=1,Amideast Morocco,Non-profit organisation,Rabat,+212 5 37 67 50 75,115,3.4,https://www.amideast.org/morocco,facebook.com/amideast,instagram.com/amideasthq,twitter.com/amideastm,linkedin.com/company/amideast,youtube.com/user/AMIDEASThq,,,"inquiries@amideast.org, testing@amideast.org", 
https://www.google.com/maps/place/Eduspeaks+center/data=!4m7!3m6!1s0xda76b685329f861:0x7c0f0b09175e27b6!8m2!3d31.8008346!4d-7.1513478!16s%2Fg%2F11lnn9b0z8!19sChIJYfgpU2hrpw0RtideFwkLD3w?authuser=0&hl=en&rclk=1,Eduspeaks center,Education Centre,Assahrij,+212 6 66 65 65 12,42,4.8,,,,,,,,,,
https://www.google.com/maps/place/Mproveyourenglish/data=!4m7!3m6!1s0x4b9a8ae5a1765cf5:0x4cc0c8efb0ae6444!8m2!3d31.8008346!4d-7.1513478!16s%2Fg%2F11y3zmydqs!19sChIJ9Vx2oeWKmksRRGSusO_IwEw?authuser=0&hl=en&rclk=1,Mproveyourenglish,Educational institution,Assahrij,+212 7 73 33 87 17,11,4.6,https://mproveyourenglish.com/,facebook.com/miloudlemagicienofficiel,instagram.com/mproveyourenglish.ma,x.com/share\nhttps://www.linkedin.com/shareArticle\nhttps://www.reddit.com/submit\nhttps://pinterest.com/pin/create/link/\nhttps://api.whatsapp.com/send\nhttps://t.me/share/url,linkedin.com/shareArticle\nhttps://www.reddit.com/submit\nhttps://pinterest.com/pin/create/link/\nhttps://api.whatsapp.com/send\nhttps://t.me/share/url,youtube.com/@mproveyourenglish,,api.whatsapp.com/send\nhttps://t.me/share/url,"info@yourdomain.com, mproveyourenglish@gmail.com", 
"https://www.google.com/maps/place/Hexagone:+Centre+De+Langues,+Formation+Et+%C3%89ducation/data=!4m7!3m6!1s0xda7a71dae634cff:0x18443ca2696f1cbf!8m2!3d33.780211!4d-7.1636426!16s%2Fg%2F11zbjvd1lm!19sChIJ_0xjrh2npw0RvxxvaaI8RBg?authuser=0&hl=en&rclk=1","Hexagone: Centre De Langues, Formation Et Éducation",Training centre,Bouznika,+212 6 79 53 21 97,0,0,,,,,,,,,,
https://www.google.com/maps/place/%D9%85%D8%A4%D8%B3%D8%B3%D8%A9+%D9%84%D8%AA%D8%B9%D9%84%D9%8A%D9%85+%D8%A7%D9%84%D9%84%D8%BA%D8%A7%D8%AA+%D9%88%D8%A7%D9%84%D8%AF%D8%B9%D9%85+%D8%A7%D9%84%D9%85%D8%AF%D8%B1%D8%B3%D9%8A%E2%80%AD/data=!4m7!3m6!1s0xd9d93db136b1d81:0x69733c75c72ab17b!8m2!3d34.2259564!4d-3.3472687!16s%2Fg%2F11g87b_xgz!19sChIJgR1rE9uTnQ0Re7Eqx3U8c2k?authuser=0&hl=en&rclk=1,مؤسسة لتعليم اللغات والدعم المدرسي,Educational institution,Guercif,+212 5 35 20 17 38,1,1,,,,,,,,,,
https://www.google.com/maps/place/New+Center+Private+Guercif+-+Ncpg/data=!4m7!3m6!1s0xd9d93ce47b3aec3:0xec86f749da9848f7!8m2!3d34.2234186!4d-3.3464371!16s%2Fg%2F11sdwl4q55!19sChIJw66zR86TnQ0R90iY2kn3huw?authuser=0&hl=en&rclk=1,New Center Private Guercif - Ncpg,School Centre,Guercif,+212 6 64 20 84 90,4,5,,,,,,,,,,
https://www.google.com/maps/place/%D9%85%D8%B1%D9%83%D8%B2+Pi+%D9%84%D9%84%D8%B9%D9%84%D9%88%D9%85+%D9%88+%D8%A7%D9%84%D9%84%D8%BA%D8%A7%D8%AA%E2%80%AD/data=!4m7!3m6!1s0xda713e80d7c0c93:0xdffc94e410eb6c3b!8m2!3d33.9270433!4d-6.8964056!16s%2Fg%2F11px2jrqb7!19sChIJkwx8DegTpw0RO2zrEOSU_N8?authuser=0&hl=en&rclk=1,مركز Pi للعلوم و اللغات,Education Centre,Temara,+212 6 15 37 93 32,1,5,,,,,,,,,,
https://www.google.com/maps/place/Institute+Quebec+Oriental+Teaching+Of+Languages+And+Tutoring/data=!4m7!3m6!1s0xd9d63a796fef741:0x861c401bbd9a5704!8m2!3d34.4017691!4d-2.893605!16s%2Fg%2F11vdlwqy4l!19sChIJQff-lqdjnQ0RBFeavRtAHIY?authuser=0&hl=en&rclk=1,Institute Quebec Oriental Teaching Of Languages And Tutoring,General education school,Taourirt,+212 6 33 29 79 64,0,0,,,,,,,,,,
https://www.google.com/maps/place/Institute+Qu%C3%A9bec+Orientale/data=!4m7!3m6!1s0xd9d63388e4bd2e7:0x36dc45cd59d7a5a0!8m2!3d34.3989136!4d-2.8992302!16s%2Fg%2F11g_ts_rb3!19sChIJ59JLjjhjnQ0RoKXXWc1F3DY?authuser=0&hl=en&rclk=1,Institute Québec Orientale,Educational institution,Taourirt,+212 6 33 89 75 91,4,4,,,,,,,,,,
https://www.google.com/maps/place/TESLA+Center+For+Languages+And+Academic+Support/data=!4m7!3m6!1s0xd9d63000564e209:0x9cc9b940e58134ee!8m2!3d34.4043326!4d-2.8921586!16s%2Fg%2F11vs5m5p86!19sChIJCeJkBQBjnQ0R7jSB5UC5yZw?authuser=0&hl=en&rclk=1,TESLA Center For Languages And Academic Support,Education Centre,Taourirt,+212 7 08 12 89 17,2,5,,,,,,,,,,
https://www.google.com/maps/place/%D9%85%D8%B1%D9%83%D8%B2+%D8%A7%D9%84%D9%85%D8%B1%D9%8A%D9%86%D9%8A%D9%8A%D9%86+%D9%84%D9%84%D8%BA%D8%A7%D8%AA+%D9%88%D8%A7%D9%84%D8%AF%D8%B9%D9%85+%D8%A7%D9%84%D9%85%D8%AF%D8%B1%D8%B3%D9%8A+%D9%88%D8%A7%D9%84%D8%AA%D9%87%D9%8A%D9%8A%D8%A1+%D8%A7%D9%84%D9%86%D9%81%D8%B3%D9%8A+%D9%88%D8%A7%D9%84%D9%83%D9%88%D8%AA%D8%B4%D9%8A%D9%86%D8%BA%E2%80%AD/data=!4m7!3m6!1s0xd9d6306f7083a8b:0xef69cc0b1592dc1b!8m2!3d34.4132149!4d-2.9059609!16s%2Fg%2F11s8gdrrjs!19sChIJizoI9wZjnQ0RG9ySFQvMae8?authuser=0&hl=en&rclk=1,مركز المرينيين للغات والدعم المدرسي والتهييء النفسي والكوتشينغ,Education Centre,Taourirt,+212 6 54 61 09 93,3,4.7,,,,,,,,,,
https://www.google.com/maps/place/Center+Linguistic+Zerhouni/data=!4m7!3m6!1s0xd9f9b0015e535bf:0xa58b70178741eec5!8m2!3d33.8238686!4d-4.8222521!16s%2Fg%2F11vzycjlrq!19sChIJvzXlFQCbnw0Rxe5Bhxdwi6U?authuser=0&hl=en&rclk=1,Center Linguistic Zerhouni,Primary school,Sefrou,+212 6 99 18 04 51,0,0,,,,,,,,,,
"https://www.google.com/maps/place/%C3%89loquence+:+Language+Center+%26+Communication/@33.004842,-7.6199085,17z/data=!3m1!4b1!4m6!3m5!1s0xda605bff5caef23:0x81b99dbb8bc5ec7c!8m2!3d33.004842!4d-7.6199085!16s%2Fg%2F11mw736n7s?hl=en&entry=ttu&g_ep=EgoyMDI2MDgxMi4wIKXMDSoASAFQAw%3D%3D",Éloquence : Language Center & Communication,Training centre,Settat,+212 5 23 71 69 53,10,4.2,,,,,,,,,,
https://www.google.com/maps/place/%D8%AA%D8%B9%D9%84%D9%85+%D8%A7%D9%84%D9%84%D8%BA%D8%A7%D8%AA+centre5x5%E2%80%AD/data=!4m7!3m6!1s0xd0b5d5f95ca304f:0xc4dfa25787e13861!8m2!3d35.6806403!4d-5.3233406!16s%2Fg%2F11h126_v7y!19sChIJTzDKlV9dCw0RYTjhh1ei38Q?authuser=0&hl=en&rclk=1,تعلم اللغات centre5x5,Distance Learning Centre,M'Diq,+212 6 65 37 80 02,8,4.5,,,,,,,,,,
https://www.google.com/maps/place/Centre+Cali+Language+And+Computer/data=!4m7!3m6!1s0xd0b5d8518be483d:0x8a93c1c6cb067477!8m2!3d35.6861509!4d-5.3258411!16s%2Fg%2F11rdyybtq0!19sChIJPUi-GIVdCw0Rd3QGy8bBk4o?authuser=0&hl=en&rclk=1,Centre Cali Language And Computer,School of Computing,M'Diq,+212 6 46 34 33 11,1,5,,,,,,,,,,
https://www.google.com/maps/place/Centre5x5+Officiel/data=!4m7!3m6!1s0xd0b5d40a9eea8e1:0x5045f61f070741ba!8m2!3d35.6801505!4d-5.3258673!16s%2Fg%2F11shp1h8dv!19sChIJ4ajuqUBdCw0RukEHBx_2RVA?authuser=0&hl=en&rclk=1,Centre5x5 Officiel,Education Centre,M'Diq,+212 8 08 66 05 14,14,4.3,,,,,,,,,,
https://www.google.com/maps/place/CENTRE+GALAXY+%D9%85%D8%B1%D9%83%D8%B2+%D8%AF%D8%B1%D9%88%D8%B3+%D8%A7%D9%84%D8%AF%D8%B9%D9%85+%D9%88%D8%A7%D9%84%D9%84%D8%BA%D8%A7%D8%AA%E2%80%AD/data=!4m7!3m6!1s0xda22b0044407c43:0xbb57ccde27bd6fb2!8m2!3d32.9380599!4d-5.6526191!16s%2Fg%2F11vwl8jm67!19sChIJQ3xARAArog0Rsm-9J97MV7s?authuser=0&hl=en&rclk=1,CENTRE GALAXY مركز دروس الدعم واللغات,Learning Centre,Khenifra,+212 6 60 60 17 89,23,4.7,,,,,,,,,,
https://www.google.com/maps/place/Teaching+English/data=!4m7!3m6!1s0xda22b44c2d582cf:0x8bce23c4262e7a99!8m2!3d32.9442341!4d-5.677144!16s%2Fg%2F11h74_r30d!19sChIJz4LVwkQrog0RmXouJsQjzos?authuser=0&hl=en&rclk=1,Teaching English,Education Centre,Khenifra,+212 6 24 50 00 03,0,0,,,,,,,,,,
https://www.google.com/maps/place/Institute+Chomsky+%D9%85%D8%B9%D9%87%D8%AF+%D8%AA%D8%B4%D9%88%D9%85%D8%B3%D9%83%D9%8A%E2%80%AD/data=!4m7!3m6!1s0xda22b000af5f80f:0x4d0faaaa6da85e59!8m2!3d32.9384119!4d-5.6596823!16s%2Fg%2F11w8vpxc4c!19sChIJD_j1CgArog0RWV6obaqqD00?authuser=0&hl=en&rclk=1,Institute Chomsky معهد تشومسكي,Education Centre,Khenifra,+212 7 08 00 60 53,1,4,,,,,,,,,,
https://www.google.com/maps/place/Centre+L%27excellence+Midelt+During+Support+And+Language/data=!4m7!3m6!1s0xd98bfda82842de9:0xa27e68bbe77524fb!8m2!3d32.6908547!4d-4.7399464!16s%2Fg%2F11hds621_h!19sChIJ6S2Egtq_mA0R-yR157tofqI?authuser=0&hl=en&rclk=1,Centre L'excellence Midelt During Support And Language,Educational institution,Midelt,+212 6 64 54 11 19,7,5,,,,,,,,,,
https://www.google.com/maps/place/%D9%85%D8%B1%D9%83%D8%B2+Alpha-Maths+%D9%84%D9%84%D8%B9%D9%84%D9%88%D9%85+%D9%88%D9%84%D9%84%D8%BA%D8%A7%D8%AA+%EF%B8%8F%E2%80%AD/data=!4m7!3m6!1s0xd98bf23a0bcb4ab:0x38a9e4f7bb43464b!8m2!3d32.6885619!4d-4.738486!16s%2Fg%2F11s8550rbq!19sChIJq7S8oCO_mA0RS0ZDu_fkqTg?authuser=0&hl=en&rclk=1,مركز Alpha-Maths للعلوم وللغات ️,Education Centre,Midelt,+212 6 00 59 13 50,1,5,,,,,,,,,,
https://www.google.com/maps/place/%D9%85%D8%B1%D9%83%D8%B2+%D8%A7%D9%84%D8%AF%D8%B9%D9%85+%D8%A7%D9%84%D9%85%D8%AF%D8%B1%D8%B3%D9%8A+%D9%88+%D8%A7%D9%84%D9%84%D8%BA%D8%A7%D8%AA+%D9%88+%D8%A7%D9%84%D8%AA%D9%83%D9%88%D9%8A%D9%86+%D9%85%D9%8A%D8%AF%D9%84%D8%AA%E2%80%AD/data=!4m7!3m6!1s0xda2099d3365e32b:0xc8c2f071945d274c!8m2!3d32.6923983!4d-4.7371293!16s%2Fg%2F11vjx2f5c2!19sChIJK-NlM50Jog0RTCddlHHwwsg?authuser=0&hl=en&rclk=1,مركز الدعم المدرسي و اللغات و التكوين ميدلت,Private college,Midelt,+212 7 07 07 07 07,1,1,,,,,,,,,,
https://www.google.com/maps/place/Deutschplus%F0%9F%87%A9%F0%9F%87%AA/data=!4m7!3m6!1s0xda045e089c13c9b:0x32181a307ee259b7!8m2!3d33.8960841!4d-5.5437201!16s%2Fg%2F11x65xh0h2!19sChIJmzzBieBFoA0Rt1nifjAaGDI?authuser=0&hl=en&rclk=1,Deutschplus🇩🇪,Training centre,Meknes,+212 6 56 56 53 55,6,5,https://deutschplusma.com/,facebook.com/deutschplusma,instagram.com/deutschplusma,twitter.com/deutschplusma,"linkedin.com/&quot;]}]]],&quot;mobile&quot;:[0,{&quot;top&quot;:[0,0],&quot;left&quot;:[0,0],&quot;width&quot;:[0,0],&quot;height&quot;:[0,0]}],&quot;desktop&quot;:[0,{&quot;top&quot;:[0,0],&quot;left&quot;:[0,0],&quot;width&quot;:[0,0],&quot;height&quot;:[0,0]}],&quot;settings&quot;:[0,{&quot;styles&quot;:[0,{&quot;align&quot;:[0,&quot;&quot;],&quot;justify&quot;:[0,&quot;center&quot;],&quot;icon-size&quot;:[0,&quot;20px&quot;],&quot;icon-color&quot;:[0,&quot;rgb(0","youtube.com/embed/-C2wv_AVazY?h=null&amp;playlist=-C2wv_AVazY&amp;autoplay=1&amp;controls=1&amp;loop=0&amp;autopause=0&amp;playsinline=1&amp;mute=0&quot;],&quot;webp&quot;:[0,&quot;https://i.ytimg.com/vi_webp/-C2wv_AVazY/hqdefault.webp&quot;],&quot;styles&quot;:[0,{&quot;align&quot;:[0,&quot;center&quot;],&quot;justify&quot;:[0,&quot;center&quot;],&quot;m-element-margin&quot;:[0,&quot;0",tiktok.com/deutschplus,,info@deutschplus.com,
https://www.google.com/maps/place/Deutschhaus/data=!4m7!3m6!1s0xda05b7000602a8b:0x603612d42b8c04c2!8m2!3d33.8608869!4d-5.5779259!16s%2Fg%2F11j1hmhzjn!19sChIJiypgAHBboA0RwgSMK9QSNmA?authuser=0&hl=en&rclk=1,Deutschhaus,Learning Centre,Meknes,+212 6 48 45 50 62,20,4.6,,,,,,,,,,
https://www.google.com/maps/place/Center+German+Languages+Meknes/data=!4m7!3m6!1s0xda044dfbecc8b17:0x9fcdd7bae978f511!8m2!3d33.896924!4d-5.5422628!16s%2Fg%2F11dfkmfb7y!19sChIJF4vMvt9EoA0REfV46brXzZ8?authuser=0&hl=en&rclk=1,Center German Languages Meknes,Educational institution,Meknes,+212 5 35 52 11 58,2,5,,,,,,,,,,
https://www.google.com/maps/place/%D8%AA%D8%B9%D9%84%D9%8A%D9%85+%D8%A7%D9%84%D9%84%D8%BA%D8%A9+%D8%AA%D9%86%D8%BA%D9%8A%D8%B1%E2%80%AD/data=!4m7!3m6!1s0xda2cdb344353b55:0xa2af00d7795c64cc!8m2!3d31.5203788!4d-5.5302176!16s%2Fg%2F11s7z7wwp0!19sChIJVTs1RLPNog0RzGRcedcAr6I?authuser=0&hl=en&rclk=1,تعليم اللغة تنغير,Education Centre,Tinghir,+212 6 37 67 92 38,0,0,,,,,,,,,,
https://www.google.com/maps/place/Learn+English+Online/data=!4m7!3m6!1s0xdaf29f1d7f6a7fb:0x213ab718ae4d7d03!8m2!3d41.1987133!4d2.5068824!16s%2Fg%2F11j1g48jmw!19sChIJ-6f21_Eprw0RA31Nrhi3OiE?authuser=0&hl=en&rclk=1,Learn English Online,Education,,+212 6 66 84 45 22,1,5,,,,,,,,,,
https://www.google.com/maps/place/Center+Goethe+%26+Schiller/data=!4m7!3m6!1s0xd9f8bd077298141:0x7febcdf352dc8043!8m2!3d34.0402936!4d-4.9968163!16s%2Fg%2F11sy716n3w!19sChIJQYEpd9CLnw0RQ4DcUvPN638?authuser=0&hl=en&rclk=1,Center Goethe & Schiller,Educational testing service,Fez,+212 7 77 77 28 41,0,0,,,,,,,,,,
https://www.google.com/maps/place/Easy+Deutsch+Ait+Melloul/data=!4m7!3m6!1s0xdb3c70036ab3613:0x257c423972f7e5f0!8m2!3d30.344384!4d-9.4997386!16s%2Fg%2F11y3sb76p4!19sChIJEzarNgDHsw0R8OX3cjlCfCU?authuser=0&hl=en&rclk=1,Easy Deutsch Ait Melloul,Learning Centre,Aït Melloul,+212 6 68 09 28 11,42,4.9,,,,,,,,,,
"https://www.google.com/maps/place/La+Relance+Centre+D'allemand/@33.24983,-8.5047767,17z/data=!3m1!4b1!4m6!3m5!1s0xda91d1945ec4539:0xcccc576e8eca1e51!8m2!3d33.24983!4d-8.5047767!16s%2Fg%2F11fk0ps4ml?hl=en&entry=ttu&g_ep=EgoyMDI2MDgxMi4wIKXMDSoASAFQAw%3D%3D",La Relance Centre D'allemand,School Centre,El Jadida,+212 5 23 39 25 71,40,4.4,https://larelance.ma/,facebook.com/p/LA-RELANCE-100054260541252,instagram.com/relancejdida,,,youtube.com/@larelancejdida,,,relancejdida@gmail.com,
https://www.google.com/maps/place/Almanya+Sprachinstitut/data=!4m7!3m6!1s0xda045007ff1fd41:0xf86541d055bc174f!8m2!3d33.9005988!4d-5.5527126!16s%2Fg%2F11vppf1t91!19sChIJQf3xfwBFoA0RTxe8VdBBZfg?authuser=0&hl=en&rclk=1,Almanya Sprachinstitut,Nursing college,Meknes,+212 7 21 72 35 71,72,5,,,,,,,,,,
https://www.google.com/maps/place/French+Institute+Du+Maroc/data=!4m7!3m6!1s0xda76c78a512f08f:0x5c3a4a6058e1db5e!8m2!3d34.0143182!4d-6.8355577!16s%2Fg%2F1yp37j01m!19sChIJj_ASpXhspw0RXtvhWGBKOlw?authuser=0&hl=en&rclk=1,French Institute Du Maroc,Teachers college,Rabat,+212 5 37 68 96 50,18,4,https://if-maroc.org/,facebook.com/InstitutFrancaisDuMaroc,instagram.com/ifmaroc,,linkedin.com/company/institut-fran%C3%A7ais-du-maroc,youtube.com/channel/UCUzueLif51XYwU_JMaPYIbg,,wa.me/212662466264,,
https://www.google.com/maps/place/Cambidge+Meknes+centre/data=!4m7!3m6!1s0xda045005052cc9f:0x707367ec1fe425ac!8m2!3d33.8913643!4d-5.4993826!16s%2Fg%2F11lcm10bn1!19sChIJn8xSUABFoA0RrCXkH-xnc3A?authuser=0&hl=en&rclk=1,Cambidge Meknes centre,Education Centre,Meknes,+212 6 65 47 55 73,5,5,,,,,,,,,,
https://www.google.com/maps/place/OLC+Our+Language+Center+-%D9%85%D8%B1%D9%83%D8%B2+%D8%A7%D9%84%D9%84%D8%BA%D8%A7%D8%AA+%D9%88%D8%A7%D9%84%D8%AF%D8%B9%D9%85%E2%80%AD/data=!4m7!3m6!1s0xdafe92b2314ecaf:0xe67e5e8a40dc9c4!8m2!3d31.6189778!4d-8.058936!16s%2Fg%2F11fmz9nm0s!19sChIJr-wUIyvprw0RxMkNpOjlZw4?authuser=0&hl=en&rclk=1,OLC Our Language Center -مركز اللغات والدعم,Education Centre,Marrakesh,+212 6 73 19 72 96,5,5,,,,,,,,,,
https://www.google.com/maps/place/%D9%85%D8%B1%D9%83%D8%B2+%D8%AC%D9%88%D9%87%D8%B1%D8%A9+%D8%A7%D9%84%D8%B9%D8%B1%D9%81%D8%A7%D9%86+%D9%84%D9%84%D8%BA%D8%A7%D8%AA+%D9%88+%D8%A7%D9%84%D8%AF%D8%B9%D9%85+%D8%A7%D9%84%D9%85%D8%AF%D8%B1%D8%B3%D9%8A%E2%80%AD/data=!4m7!3m6!1s0xdafe51564413f29:0x9230992482128d9c!8m2!3d31.5529621!4d-7.9788017!16s%2Fg%2F11rxvs2dcx!19sChIJKT9BZBXlrw0RnI0SgiSZMJI?authuser=0&hl=en&rclk=1,مركز جوهرة العرفان للغات و الدعم المدرسي,Education Centre,Tassoultante,+212 5 24 37 63 79,11,4.6,,,,,,,,,,
https://www.google.com/maps/place/CENTRE+AMERICAIN+US/data=!4m7!3m6!1s0xdafef9ab2279afb:0x24cba9a0c3250e7f!8m2!3d31.6355647!4d-8.0147174!16s%2Fg%2F11hxb4kvxl!19sChIJ-5onsprvrw0Rfw4lw6CpyyQ?authuser=0&hl=en&rclk=1,CENTRE AMERICAIN US,Education Centre,Marrakesh,+212 6 77 61 48 53,3,3.7,,,,,,,,,,
https://www.google.com/maps/place/Accelerated+English+Learning/data=!4m7!3m6!1s0xdafef259a0f13d1:0x973556422766bf7c!8m2!3d31.6336545!4d-8.008899!16s%2Fg%2F11hq58dj5r!19sChIJ0RMPmiXvrw0RfL9mJ0JWNZc?authuser=0&hl=en&rclk=1,Accelerated English Learning,Special education school,Marrakesh,+212 6 14 67 48 73,0,0,,,,,,,,,,
https://www.google.com/maps/place/Creative+Interactions/data=!4m7!3m6!1s0xdafee8a2f928c03:0x5c4312eb146dfb24!8m2!3d31.6298405!4d-8.0049576!16s%2Fg%2F11c615jqb8!19sChIJA4ySL4rurw0RJPttFOsSQ1w?authuser=0&hl=en&rclk=1,Creative Interactions,Education Centre,Marrakesh,+212 6 63 59 38 47,8,5,https://creative-interactions.com/,facebook.com/creativeinteractions1,instagram.com/creativeinteractions,,,,,,,
https://www.google.com/maps/place/London+Test+Centre/data=!4m7!3m6!1s0xdafef6d43aba0db:0x97f0dd744fa5f230!8m2!3d31.6372973!4d-8.0098135!16s%2Fg%2F11lmkgz29k!19sChIJ26CrQ23vrw0RMPKlT3Td8Jc?authuser=0&hl=en&rclk=1,London Test Centre,Education,Marrakesh,+212 6 62 33 26 03,25,4.5,https://www.londontestcentre.net/,,,x.com/bolt-performance?src=72&evid=,,,,wa.me/212662332603,,
https://www.google.com/maps/place/Wizaide/data=!4m7!3m6!1s0xdafef054ef89437:0xdd18abb4f6676625!8m2!3d31.6401875!4d-8.0249375!16s%2Fg%2F11tsv3z78h!19sChIJN5T4TgXvrw0RJWZn9rSrGN0?authuser=0&hl=en&rclk=1,Wizaide,Training centre,Marrakesh,+212 7 74 64 95 49,14,5,https://wizaide.com/,facebook.com/wizaide,instagram.com/wizaide,,linkedin.com/company/wizaide,youtube.com/channel/UCZ49q8S6ds2T9-I5eZa5_jw,tiktok.com/@wizaide,wa.me/212774649549?text=Bonjour%20Centre%20WizAide%2C%20je%20souhaite%20avoir%20plus%20d,"contact@wizaide.com, vous@exemple.com", 
https://www.google.com/maps/place/Center+Chanaoui+Des+Langues/data=!4m7!3m6!1s0xdafefcb4d89d4cd:0xae4c293b03d7e3c8!8m2!3d31.6076776!4d-7.9711939!16s%2Fg%2F11nfx1786d!19sChIJzdSJTcvvrw0RyOPXAzspTK4?authuser=0&hl=en&rclk=1,Center Chanaoui Des Langues,Education Centre,Marrakesh,+212 6 96 13 00 13,4,4,https://ccl.ma/,facebook.com/CentreCompetencesLeadership,instagram.com/cclmaroc,,linkedin.com/company/ccl-centre-de-comp%C3%A9tences-et-leadership,,,wa.me/212665069630?text=Bonjour%2C%20je%20souhaite%20obtenir%20plus%20d,contact@ccl.ma,
https://www.google.com/maps/place/Centre+TALBI+Langues/data=!4m7!3m6!1s0xdafe951ebb9e6a9:0xcc84d114d6a18624!8m2!3d31.6301739!4d-8.0544272!16s%2Fg%2F11cnltq2xn!19sChIJqea561Hprw0RJIah1hTRhMw?authuser=0&hl=en&rclk=1,Centre TALBI Langues,Educational institution,Marrakesh,+212 5 24 34 94 72,47,4.5,,,,,,,,,,
https://www.google.com/maps/place/Course+Particular+Of+French+And+Communication/data=!4m7!3m6!1s0xdafee98778594b1:0xd2c8563a2d07a931!8m2!3d31.6399253!4d-8.0249323!16s%2Fg%2F11c37zvlpv!19sChIJsZSFd5jurw0RMakHLTpWyNI?authuser=0&hl=en&rclk=1,Course Particular Of French And Communication,Educational institution,Marrakesh,+212 6 01 15 55 11,1,3,,,,,,,,,, 
https://www.google.com/maps/place/Center+Le+C%C3%A9nacle/data=!4m7!3m6!1s0xdafefaba40f09cb:0x96f5b19c2d1ea58f!8m2!3d31.6387546!4d-8.0102583!16s%2Fg%2F11rhqzjr55!19sChIJywkPpKvvrw0Rj6UeLZyx9ZY?authuser=0&hl=en&rclk=1,Center Le Cénacle,School Centre,Marrakesh,+212 6 69 51 08 79,61,4.9,https://tcf-cenacle.com/,facebook.com/progressionstudios,,twitter.com/progression_s,,,,,"contact@tcf-cenacle.com, email@aol.com", 
https://www.google.com/maps/place/Ccfp+Marrakech/data=!4m7!3m6!1s0xdafef9f32dd3067:0x91acd95ad6f205b9!8m2!3d31.6372308!4d-8.0017907!16s%2Fg%2F11j0cv5085!19sChIJZzDdMp_vrw0RuQXy1lrZrJE?authuser=0&hl=en&rclk=1,Ccfp Marrakech,Learning Centre,Marrakesh,+212 6 07 40 30 30,222,4.5,https://centreccfp.com/,facebook.com/share/19QPkcMibZ/?mibextid=wwXIfr,instagram.com/ccfp.formation?igsh=bHN4NjJ5eDdmcWJj,,,,tiktok.com/@ccfp.marrakech?_t=ZM-8yyjr5odc1e&_r=1,,contact@centreccfp.com,
https://www.google.com/maps/place/Facult%C3%A9+de+langue+arabe+Marrakech/data=!4m7!3m6!1s0xdafee7e3adb8d77:0x2816dc5e383a4dce!8m2!3d31.6471278!4d-8.0021463!16s%2Fg%2F11csqw6rh_!19sChIJd43bOn7urw0Rzk06OF7cFig?authuser=0&hl=en&rclk=1,Faculté de langue arabe Marrakech,University,Marrakesh,+212 5 24 30 21 96,55,4.5,https://www.uca.ma/flam/fr,facebook.com/UCAInfos,instagram.com/universite_cadi_ayyad,x.com/@U_Cadi_Ayyad,linkedin.com/company/universit%C3%A9cadiayyad,youtube.com/@ucaevents,,,"contact.flam@uca.ma, presidence@uca.ac.ma", 
https://www.google.com/maps/place/Centre+Madhour/data=!4m7!3m6!1s0xdafed08257608d1:0xfe69cba1608a9f8f!8m2!3d31.6826895!4d-8.0267205!16s%2Fg%2F11jzd9hcrc!19sChIJ0Qh2JQjtrw0Rj5-KYKHLaf4?authuser=0&hl=en&rclk=1,Centre Madhour,Adult education centre,Marrakesh,+212 6 94 98 30 29,6,5,,,,,,,,,,
https://www.google.com/maps/place/French+Institute+of+Casablanca/data=!4m7!3m6!1s0xda7d296017ffc7b:0x437b7cf117646450!8m2!3d33.583661!4d-7.626562!16s%2Fg%2F1tfb7xvf!19sChIJe_x_AZbSpw0RUGRkF_F8e0M?authuser=0&hl=en&rclk=1,French Institute of Casablanca,Cultural centre,Casablanca,+212 5 22 77 98 70,333,3.9,https://if-maroc.org/casablanca/,facebook.com/institutfrancaisdecasablanca,instagram.com/ifcasablanca,,linkedin.com/in/institutfrancaisdecasablanca,youtube.com/channel/UCPox4N_EqyQwA-N8R2FXowA,,wa.me/212662466264,,
https://www.google.com/maps/place/German+Institut+%28GIFC%29+-+%D8%A7%D9%84%D9%85%D8%B9%D9%87%D8%AF+%D8%A7%D9%84%D8%A7%D9%84%D9%85%D8%A7%D9%86%D9%8A+GIFC%E2%80%AD/data=!4m7!3m6!1s0xdafef4521db384b:0x501575c205285084!8m2!3d31.635726!4d-8.0138705!16s%2Fg%2F11tdgn_zsv!19sChIJSzjbIUXvrw0RhFAoBcJ1FVA?authuser=0&hl=en&rclk=1,German Institut (GIFC) - المعهد الالماني GIFC,Learning Centre,Marrakesh,+212 6 14 14 64 50,21,4.4,,,,,,,,,,
https://www.google.com/maps/place/Alliance+Fran%C3%A7aise+de+Safi/data=!4m7!3m6!1s0xdac20d4902a713f:0x50b98ced595bb4a!8m2!3d32.291753!4d-9.22953!16s%2Fg%2F11c0rbdp4x!19sChIJP3EqkNQgrA0RSruV1c6YCwU?authuser=0&hl=en&rclk=1,Alliance Française de Safi,Cultural association,Safi,+212 6 66 19 33 05,29,3.9,https://if-maroc.org/safi/,facebook.com/AFMSafi,instagram.com/afsafimaroc,,linkedin.com/company/institut-fran%C3%A7ais-du-maroc,youtube.com/user/ifMaroc,,wa.me/212662466264,,
https://www.google.com/maps/place/HBA+CENTER/data=!4m7!3m6!1s0xda7d35d579b833f:0x71c2ea8b46ff9e1!8m2!3d33.5869314!4d-7.6313653!16s%2Fg%2F11qgk810n6!19sChIJP4ObV13Tpw0R4flvtKguHAc?authuser=0&hl=en&rclk=1,HBA CENTER,Education Centre,Casablanca,+212 6 43 84 68 34,23,4.7,,,,,,,,,,
"https://www.google.com/maps/place/Pr%C3%A9paration+TCF+Marrakech/@31.6403756,-8.0433377,12z/data=!3m1!4b1!4m6!3m5!1s0x614eca89e2a62a71:0xaae7e406c5c6fb7f!8m2!3d31.6403756!4d-8.0433377!16s%2Fg%2F11jsf6q5tj?hl=en&entry=ttu&g_ep=EgoyMDI2MDgxMi4wIKXMDSoASAFQAw%3D%3D",Préparation TCF Marrakech,Training centre,Marrakesh,+212 7 08 12 36 46,2,5,,,,,,,,,,
"https://www.google.com/maps/place/Tef+Maroc-Tunisie/@31.673067,-8.0246241,17z/data=!3m1!4b1!4m6!3m5!1s0xdafed005218b00b:0x81d62224d54d33c6!8m2!3d31.673067!4d-8.0246241!16s%2Fg%2F11yv3026wt?hl=en&entry=ttu&g_ep=EgoyMDI2MDgxMi4wIKXMDSoASAFQAw%3D%3D",Tef Maroc-Tunisie,Training centre,Marrakesh,+212 5 24 43 28 07,0,0,https://tef-maroc-tunisie.com/,,,,linkedin.com/company/tef-maroc/about,youtube.com/watch?v=MLpWrANjFbI&ab_channel=eidelchteinadvogados,,wa.me/+21206661050216,"contact@tef-maroc-tunisie.net, t.e.fmaroc@gmail.com", 
https://www.google.com/maps/place/%D9%85%D8%B9%D9%87%D8%AF+%D9%84%D8%B7%D9%81%D9%8A+%D9%84%D9%84%D8%BA%D8%A9+%D8%A7%D9%84%D8%A3%D9%84%D9%85%D8%A7%D9%86%D9%8A%D8%A9%E2%80%AD/data=!4m7!3m6!1s0xda09b000b321da3:0xaa0b670e474c1671!8m2!3d34.2600981!4d-5.9239081!16s%2Fg%2F11vs36frq4!19sChIJox0yCwCboA0RcRZMRw5nC6o?authuser=0&hl=en&rclk=1,معهد لطفي للغة الألمانية,Test preparation center,Sidi Slimane,+212 6 67 40 85 13,24,5,,,,,,,,,,
https://www.google.com/maps/place/Centre+de+Langues+et+de+Formations+%7C+Oriental+Campus+Langues/data=!4m7!3m6!1s0xd78657facee1bc9:0xe7998bda9e4c0ce6!8m2!3d34.6767631!4d-1.9106486!16s%2Fg%2F11h_tlkqy8!19sChIJyRvurH9leA0R5gxMntqLmec?authuser=0&hl=en&rclk=1,Centre de Langues et de Formations | Oriental Campus Langues,Training centre,Oujda,+212 6 38 32 83 02,39,4.9,,,,,,,,,,
https://www.google.com/maps/place/Centre+De+Formation+En+Langues+Et+Communication_oujda/data=!4m7!3m6!1s0xd787d2f4fad187b:0xf3284ec42aa18268!8m2!3d34.6571359!4d-1.8972622!16s%2Fg%2F11b8zs175k!19sChIJexitTy99eA0RaIKhKsROKPM?authuser=0&hl=en&rclk=1,Centre De Formation En Langues Et Communication_oujda,Learning Centre,Oujda,+212 7 00 25 00 20,68,4.7,https://www.it-training.ma/,,,,,,,,contact@it-training.ma,
https://www.google.com/maps/place/The+English+Institute/data=!4m7!3m6!1s0xda7d29dcb4d95f1:0x7de928eb13cee147!8m2!3d33.5911825!4d-7.6140494!16s%2Fg%2F11ckr666_g!19sChIJ8ZVNy53Spw0RR-HOE-so6X0?authuser=0&hl=en&rclk=1,The English Institute,Educational institution,Casablanca,+212 5 22 22 30 30,128,4.8,,,,,,,,,,
https://www.google.com/maps/place/Goethe+Zentrum+F%C3%A9s+Center+Language+German/data=!4m7!3m6!1s0xd9f8b006d13a3eb:0xde8c89d28d063105!8m2!3d34.0317209!4d-4.9959396!16s%2Fg%2F11z65dzk_y!19sChIJ66MTbQCLnw0RBTEGjdKJjN4?authuser=0&hl=en&rclk=1,Goethe Zentrum Fés Center Language German,Training centre,Fez,+212 6 93 95 10 07,15,5,,,,,,,,,,
https://www.google.com/maps/place/LIGHT+ACADEMY+Centre+de+langues+et+de+soutien+scolaire+%D9%85%D8%B1%D9%83%D8%B2+%D8%A7%D9%84%D9%84%D8%BA%D8%A7%D8%AA+%D9%88%D8%A7%D9%84%D8%AF%D8%B9%D9%85+%D8%A7%D9%84%D9%85%D8%AF%D8%B1%D8%B3%D9%8A%E2%80%AD/data=!4m7!3m6!1s0xd9f8b6cb4ebd369:0x2b6690f9bebbdbc!8m2!3d34.0370533!4d-4.9982621!16s%2Fg%2F11wmqgnfwh!19sChIJadPrtGyLnw0RvL3rmw9ptgI?authuser=0&hl=en&rclk=1,LIGHT ACADEMY Centre de langues et de soutien scolaire مركز اللغات والدعم المدرسي,Education Centre,Fez,+212 6 39 28 65 23,11,4.3,,,,,,,,,,
https://www.google.com/maps/place/Institut+Olympus+De+Formation+Professionnelle+Et+Des+Langues/data=!4m7!3m6!1s0xd9f8b38851cfaaf:0x83d821b3f53d4dc1!8m2!3d34.0380269!4d-4.999879!16s%2Fg%2F11p0vy_p8l!19sChIJr_ochTiLnw0RwU099bMh2IM?authuser=0&hl=en&rclk=1,Institut Olympus De Formation Professionnelle Et Des Langues,Education Centre,Fez,+212 7 08 05 12 86,3,5,,,,,,,,,,
https://www.google.com/maps/place/Learning+German+in+the+city+of+Fez/data=!4m7!3m6!1s0xd9f8b3f1deff52d:0x4f8f3f533ade5b1c!8m2!3d34.0182131!4d-5.0078942!16s%2Fg%2F11b62pjw28!19sChIJLfXvHT-Lnw0RHFveOlM_j08?authuser=0&hl=en&rclk=1,Learning German in the city of Fez,Educational consultant,Fez,+212 6 99 33 14 81,0,0,,,,,,,,,,
https://www.google.com/maps/place/Casa+de+Cordoba/data=!4m7!3m6!1s0xd9f8b2f8bb4f6cd:0xa6ab91ba30bd36f7!8m2!3d34.0404132!4d-5.0095107!16s%2Fg%2F1hd_rlyl4!19sChIJzfa0iy-Lnw0R9za9MLqRq6Y?authuser=0&hl=en&rclk=1,Casa de Cordoba,Test preparation center,Fez,+212 5 35 62 00 92,14,4.4,https://casadecordoba.ma/,facebook.com/selectividad1,instagram.com/casade_cordoba,,,,,,contact@casadecordoba.ma,
https://www.google.com/maps/place/PPLC+American+Language+and+Culture+Classes+Club/data=!4m7!3m6!1s0xd9f8b00e0350f8d:0x8cb8c4fcd599eda8!8m2!3d34.0107701!4d-4.9777167!16s%2Fg%2F11fsk0znjh!19sChIJjQ814ACLnw0RqO2Z1fzEuIw?authuser=0&hl=en&rclk=1,PPLC American Language and Culture Classes Club,Education Centre,Fez,+212 6 57 88 63 63,6,5,,,,,,,,,,
https://www.google.com/maps/place/Language+Center+%26+Translation+Fes/data=!4m7!3m6!1s0xd9f8b071198b355:0xd1378bd1a8f84bd4!8m2!3d34.0329569!4d-4.996979!16s%2Fg%2F11tdkgsw5m!19sChIJVbOYEQeLnw0R1Ev4qNGLN9E?authuser=0&hl=en&rclk=1,Language Center & Translation Fes,Driving school,Fez,+212 6 57 27 30 01,1,5,,,,,,,,,,
https://www.google.com/maps/place/SMART+CENTER/data=!4m7!3m6!1s0xda63df6eaadc9b9:0x1febbc1cf5e1442d!8m2!3d33.2550806!4d-7.5743468!16s%2Fg%2F11v6kcrk2p!19sChIJucmt6vY9pg0RLUTh9Ry86x8?authuser=0&hl=en&rclk=1,SMART CENTER,Training centre,Berrechid,+212 6 67 70 32 70,52,5,https://smartcenter.ma/,facebook.com/HiSmartCenter,instagram.com/embed.js,,,,,api.whatsapp.com/send?phone=212667703270,contact@smartcenter.ma,
https://www.google.com/maps/place/Tanmia+Center+%D9%85%D8%B1%D9%83%D8%B2+%D8%AA%D9%86%D9%85%D9%8A%D8%A9%E2%80%AD/data=!4m7!3m6!1s0xda63d69f1d1951d:0xec54662172807da2!8m2!3d33.2629082!4d-7.5717973!16s%2Fg%2F11tjydqc78!19sChIJHZXR8Wk9pg0Ron2AciFmVOw?authuser=0&hl=en&rclk=1,Tanmia Center مركز تنمية,Training centre,Berrechid,+212 6 33 33 20 30,1,5,,,,,,,,,,
https://www.google.com/maps/place/The+Highest/data=!4m7!3m6!1s0xda63dd6ca7d23bf:0x72725c88a83926c8!8m2!3d33.2628359!4d-7.5802945!16s%2Fg%2F11t1h3pgwt!19sChIJvyN9ytY9pg0RyCY5qIhccnI?authuser=0&hl=en&rclk=1,The Highest,Education Centre,Berrechid,+212 5 22 03 33 04,2,5,,,,,,,,,,
https://www.google.com/maps/place/Center+KHC+International/data=!4m7!3m6!1s0xda63da21e503bf7:0x37ff257891028109!8m2!3d33.2644689!4d-7.5851429!16s%2Fg%2F11p5_xny5h!19sChIJ9ztQHqI9pg0RCYECkXgl_zc?authuser=0&hl=en&rclk=1,Center KHC International,Education Centre,Berrechid,+212 5 21 65 74 45,5,4.2,,,,,,,,,,
https://www.google.com/maps/place/Centre+Montreal+Language+International/data=!4m7!3m6!1s0x62639fd74bbda5d3:0x88110ec36b432408!8m2!3d33.2519129!4d-7.6784882!16s%2Fg%2F11k9qcw_z3!19sChIJ06W9S9efY2IRCCRDa8MOEYg?authuser=0&hl=en&rclk=1,Centre Montreal Language International,Training centre,Sidi El Mekki,+212 6 15 19 06 79,0,0,,,,,,,,,,
https://www.google.com/maps/place/Nizar%27s+Language+School+Taza/data=!4m7!3m6!1s0xd9e17d1f1258175:0xfc081ecd744b16f3!8m2!3d34.2217713!4d-4.0077359!16s%2Fg%2F11p0143vv0!19sChIJdYEl8dEXng0R8xZLdM0eCPw?authuser=0&hl=en&rclk=1,Nizar's Language School Taza,Preparatory school,Taza,+212 6 08 08 04 05,0,0,,,,,,,,,,
https://www.google.com/maps/place/Centre+de+Langues+Les+IRIS/data=!4m7!3m6!1s0xd9e117032641643:0xd6579adf23241ae9!8m2!3d34.2343656!4d-3.9826868!16s%2Fg%2F11y98r_wgy!19sChIJQxZkMnARng0R6RokI9-aV9Y?authuser=0&hl=en&rclk=1,Centre de Langues Les IRIS,Education Centre,Taza,+212 6 28 33 69 66,0,0,,,,,,,,,,
"https://www.google.com/maps/place/Alg%C3%A8bre,+Centre+Langues+Et+Communication/data=!4m7!3m6!1s0xd9e1770061e4831:0xfe265254c8ae1f7e!8m2!3d34.219831!4d-4.0066336!16s%2Fg%2F11h3m800d0!19sChIJMUgeBnAXng0Rfh-uyFRSJv4?authuser=0&hl=en&rclk=1","Algèbre, Centre Langues Et Communication",Learning Centre,Taza,+212 6 62 18 06 21,1,1,,,,,,,,,,
https://www.google.com/maps/place/Centre+de+langues+alnajah+larache/data=!4m7!3m6!1s0xd0bcf18b36eaef9:0xec518c91bf19adae!8m2!3d35.1958034!4d-6.1530367!16s%2Fg%2F11l5r1gmq3!19sChIJ-a5usxjPCw0Rrq0Zv5GMUew?authuser=0&hl=en&rclk=1,Centre de langues alnajah larache,Education Centre,Larache العرائش,+212 6 07 84 99 74,25,5,,,,,,,,,,
https://www.google.com/maps/place/Chamsi+language+centre+%D9%85%D8%B1%D9%83%D8%B2+%D8%B4%D9%85%D8%B3%D9%8A%E2%80%AD/data=!4m7!3m6!1s0xd0bcf2e4b0c12c3:0xeedb52a587dbf231!8m2!3d35.1909645!4d-6.1542697!16s%2Fg%2F11trl2lv0j!19sChIJwxIMSy7PCw0RMfLbh6VS2-4?authuser=0&hl=en&rclk=1,Chamsi language centre مركز شمسي,Education Centre,Larache العرائش,+212 6 97 05 66 79,2,4,,,,,,,,,,
https://www.google.com/maps/place/La+Couleur+des+Langues/data=!4m7!3m6!1s0xd0bc9a1354e0eaf:0x1b0e2178551ab42f!8m2!3d35.1670146!4d-6.1408656!16s%2Fg%2F11hdw8yq9z!19sChIJrw5ONaHJCw0RL7QaVXghDhs?authuser=0&hl=en&rclk=1,La Couleur des Langues,Learning Centre,Larache العرائش,+212 5 39 52 15 80,1,2,,,,,,,,,,
https://www.google.com/maps/place/Sigma+Pro+Academy+:+Cours+De+Langues+%26+Informatiques/data=!4m7!3m6!1s0xd0bc97c44f8e25f:0x16d4453f7721cd0!8m2!3d35.1926382!4d-6.1524292!16s%2Fg%2F11np3jll6f!19sChIJX-L4RHzJCw0R0Bxy91NEbQE?authuser=0&hl=en&rclk=1,Sigma Pro Academy : Cours De Langues & Informatiques,Education Centre,Larache العرائش,+212 6 13 65 60 13,0,0,,,,,,,,,,
https://www.google.com/maps/place/MTLC+%D9%85%D8%B1%D9%83%D8%B2+%D8%AA%D8%B9%D9%84%D9%85+%D8%A7%D9%84%D9%84%D8%BA%D8%A7%D8%AA+%D8%A7%D9%84%D8%A7%D8%AC%D9%86%D8%A8%D9%8A%D8%A9+MARK+TWAIN+LANGUAGE+CENTER%E2%80%AD/data=!4m7!3m6!1s0xdb47b9cfa602d3b:0x1d838622503efcc1!8m2!3d29.6933308!4d-9.732219!16s%2Fg%2F11rrqdyqdy!19sChIJOy1g-px7tA0Rwfw-UCKGgx0?authuser=0&hl=en&rclk=1,MTLC مركز تعلم اللغات الاجنبية MARK TWAIN LANGUAGE CENTER,Education Centre,Tiznit,+212 6 63 73 85 02,1,1,https://bmcicagadir82.wixsite.com/my-site-1?fbclid=IwAR36_mFzSytZgo20ZANu2-98UEAWh_lmXg5PJV1QAaVFdnfi7b22y69L_fY,facebook.com/MTLCcenter,instagram.com/accounts/edit,x.com/favicon.ico,,,,wa.me/message/S4UCWBYPHK6BF1,mtlccenter@gmail.com,
https://www.google.com/maps/place/Home+French+Private/data=!4m7!3m6!1s0xdb47b8700d64a59:0x79b236b470071021!8m2!3d29.6939221!4d-9.7401825!16s%2Fg%2F11h3sqgpvm!19sChIJWUrWAId7tA0RIRAHcLQ2snk?authuser=0&hl=en&rclk=1,Home French Private,Tutor,Tiznit,+212 6 73 82 08 09,1,5,,,,,,,,,,
https://www.google.com/maps/place/French+Institute+of+Agadir/data=!4m7!3m6!1s0xdb3b6f3b472a43f:0x3fb66faee2382e25!8m2!3d30.4233213!4d-9.5983422!16s%2Fg%2F11rxn5qmk!19sChIJP6RytPO2sw0RJS444q5vtj8?authuser=0&hl=en&rclk=1,French Institute of Agadir,Cultural centre,Agadir,+212 5 28 84 13 13,625,4.3,https://if-maroc.org/agadir/,facebook.com/institutfrancaisagadir,instagram.com/if_agadir,,linkedin.com/company/institut-fran%C3%A7ais-du-maroc,youtube.com/user/ifMaroc,,wa.me/212662466264,,
https://www.google.com/maps/place/%D8%A7%D9%84%D9%85%D8%B9%D9%87%D8%AF+%D8%A7%D9%84%D9%81%D8%B1%D9%86%D8%B3%D9%8A+%D8%A7%D9%84%D8%AD%D8%B3%D9%8A%D9%85%D8%A9%E2%80%AD/data=!4m7!3m6!1s0xd7431e94fefaa91:0xb9e30f20628e654f!8m2!3d35.2472679!4d-3.9377061!16s%2Fg%2F11gv0vlq60!19sChIJkarvT-kxdA0RT2WOYiAP47k?authuser=0&hl=en&rclk=1,المعهد الفرنسي الحسيمة,Cultural centre,Al Hoceïma,+212 5 37 54 53 00,4,3.8,https://if-maroc.org/,facebook.com/InstitutFrancaisDuMaroc,instagram.com/ifmaroc,,linkedin.com/company/institut-fran%C3%A7ais-du-maroc,youtube.com/channel/UCUzueLif51XYwU_JMaPYIbg,,wa.me/212662466264,,
https://www.google.com/maps/place/My+Languages+Space/data=!4m7!3m6!1s0xd0b27d1f364371b:0x927d507a89e37d14!8m2!3d35.1687696!4d-5.2684274!16s%2Fg%2F11lwqc_xn8!19sChIJGzdk89EnCw0RFH3jiXpQfZI?authuser=0&hl=en&rclk=1,My Languages Space,Educational institution,Chefchaouen,+212 6 56 58 16 41,0,0,,,,,,,,,,
https://www.google.com/maps/place/ISMSP+Centre+de+Formation+en+Langue+Allemande/data=!4m7!3m6!1s0xdb17380a5ab9ef3:0xaec34fed35151eeb!8m2!3d30.4772994!4d-8.8635781!16s%2Fg%2F11nq94g_6x!19sChIJ856rpYBzsQ0R6x4VNe1Pw64?authuser=0&hl=en&rclk=1,ISMSP Centre de Formation en Langue Allemande,Visitor centre,Taroudant,+212 6 62 41 50 62,0,0,,,,,,,,,,
https://www.google.com/maps/place/%D9%85%D8%B1%D9%83%D8%B2+%D8%A7%D9%84%D9%84%D8%BA%D8%A7%D8%AA+:+%D8%A7%D9%84%D8%A8%D9%8A%D8%B6%D8%A7%D9%88%D9%8A+%D9%84%D9%84%D9%85%D8%B9%D8%B1%D9%81%D8%A9+%D9%88%D8%A7%D9%84%D8%B9%D9%84%D9%85%E2%80%AD/data=!4m7!3m6!1s0xd984b1e3a18ebbd:0xc90c4c80e721cba!8m2!3d31.9353695!4d-4.4502272!16s%2Fg%2F11fd4nh5tq!19sChIJvesYOh5LmA0RuhxyDsjEkAw?authuser=0&hl=en&rclk=1,مركز اللغات : البيضاوي للمعرفة والعلم,Educational institution,Errachidia,+212 6 59 17 75 34,12,4.7,https://bmacoop.weebly.com/,facebook.com/Gtcomklub/?ref=bookmarks,,,,,,,,
https://www.google.com/maps/place/%C3%89cole+Multi-Langues/data=!4m7!3m6!1s0xd984a86b24e264b:0xf5599c87b6153cf3!8m2!3d31.9216048!4d-4.4344492!16s%2Fg%2F11ckvwyv8x!19sChIJSyZOsoZKmA0R8zwVtoecWfU?authuser=0&hl=en&rclk=1,École Multi-Langues,Learning Centre,Errachidia,+212 6 64 47 88 62,8,4.8,,,,,,,,,,
https://www.google.com/maps/place/Centre+Studyrama/data=!4m7!3m6!1s0xd984b7d216fcfe5:0xb7aa2ce4ac7e9c81!8m2!3d31.932548!4d-4.445688!16s%2Fg%2F11hlp69_yx!19sChIJ5c9vIX1LmA0RgZx-rOQsqrc?authuser=0&hl=en&rclk=1,Centre Studyrama,Training centre,Errachidia,+212 6 66 64 80 44,4,5,,,,,,,,,,
"https://www.google.com/maps/place/Work+Academy+Private+:+Formation,+Support+And+Support+School+And+Learning+Des+Langues./data=!4m7!3m6!1s0xd984b69ff295e19:0xdbb128a90879c69!8m2!3d31.9346411!4d-4.4515486!16s%2Fg%2F11h52f3zds!19sChIJGV4p_2lLmA0RaZyHkIoSuw0?authuser=0&hl=en&rclk=1","Work Academy Private : Formation, Support And Support School And Learning Des Langues.",Learning Centre,Errachidia,+212 6 69 99 49 00,3,3.7,,,,,,,,,,
https://www.google.com/maps/place/Institute+Camille+Claudel+:+Training+Center+French+Stays+Linguistiques/data=!4m7!3m6!1s0xd7823ea960f523b:0x51236fd9aade653d!8m2!3d34.9279134!4d-2.3305422!16s%2Fg%2F11h2bctlmk!19sChIJO1IPluojeA0RPWXeqtlvI1E?authuser=0&hl=en&rclk=1,Institute Camille Claudel : Training Center French Stays Linguistiques,Independent school,Berkane,+212 5 36 61 19 47,0,0,,,,,,,,,,
https://www.google.com/maps/place/Elitehaus+Akademie/data=!4m7!3m6!1s0xdb3b7dc1c8f828b:0x3c6d32e9657c0fb9!8m2!3d30.3966108!4d-9.545946!16s%2Fg%2F11t_rp26bf!19sChIJi4KPHNy3sw0RuQ98ZekybTw?authuser=0&hl=en&rclk=1,Elitehaus Akademie,College,Agadir,+212 6 57 45 51 00,233,4.9,https://elitehaus-akademie.com/fr,facebook.com/Elitehaus.akademie,instagram.com/elitehaus.akademie,,,youtube.com/@elitehausakademie,tiktok.com/@elitehaus.akademie,wa.me/212657455100\,"contact@elitehaus-akademie.com, elitehaus.akademie@gmail.com, u003eelitehaus.akademie@gmail.com", 
https://www.google.com/maps/place/American+Language+Center+of+Agadir+-+Inzegane+Annex/data=!4m7!3m6!1s0xdb3b74d81ebf927:0x7bf1deb089b1082f!8m2!3d30.3742132!4d-9.557503!16s%2Fg%2F11v0f6gqjk!19sChIJJ_nrgU23sw0RLwixibDe8Xs?authuser=0&hl=en&rclk=1,American Language Center of Agadir - Inzegane Annex,Education Centre,Inezgane,+212 5 28 83 49 33,24,4.3,https://alcagadir.org/,facebook.com/Alcagadir/?locale=fr_FR&_rdc=1&_rdr#,instagram.com/alcagadirofficial/?hl=fr,,,,,,"contactalcagadir@acamorocco.org, creativity-in-action-with-twiza-candidate-@elgourra.fadila", 
https://www.google.com/maps/place/American+Language+Center+Agadir/data=!4m7!3m6!1s0xdb3b68c7e3c134b:0xd1e412977b1d407c!8m2!3d30.4304146!4d-9.5951438!16s%2Fg%2F11byl9bgl7!19sChIJSxM8foy2sw0RfEAde5cS5NE?authuser=0&hl=en&rclk=1,American Language Center Agadir,Education Centre,Agadir,+212 5 28 82 15 89,164,4.1,https://alcagadir.org/,facebook.com/Alcagadir/?locale=fr_FR&_rdc=1&_rdr#,instagram.com/alcagadirofficial/?hl=fr,,,,,,"contactalcagadir@acamorocco.org, creativity-in-action-with-twiza-candidate-@elgourra.fadila", 
https://www.google.com/maps/place/Adlis+Language+Center/data=!4m7!3m6!1s0xdb3b9c31f4a0fd1:0xad10212ec1b5e2a2!8m2!3d30.3523204!4d-9.5513875!16s%2Fg%2F11fx3n_y23!19sChIJ0Q9KH8O5sw0RouK1wS4hEK0?authuser=0&hl=en&rclk=1,Adlis Language Center,Learning Centre,Inezgane,+212 7 00 12 23 45,0,0,,,,,,,,,,
https://www.google.com/maps/place/Global+Communication+Center/data=!4m7!3m6!1s0xdb3b7ba40efcd7d:0x89bc6205334bba1e!8m2!3d30.4034212!4d-9.5507059!16s%2Fg%2F11t51fnn_x!19sChIJfc3vQLq3sw0RHrpLMwVivIk?authuser=0&hl=en&rclk=1,Global Communication Center,Education Centre,Agadir,+212 8 08 62 08 44,74,4.6,,,,,,,,,,
https://www.google.com/maps/place/Training+Center+And+Support+And+Languages+Diraya/data=!4m7!3m6!1s0xdb3b9d735953c43:0x9cfa7cd852d290c4!8m2!3d30.3486487!4d-9.5576278!16s%2Fg%2F11rvgsybth!19sChIJQzyVNde5sw0RxJDSUth8-pw?authuser=0&hl=en&rclk=1,Training Center And Support And Languages Diraya,Training centre,Inezgane,+212 6 12 15 07 86,3,5,,,,,,,,,,
https://www.google.com/maps/place/Group+ILEIC/data=!4m7!3m6!1s0xdb3c7cc7cf79ccb:0xa80cd1f3ac0a1b83!8m2!3d30.348883!4d-9.5035016!16s%2Fg%2F12jsfnrr6!19sChIJy5z3fMzHsw0RgxsKrPPRDKg?authuser=0&hl=en&rclk=1,Group ILEIC,Learning Centre,Aït Melloul,+212 5 28 24 41 09,22,3.7,https://www.ileic.com/,facebook.com/Ileic,,,,,,,contact@ileic.com,
https://www.google.com/maps/place/Speaking+Agadir/data=!4m7!3m6!1s0xdb3b735eda403f5:0x4b8f56c93665a0dd!8m2!3d30.3909235!4d-9.5693074!16s%2Fg%2F11ghrhrz2r!19sChIJ9QOk7TW3sw0R3aBlNslWj0s?authuser=0&hl=en&rclk=1,Speaking Agadir,Pre-school,Agadir,+212 5 28 29 11 44,4,4.5,,,,,,,,,,
https://www.google.com/maps/place/HALICENTER+FORMATION+ET+SOUTIEN/data=!4m7!3m6!1s0xdb3b7e73c3978c5:0xf6bd8f01df1c76bd!8m2!3d30.4017233!4d-9.5470987!16s%2Fg%2F11xzy1vwdg!19sChIJxXg5POe3sw0RvXYc3wGPvfY?authuser=0&hl=en&rclk=1,HALICENTER FORMATION ET SOUTIEN,School Centre,Agadir,+212 7 23 50 97 71,5,5,,,,,,,,,,
https://www.google.com/maps/place/Easy+Deutsch+Agadir/data=!4m7!3m6!1s0xdb3b77140cd13cb:0x9a1b6f4626574817!8m2!3d30.4032026!4d-9.545957!16s%2Fg%2F11mdy5l05h!19sChIJyxPNQHG3sw0RF0hXJkZvG5o?authuser=0&hl=en&rclk=1,Easy Deutsch Agadir,Training centre,Agadir,+212 6 67 19 45 52,24,5,,,,,,,,,,
https://www.google.com/maps/place/Lenguas/data=!4m7!3m6!1s0xdb3c7b5151b78b5:0x35fde2b637af81f6!8m2!3d30.3411931!4d-9.5020692!16s%2Fg%2F11b5wnh66f!19sChIJtXgbFbXHsw0R9oGvN7bi_TU?authuser=0&hl=en&rclk=1,Lenguas,Training centre,Aït Melloul,+212 5 28 24 29 43,2,2.5,,,,,,,,,,
https://www.google.com/maps/place/Centre+LaBase/data=!4m7!3m6!1s0xdb3b73f85d4a143:0x9a4e055ec1eca5e6!8m2!3d30.3748245!4d-9.5575034!16s%2Fg%2F11hn2q2h83!19sChIJQ6HUhT-3sw0R5qXswV4FTpo?authuser=0&hl=en&rclk=1,Centre LaBase,Learning Centre,Agadir,+212 6 33 54 61 03,2,5,,,,,,,,,,
https://www.google.com/maps/place/ILEIC-Agadir/data=!4m7!3m6!1s0xdb3b6f84f75c8fd:0x161f2dbce964eb46!8m2!3d30.4134662!4d-9.5915811!16s%2Fg%2F1ptymsfs3!19sChIJ_ch1T_i2sw0RRutk6bwtHxY?authuser=0&hl=en&rclk=1,ILEIC-Agadir,Preparatory school,Agadir,+212 5 28 84 01 28,0,0,,,,,,,,,,
https://www.google.com/maps/place/Center+Al+Firdaouss/data=!4m7!3m6!1s0xdb3b80635f20347:0x8d5196d111bad809!8m2!3d30.3523513!4d-9.548188!16s%2Fg%2F1q5bnx97z!19sChIJRwPyNQa4sw0RCdi6EdGWUY0?authuser=0&hl=en&rclk=1,Center Al Firdaouss,Training centre,Inezgane,+212 5 28 83 77 56,11,4.7,,,,,,,,,,
https://www.google.com/maps/place/Business+English+Communication/data=!4m7!3m6!1s0xdb3b7d3119febc9:0xd4a7bdd07978a455!8m2!3d30.4028886!4d-9.5866998!16s%2Fg%2F11xr_qr1bm!19sChIJyeufEdO3sw0RVaR4edC9p9Q?authuser=0&hl=en&rclk=1,Business English Communication,Adult education centre,Agadir,+212 6 45 74 80 57,0,0,https://businessenglishcommunication.ma/,facebook.com/profile.php?id=61561854482271,instagram.com/business_englishcom,twitter.com/web@heberdomaine.com,,,,wa.me/212645748057,"contact@businessenglishcommunication.ma, kmaloum@businessenglishcommunication.ma, web@heberdomaine.com", 
https://www.google.com/maps/place/Geranium+Training+Private/data=!4m7!3m6!1s0xdb3c9a5f467ba11:0x526b483a1a9e6008!8m2!3d30.3740609!4d-9.5157874!16s%2Fg%2F11tg3m69wz!19sChIJEbpn9KXJsw0RCGCeGjpIa1I?authuser=0&hl=en&rclk=1,Geranium Training Private,Adult education centre,Agadir,+212 6 68 29 88 66,1,5,,,,,,,,,,
https://www.google.com/maps/place/Centre+Asma+Tutoring+And+Languages/data=!4m7!3m6!1s0xdb3c72155835b87:0xa01420984bfd8b1d!8m2!3d30.344939!4d-9.5045613!16s%2Fg%2F11y1hnptdy!19sChIJh1uDVSHHsw0RHYv9S5ggFKA?authuser=0&hl=en&rclk=1,Centre Asma Tutoring And Languages,Adult education centre,Aït Melloul,+212 6 91 85 05 54,0,0,,,,,,,,,,
https://www.google.com/maps/place/Centre+Belfast/data=!4m7!3m6!1s0xa0a0ce9cd7fc88ff:0x975ae758c0c54e7e!8m2!3d31.8008346!4d-7.1513478!16s%2Fg%2F11wjq7h9wb!19sChIJ_4j815zOoKARfk7FwFjnWpc?authuser=0&hl=en&rclk=1,Centre Belfast,Education Centre,Assahrij,+212 7 08 62 61 09,0,0,,,,,,,,,,
https://www.google.com/maps/place/Ileic-Inezgane/data=!4m7!3m6!1s0xdb3c864fdc08703:0xa42c0ab8cb6c264c!8m2!3d30.3587129!4d-9.5278909!16s%2Fg%2F1ptz94bnf!19sChIJA4fA_WTIsw0RTCZsy7gKLKQ?authuser=0&hl=en&rclk=1,Ileic-Inezgane,Vocational school,Inezgane,+212 5 28 83 67 63,6,4.5,https://www.ileic.com/,facebook.com/Ileic,,,,,,,contact@ileic.com,
https://www.google.com/maps/place/LIAL/data=!4m7!3m6!1s0xdb3b62ad84664a1:0x6af4df260d18e65b!8m2!3d30.4086737!4d-9.5477119!16s%2Fg%2F113jh1v43!19sChIJoWRG2Cq2sw0RW-YYDSbf9Go?authuser=0&hl=en&rclk=1,LIAL,Instruction,Agadir,+212 5 28 23 81 98,42,4.3,,,,,,,,,,
https://www.google.com/maps/place/Institute+Munich/data=!4m7!3m6!1s0xdb3b62b1f37bfd9:0x7f760cc5a87c1f8b!8m2!3d30.4099227!4d-9.5477371!16s%2Fg%2F11b6n_l5d4!19sChIJ2b83Hyu2sw0Rix98qMUMdn8?authuser=0&hl=en&rclk=1,Institute Munich,Adult education centre,Agadir,+212 5 28 21 58 55,39,3.7,,,,,,,,,,
https://www.google.com/maps/place/The+British+Language+Centre+Agadir/data=!4m7!3m6!1s0xdb3c93aef5d092b:0x626edcbebc78cc2d!8m2!3d30.4174429!4d-9.5334837!16s%2Fg%2F11lttclbjh!19sChIJKwld7zrJsw0RLcx4vL7cbmI?authuser=0&hl=en&rclk=1,The British Language Centre Agadir,Education Centre,Agadir,+212 5 28 29 00 07,9,5,https://theblc.ma/,facebook.com/Britishlanguagecentretangier,instagram.com/blc_morocco/#,,linkedin.com/company/the-british-language-centre-tangier,youtube.com/@TheBLCagadir,tiktok.com/@blc_agadir,,contact@theblc.ma,
https://www.google.com/maps/place/Labib+Academie+Prive+Agadir/data=!4m7!3m6!1s0xdb3b7c2365b3717:0x278edcd385cf31ee!8m2!3d30.4312142!4d-9.5530443!16s%2Fg%2F11vd3qb1fc!19sChIJFzdbNsK3sw0R7jHPhdPcjic?authuser=0&hl=en&rclk=1,Labib Academie Prive Agadir,Education Centre,Agadir,+212 7 06 05 99 52,27,5,,,,,,,,,,
https://www.google.com/maps/place/Centre+Culturel+De+Langues+Vivantes+LODE/data=!4m7!3m6!1s0xdb3b7bbc041b015:0x16e5431e676095cd!8m2!3d30.4223348!4d-9.5863937!16s%2Fg%2F11vfb4j5_r!19sChIJFbBBwLu3sw0RzZVgZx5D5RY?authuser=0&hl=en&rclk=1,Centre Culturel De Langues Vivantes LODE,Educational institution,Agadir,+212 6 81 78 27 85,3,5,,,,,,,,,,
https://www.google.com/maps/place/Tweadup+Center+-+Training+Center+And+Language/data=!4m7!3m6!1s0xdb3b759f12aba83:0xfd67780b932a4eb4!8m2!3d30.4105642!4d-9.5557983!16s%2Fg%2F11t4bd2dvq!19sChIJg7oq8Vm3sw0RtE4qkwt4Z_0?authuser=0&hl=en&rclk=1,Tweadup Center - Training Center And Language,Training centre,Agadir,+212 6 68 56 36 85,49,4.9,https://tweadupcenter.com/,facebook.com/tweadupcenter,,twitter.com/tweadupcenter,,youtube.com/watch?v=LQvK5oR--oc&width=1280&height=1900,,,contact@tweadupcenter.com,
https://www.google.com/maps/place/%D9%85%D8%B1%D9%83%D8%B2+%D8%B4%D9%83%D8%B3%D8%A8%D9%8A%D8%B1+%D9%84%D9%84%D8%BA%D8%A7%D8%AA+Scolac%E2%80%AD/data=!4m7!3m6!1s0xdb3b62c53dba089:0x3f949570ff28cb82!8m2!3d30.4108037!4d-9.5532136!16s%2Fg%2F11gf8gr4l0!19sChIJiaDbUyy2sw0Rgsso_3CVlD8?authuser=0&hl=en&rclk=1,مركز شكسبير للغات Scolac,Studying Centre,Agadir,+212 7 01 30 13 21,10,4.1,,,,,,,,,,
https://www.google.com/maps/place/Labib+Academie+centre+hay+mohammadi+2/data=!4m7!3m6!1s0xdb3b7983b7e455f:0x199a3bc5a9457a72!8m2!3d30.4424856!4d-9.5568356!16s%2Fg%2F11yjt53mhd!19sChIJX0V-O5i3sw0RcnpFqcU7mhk?authuser=0&hl=en&rclk=1,Labib Academie centre hay mohammadi 2,Education Centre,Agadir,+212 6 88 88 07 70,23,5,,,,,,,,,,
https://www.google.com/maps/place/%D9%85%D8%B1%D9%83%D8%B2+%D8%A7%D9%84%D8%AA%D9%85%D9%8A%D8%B2+%D9%84%D9%84%D8%AF%D8%B9%D9%85+%D8%A7%D9%84%D9%85%D8%AF%D8%B1%D8%B3%D9%8A+%D9%88+%D8%A7%D9%84%D9%84%D8%BA%D8%A7%D8%AA%E2%80%AD/data=!4m7!3m6!1s0xdb3c970822f3ca3:0xca0bb282367aeaa0!8m2!3d30.3656905!4d-9.5336847!16s%2Fg%2F11t3h9g_lc!19sChIJozwvgnDJsw0RoOp6NoKyC8o?authuser=0&hl=en&rclk=1,مركز التميز للدعم المدرسي و اللغات,Education Centre,Dcheira El Jihadia,+212 7 09 18 67 18,1,5,,,,,,,,,,
https://www.google.com/maps/place/French+Institute/data=!4m7!3m6!1s0xd7864a36260026f:0x4caaaa77e8bbbc3f!8m2!3d34.6573936!4d-1.8988839!16s%2Fg%2F1q5btvd4p!19sChIJbwJgYqNkeA0RP7y76Heqqkw?authuser=0&hl=en&rclk=1,French Institute,Cultural centre,Oujda,+212 5 36 68 44 04,83,4.1,https://if-maroc.org/oujda/,facebook.com/ifoujda,instagram.com/ifoujda,,linkedin.com/company/3475490,youtube.com/user/ifMaroc,,wa.me/212662466264,,
https://www.google.com/maps/place/Ias.ma+-+Centre+Formation+Continue+En+Anglais/data=!4m7!3m6!1s0xdb3b7e5f5107a3d:0xd9fc1844cbce2f88!8m2!3d30.4004755!4d-9.5773463!16s%2Fg%2F11gvy0tydp!19sChIJPXoQ9eW3sw0RiC_Oy0QY_Nk?authuser=0&hl=en&rclk=1,Ias.ma - Centre Formation Continue En Anglais,Training centre,Agadir,+212 5 28 23 23 18,2,5,,,,,,,,,,
https://www.google.com/maps/place/Center+Maydan+Al+Maarif+Training+Private+Et+De+Langues/data=!4m7!3m6!1s0xdb3b73a1cb501a9:0xc07ddf5192102456!8m2!3d30.4165149!4d-9.5531044!16s%2Fg%2F11tf_p6tb9!19sChIJqQG1HDq3sw0RViQQklHffcA?authuser=0&hl=en&rclk=1,Center Maydan Al Maarif Training Private Et De Langues,Learning Centre,Agadir,+212 6 50 80 03 00,3,5,,,,,,,,,,
https://www.google.com/maps/place/Eta+-+English+%26+Travel+Agency/data=!4m7!3m6!1s0xda75909bf7be37d:0x9b05ba5de50b9922!8m2!3d34.2648203!4d-6.6247067!16s%2Fg%2F11y9pp54_9!19sChIJfeN7vwlZpw0RIpkL5V26BZs?authuser=0&hl=en&rclk=1,Eta - English & Travel Agency,Educational consultant,Kenitra,+212 6 99 88 95 99,80,5,https://www.englishandtravelagency.com/,facebook.com/etamorocco,instagram.com/etamorocco,,linkedin.com/in/sayedkacim,,,,contact@englishandtravelagency.com, 
https://www.google.com/maps/place/%D9%85%D8%B1%D9%83%D8%B2+%D8%A7%D8%A8%D9%86+%D8%A7%D9%84%D9%87%D9%8A%D8%AB%D9%85+%D9%84%D8%AF%D8%B1%D9%88%D8%B3+%D8%A7%D9%84%D8%AF%D8%B9%D9%85+%D9%88+%D8%A7%D9%84%D9%84%D8%BA%D8%A7%D8%AA%E2%80%AD/data=!4m7!3m6!1s0xdb3c8a4b705aa2f:0x8548cf072939024b!8m2!3d30.3802518!4d-9.5033194!16s%2Fg%2F11c1ndhtpp!19sChIJL6oFt6TIsw0RSwI5KQfPSIU?authuser=0&hl=en&rclk=1,مركز ابن الهيثم لدروس الدعم و اللغات,Learning Centre,Agadir,+212 6 29 39 71 69,2,4,,,,,,,,,,
https://www.google.com/maps/place/Academy+French+Tepapo/data=!4m7!3m6!1s0xdb3c7f2bf44d873:0xa1639b81ec3d2564!8m2!3d30.33311!4d-9.5036985!16s%2Fg%2F11fnp7sxcb!19sChIJc9hEv_LHsw0RZCU97IGbY6E?authuser=0&hl=en&rclk=1,Academy French Tepapo,Adult education centre,Aït Melloul,+212 6 97 47 18 36,2,5,,,,,,,,,,
https://www.google.com/maps/place/Centre+Oxford-sud+%D9%85%D8%B1%D9%83%D8%B2+%D8%A7%D9%84%D9%84%D8%BA%D8%A7%D8%AA+%D9%88%D8%A7%D9%84%D8%AF%D8%B9%D9%85%E2%80%AD/data=!4m7!3m6!1s0xc224900637608e3:0x64715a6e98bfeed2!8m2!3d23.7034455!4d-15.9261136!16s%2Fg%2F11lcgxz_5f!19sChIJ4wh2YwBJIgwR0u6_mG5acWQ?authuser=0&hl=en&rclk=1,Centre Oxford-sud مركز اللغات والدعم,Education Centre,Dakhla,+212 7 77 42 47 41,3,5,,,,,,,,,,
https://www.google.com/maps/place/Fluento+Language+Center/data=!4m7!3m6!1s0xda6651bfa58ecdf:0x73455bfdb1429f69!8m2!3d33.0664268!4d-7.2267261!16s%2Fg%2F11msd7kt07!19sChIJ3-xY-htlpg0RaZ9Csf1bRXM?authuser=0&hl=en&rclk=1,Fluento Language Center,Education Centre,Ben Ahmed,+212 6 68 14 16 00,0,0,,,,,,,,,,
https://www.google.com/maps/place/Institut+Imai/data=!4m7!3m6!1s0xd77a7fb6edd47c7:0x35598b7195e6351c!8m2!3d35.1702214!4d-2.9318087!16s%2Fg%2F1tfvv920!19sChIJx0fdbvundw0RHDXmlXGLWTU?authuser=0&hl=en&rclk=1,Institut Imai,Research institute,Nador,+212 5 36 60 66 60,49,4,,,,,,,,,,
https://www.google.com/maps/place/Cap+Mission+Oasis/data=!4m7!3m6!1s0x14e3dba83997eeb1:0x94b5645aa2847c1b!8m2!3d33.5632796!4d-7.6282992!16s%2Fg%2F1z44blw7p!19sChIJse6XOajb4xQRG3yEolpktZQ?authuser=0&hl=en&rclk=1,Cap Mission Oasis,Tutor,Casablanca,+212 5 22 92 22 92,371,4.8,https://www.capmission.ma/cap-mission-oasis,facebook.com/CapMission,instagram.com/capmission,,linkedin.com/company/cap-mission,youtube.com/@capmission,tiktok.com/@capmission,wa.me/212662761454?text=Bonjour%20!%20J,marketing@capmission.com,
"https://www.google.com/maps/place/Centre+De+Langues+%C3%80+Casablanca+%E2%80%93+Cours+D%27allemand,+Anglais,+French+Plus+%7C+Everycom+Web/data=!4m7!3m6!1s0xda7d311084d383f:0xb685a63545ac59e1!8m2!3d33.5961576!4d-7.6158995!16s%2Fg%2F11xgt395yl!19sChIJPzhNCBHTpw0R4VmsRTWmhbY?authuser=0&hl=en&rclk=1","Centre De Langues À Casablanca – Cours D'allemand, Anglais, French Plus | Everycom Web",Training centre,Casablanca,+212 6 74 32 10 06,10,5,https://everycomweb.com/,facebook.com/Everycomweb.maroc,instagram.com/everycomweb,,,,,,contact@everycomweb.com,
https://www.google.com/maps/place/Skill+Up+Language+Center/data=!4m7!3m6!1s0xda62d7d11c7c113:0x7e9c09f39cf16fac!8m2!3d33.5279433!4d-7.615612!16s%2Fg%2F11qpjhw5wt!19sChIJE8HHEX0tpg0RrG_xnPMJnH4?authuser=0&hl=en&rclk=1,Skill Up Language Center,Learning Centre,Casablanca,+212 6 68 14 30 92,36,4.9,,,,,,,,,,
https://www.google.com/maps/place/Language+Coaching+Centre/data=!4m7!3m6!1s0xda62d7d6685f253:0xd3533b31876097f0!8m2!3d33.522394!4d-7.6456263!16s%2Fg%2F11v48p8klj!19sChIJU_KFZn0tpg0R8JdghzE7U9M?authuser=0&hl=en&rclk=1,Language Coaching Centre,Coaching center,Casablanca,+212 6 69 51 50 50,22,5,,,,,,,,,,
https://www.google.com/maps/place/Spoken+Center/data=!4m7!3m6!1s0xda62d00179dc0c7:0xbe0db64877478c64!8m2!3d33.5545574!4d-7.6906386!16s%2Fg%2F11w25ln62j!19sChIJx8CdFwAtpg0RZIxHd0i2Db4?authuser=0&hl=en&rclk=1,Spoken Center,Education Centre,Casablanca,+212 6 84 04 81 62,4,4,https://accounts.google.com/v3/signin/identifier?continue=https://sites.google.com/view/spokencenter/acceuil&followup=https://sites.google.com/view/spokencenter/acceuil&osid=1&passive=1209600&service=wise&flowName=GlifWebSignIn&flowEntry=ServiceLogin&dsh=S-417497073:1788639489052567,,,,,youtube.com/accounts/CheckConnection?pmpo\u003dhttps://accounts.google.com\u0026v\u003d802474385,,,,
https://www.google.com/maps/place/Shining+Institute+Of+Languages+And+Training/data=!4m7!3m6!1s0xda63b86e2c7f83d:0x55f31824b7856e07!8m2!3d33.3840724!4d-7.5450122!16s%2Fg%2F11rcy4nfm9!19sChIJPfjH4oY7pg0RB26FtyQY81U?authuser=0&hl=en&rclk=1,Shining Institute Of Languages And Training,Education Centre,Nouaceur,+212 6 71 11 46 86,2,5,,,,,,,,,,
https://www.google.com/maps/place/Eml+L%27%C3%A9cole+De+Langues/data=!4m7!3m6!1s0xda7d2bdff327167:0xe381911b1bf5aca4!8m2!3d33.5835833!4d-7.6276018!16s%2Fg%2F1pt_dntmc!19sChIJZ3Ey_73Spw0RpKz1GxuRgeM?authuser=0&hl=en&rclk=1,Eml L'école De Langues,Educational institution,Casablanca,+212 5 22 25 11 11,28,4.3,,,,,,,,,,
https://www.google.com/maps/place/My+All+Courses+N%C2%B0+Dans+Les+Formations/data=!4m7!3m6!1s0xda7d3459563a2d3:0x4f3bea1dfbb6714f!8m2!3d33.5651304!4d-7.6279753!16s%2Fg%2F11sy3t5b6s!19sChIJ06JjlUXTpw0RT3G2-x3qO08?authuser=0&hl=en&rclk=1,My All Courses N° Dans Les Formations,Distance Learning Centre,Casablanca,+212 6 66 63 67 73,41,4.9,https://myallcourses.com/,facebook.com/myallcourses,,,,,,,"contact@myallcourses.com, jacques@martin.com", 
https://www.google.com/maps/place/Saidi+Center+Languages+And+Tutoring/data=!4m7!3m6!1s0xda07dd6080ab1e3:0xe1a23c1edbfc209f!8m2!3d34.2282325!4d-5.7217194!16s%2Fg%2F11t16v6s1v!19sChIJ47EKCNZ9oA0RnyD82x48ouE?authuser=0&hl=en&rclk=1,Saidi Center Languages And Tutoring,School Centre,Sidi Kacem,+212 5 37 59 12 18,0,0,,,,,,,,,,
https://www.google.com/maps/place/Center+Java+-+Languages+And+Academic+Support/data=!4m7!3m6!1s0xda07d0021e4a213:0x2ec35ce8723c29cf!8m2!3d34.2221969!4d-5.710532!16s%2Fg%2F11mr_frn5j!19sChIJE6LkIQB9oA0Rzyk8cuhcwy4?authuser=0&hl=en&rclk=1,Center Java - Languages And Academic Support,Tutor,Sidi Kacem,+212 6 34 63 68 29,3,5,https://www.centrejava.com/,facebook.com/profile.php?id=100063780962900,instagram.com/java_centre,,,,,wa.me/212634636829,contact@centrejava.com,
https://www.google.com/maps/place/Slc+Language+Center/data=!4m7!3m6!1s0xda62d8162033755:0x353b08532a6ac9ba!8m2!3d33.5305189!4d-7.6239983!16s%2Fg%2F11r_wv7fwl!19sChIJVTcDYoEtpg0RuslqKlMIOzU?authuser=0&hl=en&rclk=1,Slc Language Center,School Centre,Casablanca,+212 6 95 65 29 33,1,5,,,,,,,,,,
https://www.google.com/maps/place/Language+Academy/data=!4m7!3m6!1s0xda63586989a1043:0x191d656ec68ef340!8m2!3d33.5512529!4d-7.4858123!16s%2Fg%2F11yztm7bk9!19sChIJQxCamIY1pg0RQPOOxm5lHRk?authuser=0&hl=en&rclk=1,Language Academy,Training centre,Tit Mellil,+212 7 76 09 66 31,0,0,,,,,,,,,,
https://www.google.com/maps/place/Motivalang/data=!4m7!3m6!1s0x478fea9b30363ffb:0x11a4636c22f613f7!8m2!3d31.8008346!4d-7.1513478!16s%2Fg%2F11zgnkmwfz!19sChIJ-z82MJvqj0cR9xP2ImxjpBE?authuser=0&hl=en&rclk=1,Motivalang,Training centre,Assahrij,+212 6 61 90 15 32,11,5,,,,,,,,,,
https://www.google.com/maps/place/Csl+Center+Science+And+Languages/data=!4m7!3m6!1s0xda0e984c465f78b:0xee7751d7e690462e!8m2!3d33.828686!4d-6.0671534!16s%2Fg%2F11gxjd2g_k!19sChIJi_dlxITpoA0RLkaQ5tdRd-4?authuser=0&hl=en&rclk=1,Csl Center Science And Languages,Educational institution,Khemisset,+212 5 37 55 80 06,4,3.8,,,,,,,,,,
https://www.google.com/maps/place/Center+French+Language+Private+De+Khemisset/data=!4m7!3m6!1s0xda0c2ad290535bd:0xd059d5b654a6066b!8m2!3d33.8259814!4d-6.0760692!16s%2Fg%2F11g88f543_!19sChIJvTUFKa3CoA0RawamVLbVWdA?authuser=0&hl=en&rclk=1,Center French Language Private De Khemisset,Educational institution,Khemisset,+212 5 37 55 47 01,0,0,,,,,,,,,,
https://www.google.com/maps/place/N%27omega+Academy/data=!4m7!3m6!1s0xda0c30bb1ae3b67:0xb4f37b3edfb950e4!8m2!3d33.826267!4d-6.0807169!16s%2Fg%2F11j2cjyss2!19sChIJZzuusQvDoA0R5FC53z5787Q?authuser=0&hl=en&rclk=1,N'omega Academy,Learning Centre,Khemisset,+212 8 08 54 75 48,7,5,,,,,,,,,,
https://www.google.com/maps/place/Instaknowledge+Center+For+Languages/data=!4m7!3m6!1s0xda0c3d0dc3791e3:0xf8ec5cb841e1c35b!8m2!3d33.8277066!4d-6.0674788!16s%2Fg%2F11v0yk2pn9!19sChIJ45E33NDDoA0RW8PhQbhc7Pg?authuser=0&hl=en&rclk=1,Instaknowledge Center For Languages,Educational institution,Khemisset,+212 7 15 68 36 18,0,0,,,,,,,,,,
https://www.google.com/maps/place/Cours+Des+Langues+Et+Informatique+Ait+Ourir+:+Hiba+Knowledge/data=!4m7!3m6!1s0xda551b707b80069:0x3ae66023fb3b99a9!8m2!3d31.5610325!4d-7.6737446!16s%2Fg%2F11g0s_lb7q!19sChIJaQC4B7dRpQ0RqZk7-yNg5jo?authuser=0&hl=en&rclk=1,Cours Des Langues Et Informatique Ait Ourir : Hiba Knowledge,Adult education centre,Ait Ourir,+212 7 07 05 05 50,10,4.6,,,,,,,,,,
https://www.google.com/maps/place/English+%26+Soft+Skills/data=!4m7!3m6!1s0xda62d728019887d:0x9d575e3a06ffca5f!8m2!3d33.5206052!4d-7.6366844!16s%2Fg%2F11sp54_yy1!19sChIJfYgZgHItpg0RX8r_BjpeV50?authuser=0&hl=en&rclk=1,English & Soft Skills,Education Centre,Casablanca,+212 8 08 56 86 43,3,5,https://englishandsoftskills.ma/,facebook.com/Englishsoftskillscentre,instagram.com/englishandsoftskillsmorocco/p/C2kRLxItUzG,,linkedin.com/company/english-and-soft-skills,,,,contact@englishandsoftskills.ma, 
https://www.google.com/maps/place/Prof+French+Home+Casablanca/data=!4m7!3m6!1s0xda7cded17e05619:0x93ca928ed7ad44f!8m2!3d33.5722875!4d-7.5869925!16s%2Fg%2F11s3ddrp33!19sChIJGVbgF-3Npw0RT9R67SipPAk?authuser=0&hl=en&rclk=1,Prof French Home Casablanca,Educational institution,Casablanca,+212 6 60 12 72 94,2,5,,,,,,,,,,
https://www.google.com/maps/place/Course+Of+French+Tout+Niveaux/data=!4m7!3m6!1s0xda7cbf6df38ba33:0x68bb8f0067b17cd7!8m2!3d33.5971747!4d-7.528553!16s%2Fg%2F11h8k5c52p!19sChIJM7o43_bLpw0R13yxZwCPu2g?authuser=0&hl=en&rclk=1,Course Of French Tout Niveaux,Primary school,Casablanca,+212 6 70 80 74 24,0,0,,,,,,,,,,
https://www.google.com/maps/place/English+with+Teacher+Aissam+EL+IDRSSI/data=!4m7!3m6!1s0xdb3b7867c66f919:0xd1a7e5d25af220b0!8m2!3d30.3996493!4d-9.5631755!16s%2Fg%2F11zh18bgnw!19sChIJGflmfIa3sw0RsCDyWtLlp9E?authuser=0&hl=en&rclk=1,English with Teacher Aissam EL IDRSSI,Education Centre,Agadir,+212 6 89 77 05 18,0,0,,,,,,,,,,
https://www.google.com/maps/place/Professor+Of+French/data=!4m7!3m6!1s0x9f685e02fcafccb:0xe6cea4ffa96ed487!8m2!3d31.8008346!4d-7.1513478!16s%2Fg%2F11vd8d031m!19sChIJy_zKL-CF9gkRh9Ruqf-kzuY?authuser=0&hl=en&rclk=1,Professor Of French,Distance Learning Centre,Assahrij,+212 6 25 42 51 14,0,0,,,,,,,,,,
https://www.google.com/maps/place/Association+Benha+For+learning+English/data=!4m7!3m6!1s0xdb3d752bea45cf1:0xe70addd394252e49!8m2!3d30.3917995!4d-9.2124361!16s%2Fg%2F11tcp_t0rm!19sChIJ8VykvlLXsw0RSS4llNPdCuc?authuser=0&hl=en&rclk=1,Association Benha For learning English,Education Centre,Ouled-Teima,+212 6 82 81 55 73,0,0,,,,,,,,,,
https://www.google.com/maps/place/Center+Marias+De+Langues+Et+Formations/data=!4m7!3m6!1s0xdb3c78ead97f631:0x64a39fc9e096854d!8m2!3d30.3626716!4d-9.5360369!16s%2Fg%2F11h2cdzclz!19sChIJMfaXrY7Hsw0RTYWW4Mmfo2Q?authuser=0&hl=en&rclk=1,Center Marias De Langues Et Formations,Learning Centre,Inezgane,+212 6 33 34 28 71,0,0,,,,,,,,,,
"https://www.google.com/maps/place/Academie+H%26H+pour+les+sciences,+langues+et+formation+continue/data=!4m7!3m6!1s0xdb3c997405c0297:0xeccb6f9550bcfbfb!8m2!3d30.3808083!4d-9.4724392!16s%2Fg%2F11tfncb5dc!19sChIJlwJcQJfJsw0R-_u8UJVvy-w?authuser=0&hl=en&rclk=1","Academie H&H pour les sciences, langues et formation continue",Training centre,Drargua ⴷⵔⴰⵔⴳⴰ الدراركة,+212 6 01 57 37 82,0,0,,,,,,,,,,
https://www.google.com/maps/place/Epsilang/data=!4m7!3m6!1s0xdb3b6361f70de2f:0x874f0a7895c9251f!8m2!3d30.4117678!4d-9.5630535!16s%2Fg%2F11b6hyq176!19sChIJL95wHza2sw0RHyXJlXgKT4c?authuser=0&hl=en&rclk=1,Epsilang,Educational institution,Agadir,+212 5 28 23 55 33,5,3.6,,,,,,,,,,
https://www.google.com/maps/place/Institut+Confucius/data=!4m7!3m6!1s0xda7d2b486e1d223:0x16d3b8357c76528!8m2!3d33.5640471!4d-7.628125!16s%2Fg%2F11b7hmtpd5!19sChIJI9LhhrTSpw0RKGXHV4M7bQE?authuser=0&hl=en&rclk=1,Institut Confucius,Educational institution,Casablanca,+212 6 33 47 52 23,35,3.9,,,,,,,,,,
"https://www.google.com/maps/place/Academia+Alhambra+Casablanca+Medina+:+Selectividad,+%C3%89tudier+En+Espagne+%26+Preparation+Aux+Concours+Post-Bac/data=!4m7!3m6!1s0xda7d30a63087067:0xccf03be9d9197cfe!8m2!3d33.5938088!4d-7.6180618!16s%2Fg%2F11k064976m!19sChIJZ3AIYwrTpw0R_nwZ2ek78Mw?authuser=0&hl=en&rclk=1","Academia Alhambra Casablanca Medina : Selectividad, Étudier En Espagne & Preparation Aux Concours Post-Bac",Test preparation center,Casablanca,+212 5 22 47 44 27,13,3.9,https://www.academiaalhambra.com/,facebook.com/AlhambraFormation,instagram.com/academia.alhambra,,linkedin.com/company/academiaalhambra/about,,tiktok.com/@academiaalhambra1,wa.me/212619933195,,
https://www.google.com/maps/place/Iplt/data=!4m7!3m6!1s0xda7d2cfc613463b:0x3ee491e31ab9972b!8m2!3d33.5696699!4d-7.6429418!16s%2Fg%2F11f2gsk5jm!19sChIJO0YTxs_Spw0RK5e5GuOR5D4?authuser=0&hl=en&rclk=1,Iplt,Vocational school,Casablanca,+212 5 22 99 27 33,17,3.7,,,,,,,,,,
https://www.google.com/maps/place/Selectividad+Espagnole+-+Instituto+Nebrija+de+Casablanca/data=!4m7!3m6!1s0xda7d3561711edc1:0x806830a619f72ed!8m2!3d33.5935467!4d-7.6352699!16s%2Fg%2F11lf29r12x!19sChIJwe0RF1bTpw0R7XKfYQqDBgg?authuser=0&hl=en&rclk=1,Selectividad Espagnole - Instituto Nebrija de Casablanca,Training centre,Casablanca,+212 5 20 92 68 63,40,4.6,https://www.inebrija.ma/,,instagram.com/nebrija_casablanca,,,,,wa.me/212665041965,hola@inebrija.ma,
https://www.google.com/maps/place/Igli+Deutsch/data=!4m7!3m6!1s0xda7d33f26cf4b37:0xc66cfab002289f48!8m2!3d33.595443!4d-7.6161798!16s%2Fg%2F11h_6lpnm9!19sChIJN0vPJj_Tpw0RSJ8oArD6bMY?authuser=0&hl=en&rclk=1,Igli Deutsch,Educational institution,Casablanca,+212 6 40 00 36 16,5,5,,,,,,,,,,
"https://www.google.com/maps/place/Academia+Alhambra+Leones+Casablanca+:+Selectividad,+%C3%89tudier+En+Espagne+%26+Preparation+Aux+Concours+Post-Bac/data=!4m7!3m6!1s0xda7d3ab76ca5903:0xdaf0d2f4d3e859fa!8m2!3d33.5925857!4d-7.6377235!16s%2Fg%2F11ksnqql0b!19sChIJA1nKdqvTpw0R-lno0_TS8No?authuser=0&hl=en&rclk=1","Academia Alhambra Leones Casablanca : Selectividad, Étudier En Espagne & Preparation Aux Concours Post-Bac",Graduate University,Casablanca,+212 6 19 93 31 95,2,5,https://www.academiaalhambra.com/,facebook.com/AlhambraFormation,instagram.com/academia.alhambra,,linkedin.com/company/academiaalhambra/about,,tiktok.com/@academiaalhambra1,wa.me/212619933195,,
https://www.google.com/maps/place/Calliope+Tower/data=!4m7!3m6!1s0xda7d300250ed4c7:0xff92ebfdb530c85b!8m2!3d33.5721041!4d-7.6251943!16s%2Fg%2F11vylz3ysl!19sChIJx9QOJQDTpw0RW8gwtf3rkv8?authuser=0&hl=en&rclk=1,Calliope Tower,Business Centre,Casablanca,+212 5 22 99 54 54,7,4.9,https://www.calliope.ma/en_GB,,instagram.com/calliope.langues/p/DV6YCuADNGs,,,,,,,
https://www.google.com/maps/place/Synergy+Training+Center/data=!4m7!3m6!1s0xda7d3375a4c4147:0x8662965cca653428!8m2!3d33.5824606!4d-7.6178908!16s%2Fg%2F11fd4r3hf1!19sChIJR0FMWjfTpw0RKDRlylyWYoY?authuser=0&hl=en&rclk=1,Synergy Training Center,Learning Centre,Casablanca,+212 6 33 06 70 00,1,5,,,,,,,,,,
https://www.google.com/maps/place/C.C.F/data=!4m7!3m6!1s0xda62d62320139df:0xe061223adba650cc!8m2!3d33.5337719!4d-7.6138282!16s%2Fg%2F11cls8b127!19sChIJ3zkBMmItpg0RzFCm2zoiYeA?authuser=0&hl=en&rclk=1,C.C.F,Educational institution,Casablanca,+212 6 61 23 85 91,19,3.1,,,,,,,,,,
https://www.google.com/maps/place/Fiscaffaire+-+Center+Languages/data=!4m7!3m6!1s0xda7cb5bd38c0f9f:0xd56c29ce0d676af8!8m2!3d33.6012201!4d-7.5132322!16s%2Fg%2F11l70k3n9k!19sChIJnw-M01vLpw0R-GpnDc4pbNU?authuser=0&hl=en&rclk=1,Fiscaffaire - Center Languages,Adult education centre,Casablanca,+212 5 22 34 45 25,3,5,,,,,,,,,,
https://www.google.com/maps/place/Access/data=!4m7!3m6!1s0xda7cb80c1e0621d:0x6981f32d6402c974!8m2!3d33.6041675!4d-7.5141339!16s%2Fg%2F11hf2jcgkq!19sChIJHWLgwYDLpw0RdMkCZC3zgWk?authuser=0&hl=en&rclk=1,Access,School house,Casablanca,+212 6 91 82 82 82,121,5,,,,,,,,,,
https://www.google.com/maps/place/British+Centre+Group/data=!4m7!3m6!1s0xda7d2835103f283:0xc40df0608c684c4a!8m2!3d33.5962875!4d-7.6164175!16s%2Fg%2F11cp5vml7_!19sChIJg_IDUYPSpw0RSkxojGDwDcQ?authuser=0&hl=en&rclk=1,British Centre Group,Preparatory school,Casablanca,+212 5 22 26 70 19,0,0,https://britishcentre.ma/,facebook.com/britishcentregroup,instagram.com/britishcentregroup,,linkedin.com/company/british-centre-group-officiel,,,,contact@britishcentre.ma,
https://www.google.com/maps/place/Centre+de+langues+fenstar/data=!4m7!3m6!1s0xda7cd62a10c16c3:0xb24cd2be09e6e37!8m2!3d33.5945533!4d-7.611221!16s%2Fg%2F11ddwvk1hs!19sChIJwxYMoWLNpw0RN26e4CvNJAs?authuser=0&hl=en&rclk=1,Centre de langues fenstar,Learning Centre,Casablanca,+212 5 22 44 43 43,60,4.9,,,,,,,,,,
https://www.google.com/maps/place/Plural+Centre+De+Langues/data=!4m7!3m6!1s0xda7d2f6a9745ff9:0x7a642cf799d3df74!8m2!3d33.6002029!4d-7.6386826!16s%2Fg%2F1tfryv6s!19sChIJ-V90qfbSpw0RdN_TmfcsZHo?authuser=0&hl=en&rclk=1,Plural Centre De Langues,Instruction,Casablanca,+212 5 22 49 07 55,21,3.9,,,,,,,,,,
https://www.google.com/maps/place/Casa+Cours+l+Soutien+Scolaire+et+Langues/data=!4m7!3m6!1s0xda62d05de11cc65:0x16c55fa790872ca4!8m2!3d33.5347652!4d-7.612438!16s%2Fg%2F11qpq5tkxd!19sChIJZcwR3gUtpg0RpCyHkKdfxRY?authuser=0&hl=en&rclk=1,Casa Cours l Soutien Scolaire et Langues,Learning Centre,Casablanca,+212 7 02 50 51 11,23,4.3,,,,,,,,,,
https://www.google.com/maps/place/International+Training+Center/data=!4m7!3m6!1s0xda7d32238b811ef:0xd0de619aae40de41!8m2!3d33.5713261!4d-7.6458332!16s%2Fg%2F11rjkx66cd!19sChIJ7xG4OCLTpw0RQd5Arpph3tA?authuser=0&hl=en&rclk=1,International Training Center,Learning Centre,Casablanca,+212 5 20 29 62 96,25,4.5,https://itcenter.ma/,facebook.com/Itcenter_ma-104103522109131,instagram.com/itcenter_ma,,linkedin.com/shareArticle?mini=true&url=https://itcenter.ma/langlais-au-maroc/&title=L’anglais%20au%20Maroc&source=ITCENTER,,,,contact@itcenter.matrouvez,
https://www.google.com/maps/place/Centre+Najah+:+Calcul+Mental+Soroban+Cours+De+Soutien+Cned+Casa+-+Accompagnement+Des+Dys+-+Psychop%C3%A9dagogue+Langues/data=!4m7!3m6!1s0xda7d33b2eade643:0xcf760a0cfd549e74!8m2!3d33.5731871!4d-7.6662806!16s%2Fg%2F11c560xmk4!19sChIJQ-atLjvTpw0RdJ5U_QwKds8?authuser=0&hl=en&rclk=1,Centre Najah : Calcul Mental Soroban Cours De Soutien Cned Casa - Accompagnement Des Dys - Psychopédagogue Langues,Educational institution,Casablanca,+212 6 67 85 66 72,4,5,,,,,,,,,,
https://www.google.com/maps/place/School+Al+Wafaa/data=!4m7!3m6!1s0xda7cb6f10d8496d:0xbeafd616e13fac93!8m2!3d33.6082304!4d-7.514884!16s%2Fg%2F11l2fqjmkh!19sChIJbUnYEG_Lpw0Rk6w_4RbWr74?authuser=0&hl=en&rclk=1,School Al Wafaa,Education Centre,Casablanca,+212 6 96 05 24 59,23,4.8,,,,,,,,,,
https://www.google.com/maps/place/Ikigai+Academy/data=!4m7!3m6!1s0xda62dec90c40219:0xcf239ca416f3a5b6!8m2!3d33.5268602!4d-7.6496957!16s%2Fg%2F11sqkf8crq!19sChIJGQLEkOwtpg0RtqXzFqScI88?authuser=0&hl=en&rclk=1,Ikigai Academy,Learning Centre,Casablanca,+212 5 22 97 34 34,25,4.9,https://ikigaiacademy.ma/,,,,,,,,,
https://www.google.com/maps/place/Calliope+Group/data=!4m7!3m6!1s0xda7d2c578bef7c7:0xbd376ebd353b8049!8m2!3d33.572004!4d-7.641418!16s%2Fg%2F11b73qwd5j!19sChIJx_e-eMXSpw0RSYA7Nb1uN70?authuser=0&hl=en&rclk=1,Calliope Group,Training centre,Casablanca,+212 5 22 23 31 80,42,4,https://www.calliope.ma/en_GB,,instagram.com/calliope.langues/p/DV6YCuADNGs,,,,,,,
https://www.google.com/maps/place/Course+De+Soutien+Scolaire+Et+Langues:+Centre+Bahhar+Priv%C3%A9/data=!4m7!3m6!1s0xda7cde5934d2883:0x6e5e51914977eb12!8m2!3d33.57308!4d-7.589776!16s%2Fg%2F11fwf9001l!19sChIJgyhNk-XNpw0REut3SZFRXm4?authuser=0&hl=en&rclk=1,Course De Soutien Scolaire Et Langues: Centre Bahhar Privé,Learning Centre,Casablanca,+212 6 73 67 16 85,0,0,,,,,,,,,,
https://www.google.com/maps/place/Takouine+Smart+Learning+Center/data=!4m7!3m6!1s0xda7cd12552620f5:0xe32323b2de9ca06d!8m2!3d33.5908448!4d-7.5272483!16s%2Fg%2F11rn6fv3d9!19sChIJ9SAmVRLNpw0RbaCc3rIjI-M?authuser=0&hl=en&rclk=1,Takouine Smart Learning Center,Learning Centre,Casablanca,+212 7 01 11 52 15,24,5,,,,,,,,,,
https://www.google.com/maps/place/La+Fontaine+Des+Langues+Et+Communication/data=!4m7!3m6!1s0xda7cb7a0fd40c6b:0xf7d42ced905a4c7d!8m2!3d33.605728!4d-7.51424!16s%2Fg%2F11b7yv35wg!19sChIJawzUD3rLpw0RfUxakO0s1Pc?authuser=0&hl=en&rclk=1,La Fontaine Des Langues Et Communication,Training centre,Casablanca,+212 6 62 09 77 82,1,5,,,,,,,,,,
https://www.google.com/maps/place/Sure+Smart+Education+You+Can+Trust/data=!4m7!3m6!1s0xda7d3005daa9eb7:0x7414215867decfa9!8m2!3d33.5964898!4d-7.6418769!16s%2Fg%2F11y2z27kpv!19sChIJt56qXQDTpw0Rqc_eZ1ghFHQ?authuser=0&hl=en&rclk=1,Sure Smart Education You Can Trust,Educational institution,Casablanca,+212 6 63 66 24 28,13,5,https://www.instagram.com/suresmartenglish?igsh=MTNib3U3Y2FhMWg1cw==,,instagram.com/rsrc.php/y4/r/QaBlI0OZiks.ico,,,,,,,
https://www.google.com/maps/place/American+Tesol+Academy+Casablanca/data=!4m7!3m6!1s0xda7d3ba2b909d59:0x6cf4585880ef7e16!8m2!3d33.600593!4d-7.6372963!16s%2Fg%2F11ys7ymch9!19sChIJWZ2QK7rTpw0RFn7vgFhY9Gw?authuser=0&hl=en&rclk=1,American Tesol Academy Casablanca,Training centre,Casablanca,+212 7 70 36 86 24,28,5,,,,,,,,,,
https://www.google.com/maps/place/English+Hills/data=!4m7!3m6!1s0xda62d691e3bbfd5:0x9bf5d44de112c99b!8m2!3d33.5045159!4d-7.6862752!16s%2Fg%2F11z72djwhf!19sChIJ1b87Hmktpg0Rm8kS4U3U9Zs?authuser=0&hl=en&rclk=1,English Hills,Education Centre,Oulad Azzouz ⵡⵍⴰⴷ ⵄⵣⵣⵓⵣ أولاد عزوز,+212 6 64 23 90 91,7,5,https://www.english-hills.com/,facebook.com/englishhills.casablanca,instagram.com/englishhills,,,,,wa.me/212664239091,contact@english-hills.com,
https://www.google.com/maps/place/French+Center+Multi+Comp%C3%A9tences/data=!4m7!3m6!1s0xda7d3c875368b0b:0xd6523221ccebab27!8m2!3d33.5930979!4d-7.6351814!16s%2Fg%2F11pb7ggy1g!19sChIJC4s2dcjTpw0RJ6vrzCEyUtY?authuser=0&hl=en&rclk=1,French Center Multi Compétences,Learning Centre,Casablanca,+212 6 43 46 26 47,1,3,,,,,,,,,,
https://www.google.com/maps/place/Apprends.ma+-+Formation+%26+Cours+d%27espagnol+%C3%A0+Casablanca/data=!4m7!3m6!1s0xda7d38364a46b4d:0xc82b49ce66a2b9c8!8m2!3d33.5826945!4d-7.6168032!16s%2Fg%2F11yz7sh04l!19sChIJTWukZIPTpw0RyLmiZs5JK8g?authuser=0&hl=en&rclk=1,Apprends.ma - Formation & Cours d'espagnol à Casablanca,Education Centre,Casablanca,+212 6 33 33 33 51,1,5,https://apprends.ma/nos-formations/cours-despagnol-casablanca-marrakech-rabat-maroc/,facebook.com/ApprendsMaroc,instagram.com/apprends.ma,,linkedin.com/company/apprends-ma,,,,"contact@apprends.ma, zineb@medianation.ma", 
https://www.google.com/maps/place/German+Portal/data=!4m7!3m6!1s0xada7e7feb681e2cb:0x12f8a9584c1d4ed9!8m2!3d33.5885245!4d-7.6169757!16s%2Fg%2F11vkrk02gl!19sChIJy-KBtv7np60R2U4dTFip-BI?authuser=0&hl=en&rclk=1,German Portal,Education Centre,Casablanca,+212 6 49 98 09 19,1,5,,,,,,,,,,
https://www.google.com/maps/place/Atlas+Language+Hub/data=!4m7!3m6!1s0xda7d3004eed1247:0xd32c1bb744a858ce!8m2!3d33.5622063!4d-7.6953344!16s%2Fg%2F11vxmz0q02!19sChIJRxLtTgDTpw0RzlioRLcbLNM?authuser=0&hl=en&rclk=1,Atlas Language Hub,Education Centre,Casablanca,+212 6 15 07 68 15,3,5,,,,,,,,,,
https://www.google.com/maps/place/Center+German/data=!4m7!3m6!1s0xda7d31d05dcfaeb:0x8ff1faed32e3115!8m2!3d33.5867496!4d-7.6195215!16s%2Fg%2F11ldktxt2h!19sChIJ6_rcBR3Tpw0RFTEu064f_wg?authuser=0&hl=en&rclk=1,Center German,Training centre,Casablanca,+212 7 05 53 02 55,4,5,,,,,,,,,,
https://www.google.com/maps/place/LC+LAB+EDUCATION/data=!4m7!3m6!1s0xdafed7de3a95f2b:0x6386062ba817699f!8m2!3d31.6650842!4d-8.0099954!16s%2Fg%2F11r_glbgs7!19sChIJK1-p433trw0Rn2kXqCsGhmM?authuser=0&hl=en&rclk=1,LC LAB EDUCATION,Educational institution,Marrakesh,+212 5 24 30 24 03,15,4.7,https://lclabglobal.com/,facebook.com/share/1Acbs5Qo4S/?mibextid=qi2Omg,instagram.com/lclabglobal/profilecard/?igsh=bXZ5dXo0bmU4anFv,,linkedin.com/company/lclabglobal,youtube.com/@lclabglobal?si=QpGwu-67j3fejhWJ,,,,
https://www.google.com/maps/place/Centre+Talbi+Loralangue/data=!4m7!3m6!1s0xdafee628a7fdf3f:0xb0dca6470ae56105!8m2!3d31.6367018!4d-8.0017076!16s%2Fg%2F1hm3xpz19!19sChIJP99_imLurw0RBWHlCkem3LA?authuser=0&hl=en&rclk=1,Centre Talbi Loralangue,Training centre,Marrakesh,+212 5 24 42 05 31,7,4.9,,,,,,,,,,
https://www.google.com/maps/place/engflexy/data=!4m7!3m6!1s0xdafef34d726e9df:0xdbbec1fbefba2503!8m2!3d31.6380148!4d-8.0034672!16s%2Fg%2F11vz2cx0c4!19sChIJ3-km1zTvrw0RAyW67_vBvts?authuser=0&hl=en&rclk=1,engflexy,Education Centre,Marrakesh,+212 6 54 79 58 00,1,5,https://engflexy.com/,facebook.com/engflexy,instagram.com/engflexy,,,,tiktok.com/@engflexy,api.whatsapp.com/message/7ACDXXHNEB5RA1?autoload=1&app_absent=0,"contact@engflexy.com, engflexy.contact@gmail.com", 
https://www.google.com/maps/place/Center+Language+Chinoise/data=!4m7!3m6!1s0xdafed9049784a2d:0x1cfe798751a09a90!8m2!3d31.6538786!4d-8.0023347!16s%2Fg%2F11s5j2pcsh!19sChIJLUp4SZDtrw0RkJqgUYd5_hw?authuser=0&hl=en&rclk=1,Center Language Chinoise,Education Centre,Marrakesh,+212 6 57 33 13 79,0,0,,,,,,,,,,
https://www.google.com/maps/place/Addictest+Casablanca/data=!4m7!3m6!1s0xda7d2a1b797cee1:0x744e02887e24c710!8m2!3d33.5916055!4d-7.6351865!16s%2Fg%2F11clwhjl34!19sChIJ4c6Xt6HSpw0REMckfogCTnQ?authuser=0&hl=en&rclk=1,Addictest Casablanca,Educational institution,Casablanca,+212 5 22 20 91 26,74,3.9,https://www.addictest.com/,facebook.com/Addictest,instagram.com/addictest.tn,,,youtube.com/embed/VnK4hoxhJMs,,,info@addictest.com,
https://www.google.com/maps/place/Houd+Education+Groupe/data=!4m7!3m6!1s0xda7cb223cc91a15:0x766b355656f783bf!8m2!3d33.5975751!4d-7.4946068!16s%2Fg%2F11xgftvc4v!19sChIJFRrJPCLLpw0Rv4P3VlY1a3Y?authuser=0&hl=en&rclk=1,Houd Education Groupe,Educational consultant,Casablanca,+212 6 63 25 85 93,3,5,https://www.houdeducationgroupe.com/,facebook.com/HoudEducationGroupe,instagram.com/houdeducationgroupe,,,,,,,
https://www.google.com/maps/place/SmartTalk+English+Online/data=!4m7!3m6!1s0xda7cb37bb4474e3:0x150abba4f6f558ea!8m2!3d33.6055595!4d-7.5133696!16s%2Fg%2F11ynp0qssk!19sChIJ43REuzfLpw0R6lj19qS7ChU?authuser=0&hl=en&rclk=1,SmartTalk English Online,Teachers' housing,Casablanca,+212 6 94 63 43 29,0,0,,,,,,,,,,
https://www.google.com/maps/place/English+teacher/data=!4m7!3m6!1s0xda7cd5c5e623be3:0x7ce86b6e3413db8c!8m2!3d33.6069924!4d-7.5653149!16s%2Fg%2F11fcqlt5b5!19sChIJ4ztiXlzNpw0RjNsTNG5r6Hw?authuser=0&hl=en&rclk=1,English teacher,Homestay,Casablanca,+212 6 63 31 63 19,0,0,,,,,,,,,,
https://www.google.com/maps/place/ILENG+Academy/data=!4m7!3m6!1s0xda7cb9372c31b85:0xf6f1890bea44bf07!8m2!3d31.8008346!4d-7.1513478!16s%2Fg%2F11vwx7qt4j!19sChIJhRvDcpPLpw0RB79E6guJ8fY?authuser=0&hl=en&rclk=1,ILENG Academy,Education Centre,Assahrij,+212 7 04 77 43 26,117,4.8,https://ileng.online/,facebook.com/profile.php?id=61552421336274,instagram.com/ileng.academy,,linkedin.com/company/ileng-academy/posts/?feedView=all,,,wa.me/message/43YUP5Y3RK6TE1,,
https://www.google.com/maps/place/Centre+Soutlang/data=!4m7!3m6!1s0xda76d893eef7ca9:0x3d17164c861a6863!8m2!3d34.001087!4d-6.8487426!16s%2Fg%2F11sbl69sg0!19sChIJqXzvPoltpw0RY2gahkwWFz0?authuser=0&hl=en&rclk=1,Centre Soutlang,Learning Centre,Rabat,+212 6 60 24 80 70,17,4.9,,,,,,,,,,
https://www.google.com/maps/place/Center+Languages+Etrang%C3%A8res/data=!4m7!3m6!1s0xda76d004bd290f1:0x24f646ce6232ee7e!8m2!3d34.0197708!4d-6.8419271!16s%2Fg%2F11yg5qhgpr!19sChIJ8ZDSSwBtpw0Rfu4yYs5G9iQ?authuser=0&hl=en&rclk=1,Center Languages Etrangères,Training centre,Rabat,+212 7 75 92 55 62,1,5,,,,,,,,,,
https://www.google.com/maps/place/The+Language+Workshop/data=!4m7!3m6!1s0xda76c8fd8090ae7:0xe35c4a3470e5ec06!8m2!3d33.9962175!4d-6.8479945!16s%2Fg%2F11cmdmm2m6!19sChIJ5woJ2I9spw0RBuzlcDRKXOM?authuser=0&hl=en&rclk=1,The Language Workshop,Coaching center,Rabat,+212 5 37 77 49 09,9,4.3,,,,,,,,,,
"https://www.google.com/maps/place/Academia+Alhambra+Rabat+:+Selectividad,+%C3%89tudier+En+Espagne+%26+Preparation+Aux+Concours+Post-Bac/data=!4m7!3m6!1s0xda76c88a86f3e3b:0x79d3251cf3e415ed!8m2!3d34.0052314!4d-6.8481536!16s%2Fg%2F11c74kmkxc!19sChIJOz5vqIhspw0R7RXk8xwl03k?authuser=0&hl=en&rclk=1","Academia Alhambra Rabat : Selectividad, Étudier En Espagne & Preparation Aux Concours Post-Bac",School Centre,Rabat,+212 5 37 77 78 92,55,4.1,https://www.academiaalhambra.com/,facebook.com/AlhambraFormation,instagram.com/academia.alhambra,,linkedin.com/company/academiaalhambra/about,,tiktok.com/@academiaalhambra1,wa.me/212619933195,,
https://www.google.com/maps/place/Italian+Cultural+Institute+in+Rabat/data=!4m7!3m6!1s0xda76b9c0a9bd37b:0x306445921471b75b!8m2!3d34.0156816!4d-6.82139!16s%2Fg%2F11ggs8_266!19sChIJe9ObCpxrpw0RW7dxFJJFZDA?authuser=0&hl=en&rclk=1,Italian Cultural Institute in Rabat,Cultural centre,Rabat,+212 5 37 76 68 47,56,4.4,,,,,,,,,,
https://www.google.com/maps/place/Groupe+Ciafe+%E2%80%93+Formation+Professionnelle+Et+Langues/data=!4m7!3m6!1s0xda76d08db550063:0x1a6c9617fe13216d!8m2!3d34.0211292!4d-6.8358955!16s%2Fg%2F11mz792bsq!19sChIJYwBV2whtpw0RbSET_heWbBo?authuser=0&hl=en&rclk=1,Groupe Ciafe – Formation Professionnelle Et Langues,Adult education centre,Rabat,+212 5 37 21 86 80,12,5,https://ciafe.ma/,facebook.com/share/1WzPGkCy1k/?mibextid=wwXIfr,instagram.com/ciafe_maroc,,linkedin.com/company/ciafegroup,,,,ciafemaroc@gmail.com,
"https://www.google.com/maps/place/Centre+Africa+%C3%89ducation,+Cours+Of+Langues,+Tutoring+And+Training/data=!4m7!3m6!1s0xda76b61eca53685:0x499bcc876656e4cb!8m2!3d33.9824734!4d-6.8117565!16s%2Fg%2F11t9qxtm7c!19sChIJhTal7GFrpw0Ry-RWZofMm0k?authuser=0&hl=en&rclk=1","Centre Africa Éducation, Cours Of Langues, Tutoring And Training",Co-ed school,Rabat,+212 6 09 02 36 67,0,0,,,,,,,,,,
https://www.google.com/maps/place/Centre+Polyvalence/data=!4m7!3m6!1s0xda76ded564345b1:0xc801123550329098!8m2!3d33.9973429!4d-6.8709106!16s%2Fg%2F11l36zyj33!19sChIJsUVDVu1tpw0RmJAyUDUSAcg?authuser=0&hl=en&rclk=1,Centre Polyvalence,Training centre,Rabat,+212 6 53 42 20 77,123,4.6,,,,,,,,,,
https://www.google.com/maps/place/Selectividad+Cgranada/data=!4m7!3m6!1s0xda76c76e2f6da1f:0x4a16a6ea9830c8b9!8m2!3d34.0217207!4d-6.8385442!16s%2Fg%2F11gb3_2724!19sChIJH9r24nZspw0RucgwmOqmFko?authuser=0&hl=en&rclk=1,Selectividad Cgranada,Test preparation center,Rabat,+212 5 37 20 12 21,94,4.6,https://selectividadcgranada.com/,facebook.com/selectividadcgranada,instagram.com/selectividad.cgranada/?hl=fr,twitter.com/?lang=en,,youtube.com/embed/jx6pmnGz0PM,tiktok.com/@selectividadcgranada,,selectividadcgranada@gmail.com, 
https://www.google.com/maps/place/ILES+Institut/data=!4m7!3m6!1s0xda76bc47cc28b4d:0x1a63fdb4f7f45a5b!8m2!3d34.0146381!4d-6.8283064!16s%2Fg%2F11h2bbtxy3!19sChIJTYvCfMRrpw0RW1r097T9Yxo?authuser=0&hl=en&rclk=1,ILES Institut,Learning Centre,Rabat,+212 5 37 26 28 29,11,3.3,,,,,,,,,,
https://www.google.com/maps/place/Monde+De+Langues+Et+D%27Informatique/data=!4m7!3m6!1s0xda76d3b2306eeaf:0x6b89ff9a5b3dcd60!8m2!3d33.9749792!4d-6.8899081!16s%2Fg%2F11b6j85hfz!19sChIJr-4GIzttpw0RYM09W5r_iWs?authuser=0&hl=en&rclk=1,Monde De Langues Et D'Informatique,Computer consultant,Rabat,+212 5 37 29 29 52,0,0,,,,,,,,,,
https://www.google.com/maps/place/Russian+Center+of+Science+and+Culture/data=!4m7!3m6!1s0xda76c7c8b07247b:0xae6ba6acfed174fa!8m2!3d34.0117398!4d-6.8434093!16s%2Fg%2F1hc0xrp9m!19sChIJeyQHi3xspw0R-nTR_qyma64?authuser=0&hl=en&rclk=1,Russian Center of Science and Culture,Cultural centre,Rabat,+212 5 37 70 95 11,215,4.3,,,,,,,,,,
"https://www.google.com/maps/place/Trans-Educ,+Langues+et+Cultures/data=!4m7!3m6!1s0xda76d3b1975de55:0x58977b3d338aa6c9!8m2!3d34.0150961!4d-6.8379997!16s%2Fg%2F11fd6mq3ks!19sChIJVd51GTttpw0RyaaKMz17l1g?authuser=0&hl=en&rclk=1","Trans-Educ, Langues et Cultures",School Centre,Rabat,+212 6 11 86 28 87,1,1,,,,,,,,,,
https://www.google.com/maps/place/Smart+Touch+Prive+:+Soutien+Scolaire/data=!4m7!3m6!1s0xda76d591260ef2b:0x550debd8d896fa97!8m2!3d33.9969404!4d-6.8503993!16s%2Fg%2F11s64lvht0!19sChIJK-9gElltpw0Rl_qW2NjrDVU?authuser=0&hl=en&rclk=1,Smart Touch Prive : Soutien Scolaire,Learning Centre,Rabat,+212 7 77 30 53 22,46,5,,,,,,,,,,
https://www.google.com/maps/place/Ilead+Private+Institute/data=!4m7!3m6!1s0xda76dadcfd22a29:0x3a156153de9e6b67!8m2!3d33.9959803!4d-6.8483069!16s%2Fg%2F11v037k6pq!19sChIJKSrSz61tpw0RZ2ue3lNhFTo?authuser=0&hl=en&rclk=1,Ilead Private Institute,Training centre,Rabat,+212 6 82 38 11 91,7,5,https://www.ileadmorocco.com/,facebook.com/ileadinst,instagram.com/ilead.institute?utm_source=ig_web_button_share_sheet&igsh=ZDNlZDc0MzIxNw==,x.com/bolt-performance?src=72&evid=,linkedin.com/company/ileadinstitute,,tiktok.com/@wix,,"ileadmorocco@gmail.com, instituteilead3@gmail.com", 
https://www.google.com/maps/place/Cours+Anglais/data=!4m7!3m6!1s0xda76d949bf5aaeb:0x3bf2048d99ad47c2!8m2!3d33.9979202!4d-6.8487013!16s%2Fg%2F11ms11ctyy!19sChIJ66r1m5Rtpw0RwketmY0E8js?authuser=0&hl=en&rclk=1,Cours Anglais,Private tutor,Rabat,+212 6 40 02 00 36,0,0,,,,,,,,,,
https://www.google.com/maps/place/Green+City+International+Language+Center/data=!4m7!3m6!1s0xda62d7c8109d0fb:0x9cc28c06fa582c0e!8m2!3d33.4864475!4d-7.6238719!16s%2Fg%2F11kpzqmgtj!19sChIJ-9AJgXwtpg0RDixY-gaMwpw?authuser=0&hl=en&rclk=1,Green City International Language Center,Education Centre,Bouskoura,+212 6 60 12 61 09,0,0,,,,,,,,,,
https://www.google.com/maps/place/Daylight+For+Languages+And+Computer+Science/data=!4m7!3m6!1s0xda76d21c62ba8c5:0x11d2e8bb15081356!8m2!3d33.9819951!4d-6.8813574!16s%2Fg%2F1q5bqbzjy!19sChIJxagrxiFtpw0RVhMIFbvo0hE?authuser=0&hl=en&rclk=1,Daylight For Languages And Computer Science,Adult education centre,Rabat,+212 5 37 29 14 14,44,4.9,https://www.telecontact.ma/annonceur/daylight-for-languages-and-computer-science/3255532/rabat.php,facebook.com/telecontactMA,instagram.com/telecontact.ma,,linkedin.com/company/télécontact,youtube.com/@TelecontactMaroc,,,"donnees.personnelles@edicom.ma, info@telecontact.ma, telecontact@telecontact.ma", 
https://www.google.com/maps/place/Deutschule/data=!4m7!3m6!1s0xda76d7ce500d299:0x9ac307c9a2a9ff5a!8m2!3d33.9976273!4d-6.8489089!16s%2Fg%2F11ptsj6ytq!19sChIJmdIA5Xxtpw0RWv-poskHw5o?authuser=0&hl=en&rclk=1,Deutschule,Education Centre,Rabat,+212 6 53 07 98 89,163,4.8,,,,,,,,,,
https://www.google.com/maps/place/GMED+-+German+Medical+institute/data=!4m7!3m6!1s0xda76d9d613b8661:0xf55dac11fdc7b425!8m2!3d33.9998698!4d-6.8497767!16s%2Fg%2F11vx0_v9pm!19sChIJYYY7YZ1tpw0RJbTH_RGsXfU?authuser=0&hl=en&rclk=1,GMED - German Medical institute,Training centre,Rabat,+212 7 02 45 55 55,35,5,https://www.gmed.ma/,,,,,,,,,
https://www.google.com/maps/place/Sos+Centre+De+Francais/data=!4m7!3m6!1s0xda76db34d403eb3:0xa2534fda0fd208a8!8m2!3d34.0073886!4d-6.8481503!16s%2Fg%2F11h56nsbl4!19sChIJsz5ATbNtpw0RqAjSD9pPU6I?authuser=0&hl=en&rclk=1,Sos Centre De Francais,Educational institution,Rabat,+212 6 62 20 55 77,3,3,,,,,,,,,,
https://www.google.com/maps/place/Confucius+Institute+in+rabat/data=!4m7!3m6!1s0xda76dd8f43298a5:0x80100e9339f3fc23!8m2!3d33.9860235!4d-6.8629833!16s%2Fg%2F11scfp169b!19sChIJpZgy9Nhtpw0RI_zzOZMOEIA?authuser=0&hl=en&rclk=1,Confucius Institute in rabat,Research institute,Rabat,+212 6 75 79 50 97,6,5,,,,,,,,,,
https://www.google.com/maps/place/Centre+Riyada+pour+la+Formation/data=!4m7!3m6!1s0xda7cb840cf48b2f:0x863eacfb6d611b4c!8m2!3d33.6198154!4d-7.4865099!16s%2Fg%2F11lcrtz40t!19sChIJL4v0DITLpw0RTBthbfusPoY?authuser=0&hl=en&rclk=1,Centre Riyada pour la Formation,Education Centre,Casablanca,+212 6 12 23 93 13,8,4.5,,,,,,,,,,
https://www.google.com/maps/place/Addictest+Rabat/data=!4m7!3m6!1s0xda76c9155c907b1:0x9876e395f6ced5f9!8m2!3d33.9906145!4d-6.85126!16s%2Fg%2F11b7q1rmww!19sChIJsQfJVZFspw0R-dXO9pXjdpg?authuser=0&hl=en&rclk=1,Addictest Rabat,Educational institution,Rabat,+212 5 37 67 01 59,96,4.5,https://www.addictest.com/,facebook.com/Addictest,instagram.com/addictest.tn,,,youtube.com/embed/VnK4hoxhJMs,,,info@addictest.com,
https://www.google.com/maps/place/Studienkolleg+-+SAG+-+Study+Abroad+Germany/data=!4m7!3m6!1s0xda76d006a448f13:0x70fae8b5f5a9cb3!8m2!3d33.9970225!4d-6.8453476!16s%2Fg%2F11w2cy9025!19sChIJE49EagBtpw0Rs5xaX4uuDwc?authuser=0&hl=en&rclk=1,Studienkolleg - SAG - Study Abroad Germany,Cramming school,Rabat,+212 6 63 00 10 56,55,5,https://studyabroadgermany.com/,,instagram.com/sag.studyabroadgermany,,,,,,contact@studyabroadgermany.com, 
https://www.google.com/maps/place/Lingua+Compass+Institute+For+Language/data=!4m7!3m6!1s0xda76b405bcf6065:0x8b4b0a0778f77434!8m2!3d34.0223825!4d-6.8439653!16s%2Fg%2F11wbhgw1hd!19sChIJZWDPW0Brpw0RNHT3eAcKS4s?authuser=0&hl=en&rclk=1,Lingua Compass Institute For Language,Foreign exchange students organization,Rabat,+212 6 79 05 10 16,9,5,https://lclce.com/,,,,,,,,info@lclce.com,
https://www.google.com/maps/place/Studienkolleg+Brandenburg/data=!4m7!3m6!1s0xda76d7a20366e4b:0xe826790f16badcd2!8m2!3d34.0151345!4d-6.8380681!16s%2Fg%2F11ptyk5143!19sChIJS242IHptpw0R0ty6Fg95Jug?authuser=0&hl=en&rclk=1,Studienkolleg Brandenburg,Cramming school,Rabat,+212 7 77 65 65 65,11,4.6,https://brandenburg-institut.de/,facebook.com/BrandenburgInstitut,instagram.com/brandenburginstitut,twitter.com/BrandenburgInst?s=08,linkedin.com/company/brandenburg-institut,,,api.whatsapp.com/send/?phone=212777656565&text=Bonjour%2C%0APouvez-vous%20me%20donner%20des%20informations%20sur%20les%20études%20en%20Allemagne%20🇩🇪%20%2C%20sil%20vous%20plaît%20%3F%0A%0AMerci%21%0A,,
https://www.google.com/maps/place/Sig+Study+In+Germany/data=!4m7!3m6!1s0xda76bf84b9bbf55:0x5f76e8243a4ca6f6!8m2!3d34.0178198!4d-6.8333971!16s%2Fg%2F11vdf4_4f7!19sChIJVb-bS_hrpw0R9qZMOiTodl8?authuser=0&hl=en&rclk=1,Sig Study In Germany,College,Rabat,+212 6 13 33 15 96,42,4.1,https://studyingermany.ma/,facebook.com/tr?id=1536328167028730&ev=PageView&noscript=1,,,,youtube.com/embed/videoseries?list=,,wa.me/212666098722,,
https://www.google.com/maps/place/Lincoln+Institute+For+Language+and+Culture+Exchange/data=!4m7!3m6!1s0xda76b3a78b4a923:0x542dc9bc1c469257!8m2!3d34.0148247!4d-6.8287491!16s%2Fg%2F11llyf7s83!19sChIJI6m0eDprpw0RV5JGHLzJLVQ?authuser=0&hl=en&rclk=1,Lincoln Institute For Language and Culture Exchange,Foreign exchange students organization,Rabat,+212 6 61 61 93 65,18,4.7,,,,,,,,,,
https://www.google.com/maps/place/THE+ENGLISH+COMPANY/data=!4m7!3m6!1s0xda76de382d39c13:0xa36fd26a8e72fa1e!8m2!3d34.0010762!4d-6.8487486!16s%2Fg%2F11gpnj04ky!19sChIJE5zTguNtpw0RHvpyjmrSb6M?authuser=0&hl=en&rclk=1,THE ENGLISH COMPANY,Educational consultant,Rabat,+212 7 08 00 85 77,32,5,https://www.theenglishcompany.org/,facebook.com/2008/fbml,instagram.com/theenglishcompanymorocco,,linkedin.com/company/the-english-company-morocco,youtube.com/@theenglishcompany1,tiktok.com/@theenglishcompanymorocco,wa.me/212708008577,"director@theenglishcompany.org, user@domain.com", 
https://www.google.com/maps/place/Japoniya+B%27Darija/data=!4m7!3m6!1s0xda76ba6cbc3509f:0x4b55d463a3c7609e!8m2!3d34.0183813!4d-6.8332339!16s%2Fg%2F11xzmqp2y7!19sChIJn1DDy6Zrpw0RnmDHo2PUVUs?authuser=0&hl=en&rclk=1,Japoniya B'Darija,Cultural centre,Rabat,+212 6 33 12 84 70,49,5,https://www.instagram.com/japoniya_b_darija?igsh=MTRncXg5ZXJtbnF2Nw==,,instagram.com/rsrc.php/y4/r/QaBlI0OZiks.ico,,,,,,,
https://www.google.com/maps/place/Center+for+Cross+Cultural+Learning+%28C.c.c.l.%C2%B0/data=!4m7!3m6!1s0xda76c749aed171b:0x4ed3c6fbc744aa3f!8m2!3d34.0291864!4d-6.8373819!16s%2Fg%2F1hc465_xq!19sChIJGxftmnRspw0RP6pEx_vG004?authuser=0&hl=en&rclk=1,Center for Cross Cultural Learning (C.c.c.l.°,Cultural centre,Rabat,+212 5 37 20 23 65,39,4.4,https://www.cccl-morocco.com/,facebook.com/CCCL.ma,instagram.com/cccl_morocco,x.com/bolt-performance?src=72&evid=,linkedin.com/company/center-for-cross-cultural-learning-cccl-,youtube.com/@CenterforCrossCulturalLearning,,,"cccl@cccl.ma, cfarah@cccl.ma, cnawal@cccl.ma, dwafae@cccl.ma, dwidad@cccl.ma, elatifa@cccl.ma, labderrahim@cccl.ma, lmalika@cccl.ma, mouddenaya@cccl.ma, ncfarah@cccl.ma, ncnawal@cccl.ma, ndwafae@cccl.ma, ndwidad@cccl.ma, nelatifa@cccl.ma, nlabderrahim@cccl.ma, nlmalika@cccl.ma, nmouddenaya@cccl.ma, noabdelkarim@cccl.ma, oabdelkarim@cccl.ma", 
https://www.google.com/maps/place/AMIDEAST/data=!4m7!3m6!1s0xda76db4a9a86685:0x6635f291c23e4c89!8m2!3d33.9597063!4d-6.8655462!16s%2Fg%2F11h_4923hp!19sChIJhWaoqbRtpw0RiUw-wpHyNWY?authuser=0&hl=en&rclk=1,AMIDEAST,Education Centre,Rabat,+212 5 37 57 21 03,5,4,https://www.amideast.org/morocco,facebook.com/amideast,instagram.com/amideasthq,twitter.com/amideastm,linkedin.com/company/amideast,youtube.com/user/AMIDEASThq,,,"inquiries@amideast.org, testing@amideast.org", 
https://www.google.com/maps/place/Je+Majore+School/data=!4m7!3m6!1s0xda76dbe4129a49d:0xce59838ab4629733!8m2!3d33.9960715!4d-6.8477557!16s%2Fg%2F11h_f73k1l!19sChIJnaQpQb5tpw0RM5ditIqDWc4?authuser=0&hl=en&rclk=1,Je Majore School,Educational institution,Rabat,+212 7 66 67 93 31,5,4.2,,,,,,,,,,
https://www.google.com/maps/place/Tcf+Maroc+Preparation+Examen+B1+B2/data=!4m7!3m6!1s0xda7d3692e677077:0x42dfa21456e47b57!8m2!3d33.6090835!4d-7.6253209!16s%2Fg%2F11xw6rbfxn!19sChIJd3BnLmnTpw0RV3vkVhSi30I?authuser=0&hl=en&rclk=1,Tcf Maroc Preparation Examen B1 B2,Special education school,Casablanca,+212 6 36 06 40 06,0,0,https://tcf-irn-casablanca.com/,,,,,,,,,
https://www.google.com/maps/place/Fresh+Start+Academy+-+%D9%85%D8%B1%D9%83%D8%B2+%D8%A7%D9%84%D8%AF%D8%B9%D9%85+%D9%88+%D8%A7%D9%84%D9%84%D8%BA%D8%A7%D8%AA%E2%80%AD/data=!4m7!3m6!1s0xda7693b0778ec5d:0xd1f9e12a66ae2f56!8m2!3d34.0583352!4d-6.8088481!16s%2Fg%2F11xkp_74_b!19sChIJXex4Bztppw0RVi-uZirh-dE?authuser=0&hl=en&rclk=1,Fresh Start Academy - مركز الدعم و اللغات,Education Centre,Salé,+212 7 15 81 16 51,37,5,https://69ed10979d61571f3333eaf6--flourishing-halva-f376bf.netlify.app/#contact,,,,,,,,freshstartacademy.sale@gmail.com, 
https://www.google.com/maps/place/Center+Candela+%D9%85%D8%B1%D9%83%D8%B2+%D8%A7%D9%84%D9%84%D8%BA%D8%A7%D8%AA+%D9%88%D8%A7%D9%84%D8%AF%D8%B9%D9%85+%D8%A7%D9%84%D9%85%D8%AF%D8%B1%D8%B3%D9%8A+%D9%88%D8%A7%D9%84%D8%AC%D8%A7%D9%85%D8%B9%D9%8A%E2%80%AD/data=!4m7!3m6!1s0xdafe9ccb42a5a7b:0x40a703fb2fe1ae49!8m2!3d31.5896814!4d-8.0502006!16s%2Fg%2F11h5mdbfgn!19sChIJe1oqtMzprw0RSa7hL_sDp0A?authuser=0&hl=en&rclk=1,Center Candela مركز اللغات والدعم المدرسي والجامعي,Education Centre,Marrakesh,+212 5 25 54 27 80,2,3,,,,,,,,,,
https://www.google.com/maps/place/Centre+Ibn+Mandour/data=!4m7!3m6!1s0xdafe94eefc31f55:0x5581100252d3bb3d!8m2!3d31.6332364!4d-8.0553199!16s%2Fg%2F12hnmh724!19sChIJVR_D707prw0RPbvTUgIQgVU?authuser=0&hl=en&rclk=1,Centre Ibn Mandour,Educational institution,Marrakesh,+212 6 64 37 01 37,6,4.2,,,,,,,,,,
https://www.google.com/maps/place/Centre+Poly+Etude/data=!4m7!3m6!1s0xdafee66dc115147:0xc960c45924cdf07f!8m2!3d31.6318178!4d-7.996333!16s%2Fg%2F11fy4j8134!19sChIJR1ER3Gburw0Rf_DNJFnEYMk?authuser=0&hl=en&rclk=1,Centre Poly Etude,Adult education centre,Marrakesh,+212 5 24 38 60 35,58,4.9,,,,,,,,,,
https://www.google.com/maps/place/%D9%85%D8%B1%D9%83%D8%B2+%D8%A7%D9%88%D9%83%D8%A7%D8%B1%D8%A9+%D9%84%D8%AA%D8%B9%D9%84%D9%8A%D9%85+%D8%A7%D9%84%D9%84%D8%BA%D8%A7%D8%AA%E2%80%AD/data=!4m7!3m6!1s0xdafc500fc21824d:0x6e923d8f4e192dc7!8m2!3d31.6333324!4d-8.2473048!16s%2Fg%2F11s842d3xj!19sChIJTYIh_ADFrw0Rxy0ZTo89km4?authuser=0&hl=en&rclk=1,مركز اوكارة لتعليم اللغات,Education Centre,Loudaya الوداية,+212 6 94 31 56 52,0,0,,,,,,,,,,
https://www.google.com/maps/place/%D9%85%D8%B1%D9%83%D8%B2+%D9%86%D8%AC%D8%A7%D8%AD+%D9%84%D8%AF%D8%B1%D9%88%D8%B3+%D8%A7%D9%84%D8%AF%D8%B9%D9%85+%D9%88+%D8%A7%D9%84%D8%AA%D9%82%D9%88%D9%8A%D8%A9+%D9%88+%D8%A7%D9%84%D9%84%D8%BA%D8%A7%D8%AA%E2%80%AD/data=!4m7!3m6!1s0xdafe7a95ed7fbb5:0xb609d46b3d42fca7!8m2!3d31.4974505!4d-8.0953319!16s%2Fg%2F11y_fbtg7k!19sChIJtfvXXqnnrw0Rp_xCPWvUCbY?authuser=0&hl=en&rclk=1,مركز نجاح لدروس الدعم و التقوية و اللغات,Special educator,Dar El ain,+212 6 32 23 06 72,5,5,https://wildstormydrift.com/,facebook.com/TARUHAN77,instagram.com/TARUHAN77,twitter.com/TARUHAN77,,youtube.com/@TARUHAN77,,,,
https://www.google.com/maps/place/langlais.ma/data=!4m7!3m6!1s0x4a53368af1e5e8a9:0x5d70a1d22d8b4b07!8m2!3d31.6346214!4d-8.0078531!16s%2Fg%2F11w4fypjv_!19sChIJqejl8Yo2U0oRB0uLLdKhcF0?authuser=0&hl=en&rclk=1,langlais.ma,Education Centre,Marrakesh,+212 6 36 92 61 98,2,5,https://langlais.ma/,,,,,,,,,
https://www.google.com/maps/place/Centre+Culturel+Chinois+-+Marrakech/data=!4m7!3m6!1s0xdafe9b4dde94d1b:0xbb2336057bddc9e7!8m2!3d31.6343937!4d-8.060342!16s%2Fg%2F11pyl2329t!19sChIJG03p3bTprw0R58ndewU2I7s?authuser=0&hl=en&rclk=1,Centre Culturel Chinois - Marrakech,Education Centre,Marrakesh,+212 6 82 78 61 35,0,0,,,,,,,,,,
https://www.google.com/maps/place/Scolanova/data=!4m7!3m6!1s0xdafeb6165d85bbf:0xe9e7b2e008d09cc!8m2!3d31.6517769!4d-8.0790374!16s%2Fg%2F11yk3ylt6c!19sChIJv1vYZWHrrw0RzAmNAC57ng4?authuser=0&hl=en&rclk=1,Scolanova,Training centre,Saâda,+212 7 79 62 69 25,8,5,,,,,,,,,,
https://www.google.com/maps/place/Centre+Des+Langues.+%D9%85%D8%B1%D9%83%D8%B2+%D8%A7%D9%84%D9%84%D8%BA%D8%A7%D8%AA%E2%80%AD/data=!4m7!3m6!1s0xd9f8b086471901d:0x6e3b15c2eb5d3f53!8m2!3d34.0187547!4d-5.0209672!16s%2Fg%2F11k0lp3vrz!19sChIJHZBxZAiLnw0RUz9d68IVO24?authuser=0&hl=en&rclk=1,Centre Des Langues. مركز اللغات,Educational institution,Fez,+212 6 75 35 08 00,2,4.5,,,,,,,,,,
https://www.google.com/maps/place/%D9%85%D8%B9%D9%87%D8%AF+%D8%A7%D9%84%D8%A8%D9%8A%D8%AA+%D8%A7%D9%84%D8%A3%D9%84%D9%85%D8%A7%D9%86%D9%8A+%D9%84%D8%AA%D8%B9%D9%84%D9%8A%D9%85+%D8%A7%D9%84%D9%84%D8%BA%D8%A7%D8%AA+%D9%88+%D8%A7%D9%84%D8%AF%D8%B9%D9%85+%D8%A7%D9%84%D9%85%D8%AF%D8%B1%D8%B3%D9%8A+%D9%88+%D8%A7%D9%84%D8%AC%D8%A7%D9%85%D8%B9%D9%8A+Das+Deutsche+Hause+Institute+Fes%E2%80%AD/data=!4m7!3m6!1s0xd9f8b0cafdf30ad:0xe75ca802b7454022!8m2!3d34.0370804!4d-4.9982878!16s%2Fg%2F11ts1lb37c!19sChIJrTDfrwyLnw0RIkBFtwKoXOc?authuser=0&hl=en&rclk=1,معهد البيت الألماني لتعليم اللغات و الدعم المدرسي و الجامعي Das Deutsche Hause Institute Fes,Education Centre,Fez,+212 6 11 35 46 94,1,5,,,,,,,,,,
https://www.google.com/maps/place/Hope+School/data=!4m7!3m6!1s0xd9f8b771274396f:0xeafb1e44eefda438!8m2!3d34.0112838!4d-4.9885617!16s%2Fg%2F12cnqfp85!19sChIJbzl0EneLnw0ROKT97kQe--o?authuser=0&hl=en&rclk=1,Hope School,Education Centre,Fez,+212 6 66 63 74 64,9,4.2,,,,,,,,,,
https://www.google.com/maps/place/Centre+Anamaa+Pour+Les+Langues/data=!4m7!3m6!1s0xdafef2c0fddcfe3:0x3e8acccb341015c4!8m2!3d31.5966334!4d-8.0418386!16s%2Fg%2F11c57sy2_0!19sChIJ48_dDyzvrw0RxBUQNMvMij4?authuser=0&hl=en&rclk=1,Centre Anamaa Pour Les Langues,Educational institution,Marrakesh,+212 5 24 37 35 45,0,0,,,,,,,,,,
"https://www.google.com/maps/place/Delta+centre+Marrakech+Langues,formations,soutien+et+orientation/data=!4m7!3m6!1s0x2a920c3d99054c09:0x6de072ac333e948b!8m2!3d31.6498008!4d-7.9935622!16s%2Fg%2F11ms700_hr!19sChIJCUwFmT0MkioRi5Q-M6xy4G0?authuser=0&hl=en&rclk=1","Delta centre Marrakech Langues,formations,soutien et orientation",Education Centre,Marrakesh,+212 6 63 54 14 24,0,0,,,,,,,,,,
https://www.google.com/maps/place/Bridge+academy/data=!4m7!3m6!1s0xd9f8dc74d6615d1:0x8eba38c8eadf16be!8m2!3d34.0134741!4d-4.9750472!16s%2Fg%2F11yj837n8z!19sChIJ0RVmTceNnw0Rvhbf6sg4uo4?authuser=0&hl=en&rclk=1,Bridge academy,School Centre,Fez,+212 6 66 54 41 53,6,4.3,https://bridgeacademy.ma/,facebook.com/share/19HtySF3nh,instagram.com/bridge_academy_fes,,,,,,contact@bridgeacademy.ma,
https://www.google.com/maps/place/Highway+Academy/data=!4m7!3m6!1s0xd9f8b8899b2a939:0x9b2ee5241077995f!8m2!3d34.0058465!4d-4.9848465!16s%2Fg%2F11h57nt32p!19sChIJOamymYiLnw0RX5l3ECTlLps?authuser=0&hl=en&rclk=1,Highway Academy,School Centre,Fez,+212 6 67 02 68 45,55,4.8,https://www.highwayacademy.ma/,,,,,,,,,
https://www.google.com/maps/place/Center+7th+Language/data=!4m7!3m6!1s0xd9f8b01f6a67e47:0x676d63b179ebb07e!8m2!3d34.0438575!4d-5.0038913!16s%2Fg%2F11frn1rj28!19sChIJR36m9gGLnw0RfrDrebFjbWc?authuser=0&hl=en&rclk=1,Center 7th Language,Training centre,Fez,+212 6 64 57 64 79,1,5,,,,,,,,,,
https://www.google.com/maps/place/SDA+Deutsche+Akademie/data=!4m7!3m6!1s0xd9f8b2c20a201dd:0x52f2f464c488f8ae!8m2!3d34.022761!4d-5.0060882!16s%2Fg%2F11z4swqrs9!19sChIJ3QGiICyLnw0RrviIxGT08lI?authuser=0&hl=en&rclk=1,SDA Deutsche Akademie,Education Centre,Fez,+212 6 63 59 81 88,25,5,,,,,,,,,,
https://www.google.com/maps/place/Skills+Center/data=!4m7!3m6!1s0xd9f8b9404c6022f:0x26d82c637aa48b36!8m2!3d34.0187876!4d-5.0208998!16s%2Fg%2F11ptvfnx8t!19sChIJLwLGBJSLnw0RNoukemMs2CY?authuser=0&hl=en&rclk=1,Skills Center,Learning Centre,Fez,+212 6 09 80 33 37,3,5,,,,,,,,,,
https://www.google.com/maps/place/Wise+Center/data=!4m7!3m6!1s0xd9ff37e851df2fd:0x69d6ecc2e474a2d7!8m2!3d34.0632245!4d-4.9412154!16s%2Fg%2F11sf4phdy5!19sChIJ_fIdhX7znw0R16J05MLs1mk?authuser=0&hl=en&rclk=1,Wise Center,Education Centre,Fez,+212 6 42 45 27 83,5,5,,,,,,,,,,
https://www.google.com/maps/place/Die+Akademie/data=!4m7!3m6!1s0xd9f8bf0737aecf7:0x247a167418730370!8m2!3d34.0369428!4d-4.9979203!16s%2Fg%2F11w7k2_25t!19sChIJ9-x6c_CLnw0RcANzGHQWeiQ?authuser=0&hl=en&rclk=1,Die Akademie,Learning Centre,Fez,+212 6 66 50 95 35,3,5,https://dieakademie.net/landing.php?lang=fr,facebook.com/dieakademie.net,instagram.com/dieakademie_net,,,,,wa.me/212666509535?text=Bonjour%2C%20je%20suis%20int%C3%A9ress%C3%A9%28e%29%20par%20le%20cours%20de%20pr%C3%A9paration%20telc%20B1,,
https://www.google.com/maps/place/L%27Academie+Allemande+-+Marrakech/data=!4m7!3m6!1s0xdafed76ebaa61f1:0xeaad18be80db1100!8m2!3d31.6617156!4d-8.0070588!16s%2Fg%2F11z656psv0!19sChIJ8WGq63btrw0RABHbgL4Yreo?authuser=0&hl=en&rclk=1,L'Academie Allemande - Marrakech,Education Centre,Marrakesh,+212 6 13 65 78 68,1,5,https://academieallemande.ma/,facebook.com/AcademieAllemandeCASA\,instagram.com/academie.allemande\,,,,,,,
https://www.google.com/maps/place/ACADEMIE+WATANI/data=!4m7!3m6!1s0xd9f8bdcf368713f:0xb2b2877fdc74c1ea!8m2!3d34.018885!4d-4.9828321!16s%2Fg%2F11nmpn6wf7!19sChIJP3Fo89yLnw0R6sF03H-HsrI?authuser=0&hl=en&rclk=1,ACADEMIE WATANI,Education Centre,Fez,+212 6 53 08 45 28,2,5,,,,,,,,,,
https://www.google.com/maps/place/%D9%85%D8%A4%D8%B3%D8%B3%D8%A9+%D8%A8%D8%A7%D8%A8%D8%A7+%D8%A7%D9%84%D8%B9%D8%B1%D9%88%D8%B5%D9%8A+%D9%84%D9%84%D8%AA%D8%B9%D9%84%D9%8A%D9%85+%D8%A7%D9%84%D8%A3%D9%88%D9%84%D9%8A+%D8%A7%D9%84%D8%AE%D8%B5%D9%88%D8%B5%D9%8A+%D9%88%D9%85%D8%B1%D9%83%D8%B2+%D8%A7%D9%84%D9%84%D8%BA%D8%A7%D8%AA+%D9%88%D8%A7%D9%84%D8%AF%D8%B9%D9%85+%D8%A7%D9%84%D8%AA%D8%B1%D8%A8%D9%88%D9%8A%E2%80%AD/data=!4m7!3m6!1s0xd9f8b004673faa3:0xbaed7fe793ce869e!8m2!3d34.0124907!4d-5.0284385!16s%2Fg%2F11w8sflj51!19sChIJo_pzRgCLnw0RnobOk-d_7bo?authuser=0&hl=en&rclk=1,مؤسسة بابا العروصي للتعليم الأولي الخصوصي ومركز اللغات والدعم التربوي,Education Centre,Fez,+212 6 00 35 37 38,2,5,,,,,,,,,,
https://www.google.com/maps/place/%D9%85%D8%B1%D9%83%D8%B2+%D8%A7%D9%84%D8%AF%D8%B9%D9%85+%D9%88+%D8%AA%D8%AF%D8%B1%D9%8A%D8%B3+%D8%A7%D9%84%D9%84%D8%BA%D8%A7%D8%AA+Max+Pro+Center%E2%80%AD/data=!4m7!3m6!1s0xd9f8d7d92b9750f:0x916df5690b219179!8m2!3d34.0219858!4d-4.9710058!16s%2Fg%2F11fnszfg_8!19sChIJD3W5kn2Nnw0ReZEhC2n1bZE?authuser=0&hl=en&rclk=1,مركز الدعم و تدريس اللغات Max Pro Center,Learning Centre,Fez,+212 6 61 92 60 98,5,4.2,,,,,,,,,,
https://www.google.com/maps/place/Deutschsozialkurs+Fes/data=!4m7!3m6!1s0xd9f8b0f6edade5b:0xedab5906209a471b!8m2!3d34.0342044!4d-4.9960243!16s%2Fg%2F11qn7cc_9d!19sChIJW97abg-Lnw0RG0eaIAZZq-0?authuser=0&hl=en&rclk=1,Deutschsozialkurs Fes,Adult education centre,Fez,+212 7 08 32 10 97,1,5,,,,,,,,,,
https://www.google.com/maps/place/Stk+Maroco-Allemand+F%C3%A8s/data=!4m7!3m6!1s0xd9f8b8781f8baa3:0x3a52ef58171dbc2f!8m2!3d34.026412!4d-4.9984892!16s%2Fg%2F11z8vq9vs2!19sChIJo7r4gYeLnw0RL7wdF1jvUjo?authuser=0&hl=en&rclk=1,Stk Maroco-Allemand Fès,Training centre,Fez,+212 6 51 59 51 99,1,5,https://stk-maroc.com/,facebook.com/Studienkolleg.Maroco.Allemand,instagram.com/studienkolleg_maroco,,,,,,info@stk-maroc.com,
https://www.google.com/maps/place/Oasis+Formation/data=!4m7!3m6!1s0xd9ff53147adea3f:0x1d02070ae139a26f!8m2!3d34.0576424!4d-5.0327589!16s%2Fg%2F11cn796hvb!19sChIJP-qtRzH1nw0Rb6I54QoHAh0?authuser=0&hl=en&rclk=1,Oasis Formation,Educational institution,Fez,+212 5 32 30 05 55,5,3.8,,,,,,,,,,
https://www.google.com/maps/place/SPARK+ENGLISH/data=!4m7!3m6!1s0xd9f8b29bf742d7d:0x3ad812d23d0d66eb!8m2!3d34.0169419!4d-5.0501382!16s%2Fg%2F11sw1bb5xs!19sChIJfS10vymLnw0R62YNPdIS2Do?authuser=0&hl=en&rclk=1,SPARK ENGLISH,Independent school,Fez,+212 6 76 22 70 18,0,0,,,,,,,,,,
https://www.google.com/maps/place/%D9%85%D8%B1%D9%83%D8%B2+%D8%AA%D8%B9%D9%84%D9%85+%D8%A7%D9%84%D9%84%D8%BA%D8%A7%D8%AA+Comaras%E2%80%AD/data=!4m7!3m6!1s0xd0b87af9b279ca5:0xa6c23c461f2a85a!8m2!3d35.7552!4d-5.8207438!16s%2Fg%2F11gxmh6_l4!19sChIJpZwnm6-HCw0RWqjyYcQjbAo?authuser=0&hl=en&rclk=1,مركز تعلم اللغات Comaras,Training centre,Tangier,+212 6 78 22 71 06,5,4.2,,,,,,,,,,
https://www.google.com/maps/place/%D9%85%D8%B1%D9%83%D8%B2+%D8%A7%D9%84%D9%8A%D8%A7%D8%B3%D9%85%D9%8A%D9%86+%D9%84%D9%84%D8%AF%D8%B9%D9%85+%D8%A7%D9%84%D9%85%D8%AF%D8%B1%D8%B3%D9%8A+%D9%88+%D8%A7%D9%84%D9%84%D8%BA%D8%A7%D8%AA%E2%80%AD/data=!4m7!3m6!1s0xd0c7f1fb9512201:0xc5664a93f8c9faa4!8m2!3d35.7808063!4d-5.7563365!16s%2Fg%2F11t60y3nd4!19sChIJASJRuR9_DA0RpPrJ-JNKZsU?authuser=0&hl=en&rclk=1,مركز الياسمين للدعم المدرسي و اللغات,Education Centre,Tangier,+212 6 94 69 34 96,1,5,,,,,,,,,,
https://www.google.com/maps/place/Centre+suisse+priv%C3%A9+de+traduction+et+formation/data=!4m7!3m6!1s0xd0b81da935c39cb:0xc39fd1694dc98b23!8m2!3d35.7473279!4d-5.8106856!16s%2Fg%2F11x92d4328!19sChIJyzlck9qBCw0RI4vJTWnRn8M?authuser=0&hl=en&rclk=1,Centre suisse privé de traduction et formation,Translation service,Tangier,+212 7 75 90 23 12,22,4.8,https://bureautraductiontanger.com/,"facebook.com/&quot;]}],[0,{&quot;svg&quot;:[0,&quot;&lt;svg",instagram.com/centresuisse?igsh=MXh5cXJjZXg2Zzlxdw==,"twitter.com/&quot;]}]]],&quot;mobile&quot;:[0,{&quot;top&quot;:[0,277],&quot;left&quot;:[0,0],&quot;width&quot;:[0,328],&quot;height&quot;:[0,19]}],&quot;desktop&quot;:[0,{&quot;top&quot;:[0,121],&quot;left&quot;:[0,777],&quot;width&quot;:[0,325],&quot;height&quot;:[0,19]}],&quot;settings&quot;:[0,{&quot;styles&quot;:[0,{&quot;icon-size&quot;:[0,&quot;19px&quot;],&quot;icon-color&quot;:[0,&quot;rgb(0","linkedin.com/&quot;]}],[0,{&quot;svg&quot;:[0,&quot;&lt;svg",,,wa.me/212775902312,contact@bureautraductiontanger.com, 
https://www.google.com/maps/place/Center+Hafsa+De+Tutoring+And+Languages/data=!4m7!3m6!1s0xdb3b32add02aa21:0xcefeb40c301f24da!8m2!3d30.4677704!4d-9.6409939!16s%2Fg%2F11vc3k9xv8!19sChIJIaoC3Sqzsw0R2iQfMAy0_s4?authuser=0&hl=en&rclk=1,Center Hafsa De Tutoring And Languages,Secondary School,Agadir,+212 6 90 73 85 41,0,0,,,,,,,,,,
"https://www.google.com/maps/place/Best+International+Institute+For+Languages,+Training+Consulting/data=!4m7!3m6!1s0xdb3b7b256e830f9:0x51ce6871fd44585!8m2!3d30.4098416!4d-9.5525787!16s%2Fg%2F11rhqdfzd5!19sChIJ-TDoVrK3sw0RhUXUH4fmHAU?authuser=0&hl=en&rclk=1","Best International Institute For Languages, Training Consulting",Education,Agadir,+212 6 68 10 11 77,10,4.9,,,,,,,,,,
https://www.google.com/maps/place/Center+Language+Medical+Agadir/data=!4m7!3m6!1s0xdb3b75d6066a3af:0xb801075e3043a7b!8m2!3d30.4106895!4d-9.5757679!16s%2Fg%2F11tn90gv7g!19sChIJr6NmYF23sw0RezoE43UQgAs?authuser=0&hl=en&rclk=1,Center Language Medical Agadir,Learning Centre,Agadir,+212 6 67 64 09 00,0,0,,,,,,,,,,
https://www.google.com/maps/place/Institut+Culturel+Allemand+%28ICA%29+safi/data=!4m7!3m6!1s0xdac20d230373137:0xfc910d02ade4c70a!8m2!3d32.2948039!4d-9.225353!16s%2Fg%2F11c617q9dn!19sChIJNzE3MNIgrA0RCsfkrQINkfw?authuser=0&hl=en&rclk=1,Institut Culturel Allemand (ICA) safi,Corporate office,Safi,+212 5 24 62 62 97,3,5,,,,,,,,,,
https://www.google.com/maps/place/Academy+International+Benset/data=!4m7!3m6!1s0xdac2100579fd50f:0x1d7dc91499ee7d69!8m2!3d32.2871905!4d-9.232324!16s%2Fg%2F11whxcpb90!19sChIJD9WfVwAhrA0RaX3umRTJfR0?authuser=0&hl=en&rclk=1,Academy International Benset,Training centre,Safi,+212 7 03 20 24 35,26,5,,,,,,,,,,
https://www.google.com/maps/place/Oxbridge+Academy+Of+Languages/data=!4m7!3m6!1s0xda605dca66fb8df:0xdaee60e1ada358b2!8m2!3d33.002242!4d-7.6213798!16s%2Fg%2F11v153rsbp!19sChIJ37hvptwFpg0RslijreFg7to?authuser=0&hl=en&rclk=1,Oxbridge Academy Of Languages,Education Centre,Settat,+212 6 76 82 39 29,3,5,,,,,,,,,,
https://www.google.com/maps/place/Excellence+Academy+Settat/data=!4m7!3m6!1s0xda6056782aa6fe9:0xf30f91bc9a930198!8m2!3d33.0031!4d-7.619558!16s%2Fg%2F11gbxc6q78!19sChIJ6W-qgmcFpg0RmAGTmryRD_M?authuser=0&hl=en&rclk=1,Excellence Academy Settat,Education Centre,Settat,+212 6 44 52 24 76,17,4.5,,,,,,,,,,
https://www.google.com/maps/place/Quikno+Language+Center/data=!4m7!3m6!1s0xda7cddcf3e5333f:0x88d5de928ff85c56!8m2!3d33.0048386!4d-7.6199107!16s%2Fg%2F11lgdz4m7l!19sChIJPzPl89zNpw0RVlz4j5Le1Yg?authuser=0&hl=en&rclk=1,Quikno Language Center,Computer consultant,Settat,+212 5 23 40 62 88,1,5,,,,,,,,,,
https://www.google.com/maps/place/Centre+Lexicome+International/data=!4m7!3m6!1s0xda605a03724ef85:0xb71d4fea7d967750!8m2!3d33.0038502!4d-7.6196975!16s%2Fg%2F11qn1gn5zx!19sChIJhe8kN6AFpg0RUHeWfepPHbc?authuser=0&hl=en&rclk=1,Centre Lexicome International,Adult education centre,Settat,+212 6 57 52 53 28,22,2.6,,,,,,,,,,
https://www.google.com/maps/place/%D9%85%D8%B1%D9%83%D8%B2+%D8%A2%D9%81%D8%A7%D9%82+%D9%84%D9%84%D8%B9%D9%84%D9%88%D9%85+%D9%88%D8%A7%D9%84%D9%84%D9%91%D8%BA%D8%A7%D8%AA%E2%80%AD/data=!4m7!3m6!1s0xda60f004078896d:0x452717d2f7a3f541!8m2!3d32.9899102!4d-7.5998243!16s%2Fg%2F11zb05hp0n!19sChIJbYl4QAAPpg0RQfWj99IXJ0U?authuser=0&hl=en&rclk=1,مركز آفاق للعلوم واللّغات,Educational institution,Settat,+212 7 68 22 39 96,0,0,,,,,,,,,,
https://www.google.com/maps/place/Centre+Najah+Soutien+Scolaire+Et+Langues/data=!4m7!3m6!1s0xda387cbb15409f5:0x388da0a9e6f70c81!8m2!3d32.3384785!4d-6.3399418!16s%2Fg%2F11sbyjwgqb!19sChIJ9QlUscuHow0RgQz35qmgjTg?authuser=0&hl=en&rclk=1,Centre Najah Soutien Scolaire Et Langues,Education Centre,Beni Mellal,+212 7 72 90 52 16,1,5,,,,,,,,,,
https://www.google.com/maps/place/CENTRE+MEGA+COURS+B%C3%89NI-MELLAL/data=!4m7!3m6!1s0xda387fa90ff40b9:0x42fcb8839afcee9b!8m2!3d32.3333751!4d-6.3630393!16s%2Fg%2F11nxj29yb6!19sChIJuUD_kPqHow0Rm-78moO4_EI?authuser=0&hl=en&rclk=1,CENTRE MEGA COURS BÉNI-MELLAL,Education Centre,Beni Mellal,+212 6 64 72 70 01,14,5,,,,,,,,,,
https://www.google.com/maps/place/Center+Siham+:+Support+And+Languages/data=!4m7!3m6!1s0xda3876c02cf60d1:0x9d1d649448d4c7d!8m2!3d32.3356779!4d-6.3638272!16s%2Fg%2F11vcwbs8y8!19sChIJ0WDPAmyHow0RfUyNREnW0Qk?authuser=0&hl=en&rclk=1,Center Siham : Support And Languages,Education Centre,Beni Mellal,+212 6 68 76 79 75,2,5,,,,,,,,,,
https://www.google.com/maps/place/Eduland+Centre+de+langues+et+Formations/data=!4m7!3m6!1s0xda387000f310af1:0x43a40814fbbfd634!8m2!3d32.3383582!4d-6.367009!16s%2Fg%2F11lcr5sjnt!19sChIJ8QoxDwCHow0RNNa_-xQIpEM?authuser=0&hl=en&rclk=1,Eduland Centre de langues et Formations,Educational institution,Beni Mellal,+212 6 00 90 54 68,1,5,,,,,,,,,,
"https://www.google.com/maps/place/Atlantic+Center+Training+Private+:+Centre+De+Langues,+Informatique+Et+Soutien+Scolaire/data=!4m7!3m6!1s0xda387e556bc3e3b:0xb380d2d83792d0e6!8m2!3d32.3315456!4d-6.3617894!16s%2Fg%2F11rqwzbsrs!19sChIJOz68VuWHow0R5tCSN9jSgLM?authuser=0&hl=en&rclk=1","Atlantic Center Training Private : Centre De Langues, Informatique Et Soutien Scolaire",Learning Centre,Beni Mellal,+212 6 14 14 30 30,6,4.5,https://atlantique.ma/,facebook.com/centreatlantiquefes,instagram.com/centre_atlantique_formation,twitter.com/atlanticenter,linkedin.com/company/centreatlantiqueformation,youtube.com/c/CentreAtlantiqueFormationMaroc,,wa.me/212618865037,,
https://www.google.com/maps/place/Centre+De+Langue+Et+Soutien+Al+Firdaous+Prive/data=!4m7!3m6!1s0xda3874d0ca681e3:0x3bcbf679b3402ba0!8m2!3d32.322953!4d-6.3671468!16s%2Fg%2F11tdbh7d01!19sChIJ44GmDE2How0RoCtAs3n2yzs?authuser=0&hl=en&rclk=1,Centre De Langue Et Soutien Al Firdaous Prive,Education Centre,Beni Mellal,+212 6 19 59 33 16,0,0,,,,,,,,,,
https://www.google.com/maps/place/Institut+Pascal+Info/data=!4m7!3m6!1s0xda387b4f96b285d:0xc07927fdc2e9d3c4!8m2!3d32.3302993!4d-6.3602891!16s%2Fg%2F11c5blyrmp!19sChIJXShr-bSHow0RxNPpwv0necA?authuser=0&hl=en&rclk=1,Institut Pascal Info,Training centre,Beni Mellal,+212 6 60 36 09 38,10,4.8,https://pascalinfo.com/,,,,,,,,support@pascalinfo.com,
https://www.google.com/maps/place/Brandenburg+Institute+B%C3%A9ni+Mellal/data=!4m7!3m6!1s0xda38794ed99bc3d:0x9a8c4839f73e79e3!8m2!3d32.3322605!4d-6.3643323!16s%2Fg%2F11kq7w42yl!19sChIJPbyZ7ZSHow0R43k-9zlIjJo?authuser=0&hl=en&rclk=1,Brandenburg Institute Béni Mellal,Independent school,Beni Mellal,+212 6 42 24 82 12,0,0,https://brandenburg-institut.de/,facebook.com/BrandenburgInstitut,instagram.com/brandenburginstitut,twitter.com/BrandenburgInst?s=08,linkedin.com/company/brandenburg-institut,,,api.whatsapp.com/send/?phone=212777656565&text=Bonjour%2C%0APouvez-vous%20me%20donner%20des%20informations%20sur%20les%20études%20en%20Allemagne%20🇩🇪%20%2C%20sil%20vous%20plaît%20%3F%0A%0AMerci%21%0A,,
https://www.google.com/maps/place/HMD+CENTER+PRIVE/data=!4m7!3m6!1s0xda387a6f326257b:0x86d3f10cc1482545!8m2!3d32.3334935!4d-6.3596764!16s%2Fg%2F11sq9hjjn7!19sChIJeyUm86aHow0RRSVIwQzx04Y?authuser=0&hl=en&rclk=1,HMD CENTER PRIVE,School Centre,Beni Mellal,+212 8 08 60 41 94,9,5,,,,,,,,,,
https://www.google.com/maps/place/%D9%85%D8%B1%D9%83%D8%B2+%D8%A7%D9%84%D8%AA%D8%B9%D9%84%D9%85+%D8%A7%D9%84%D9%84%D8%BA%D8%A9+%D8%A7%D9%84%D9%85%D8%A7%D9%86%D9%8A%D8%A9%E2%80%AD/data=!4m7!3m6!1s0xda3873b0994a3ab:0xe3055fd169b3560b!8m2!3d32.3380077!4d-6.356666!16s%2Fg%2F11vb39jr8v!19sChIJq6OUCTuHow0RC1azadFfBeM?authuser=0&hl=en&rclk=1,مركز التعلم اللغة المانية,Education Centre,Beni Mellal,+212 6 04 02 67 91,20,5,,,,,,,,,,
https://www.google.com/maps/place/Center+Tareq+Continuing+Education+And+Language/data=!4m7!3m6!1s0xda38700551847e3:0x328a9cb402acc087!8m2!3d32.3357139!4d-6.3662948!16s%2Fg%2F11y5grt67w!19sChIJ40cYVQCHow0Rh8CsArScijI?authuser=0&hl=en&rclk=1,Center Tareq Continuing Education And Language,Training centre,Beni Mellal,+212 6 75 90 37 19,0,0,https://center-tareq-beni-mellal.lovable.app/,,,,,,,,,
https://www.google.com/maps/place/%D8%A7%D9%84%D9%85%D8%B1%D9%83%D8%B2+%D8%A7%D9%84%D8%A5%D9%8A%D8%B7%D8%A7%D9%84%D9%8A+%D8%A7%D9%84%D8%A3%D9%88%D8%B1%D9%88%D8%A8%D9%8A+%D9%84%D9%84%D8%AA%D8%B1%D8%AC%D9%85%D8%A9+%D9%88+%D8%A7%D9%84%D9%84%D8%BA%D8%A7%D8%AA%E2%80%8E%E2%80%AD/data=!4m7!3m6!1s0xda466e1f6442729:0x356285430b4f7e8d!8m2!3d32.2969513!4d-6.706988!16s%2Fg%2F1vzn6xyp!19sChIJKSdE9uFmpA0RjX5PC0OFYjU?authuser=0&hl=en&rclk=1,المركز الإيطالي الأوروبي للترجمة و اللغات‎,Translation service,Suq as-Sabt Awlad an-Nama,+212 6 68 69 12 11,147,4.8,https://www.italarabo.com/,,,,linkedin.com/in/jamalezzine,,,wa.me/212642453020,jamal.ezzine@pec.it,
https://www.google.com/maps/place/Aura+Academy/data=!4m7!3m6!1s0xda38750dba8bb9f:0x38f23de87b37991e!8m2!3d32.3324159!4d-6.3643465!16s%2Fg%2F11ympjxx_n!19sChIJn7uo21CHow0RHpk3e-g98jg?authuser=0&hl=en&rclk=1,Aura Academy,Educational institution,Beni Mellal,+212 6 06 03 03 56,4,5,,,,,,,,,,
https://www.google.com/maps/place/California+Language+Center/data=!4m7!3m6!1s0xdbb10773f59b725:0x1a63780d5e45854f!8m2!3d30.9274231!4d-6.9166189!16s%2Fg%2F11c30xhd0v!19sChIJJbdZP3cQuw0RT4VFXg14Yxo?authuser=0&hl=en&rclk=1,California Language Center,Learning Centre,Ouarzazate,+212 6 10 90 75 21,4,5,https://www.clc-maroc.com/,facebook.com/pages/California-Language-Center/293496390663072,instagram.com/california_ozz,,,,,,info@clc-maroc.com,
https://www.google.com/maps/place/Excellence+Language+Centre/data=!4m7!3m6!1s0xc3772e06b0c637b:0x68af5ce568feb6cd!8m2!3d27.154931!4d-13.1982909!16s%2Fg%2F11cp5yqtzj!19sChIJe2MMa-ByNwwRzbb-aOVcr2g?authuser=0&hl=en&rclk=1,Excellence Language Centre,Educational institution,Laayoune,+212 6 00 18 67 80,3,4,,,,,,,,,,
"https://www.google.com/maps/place/Rh%C3%A9sus+Centre+des+langues+,+soutien+et+formation/data=!4m7!3m6!1s0xc3773ff876e5685:0x4e35b516d4582db5!8m2!3d27.1563776!4d-13.2068378!16s%2Fg%2F11rm_6zxpy!19sChIJhVZuh_9zNwwRtS1Y1Ba1NU4?authuser=0&hl=en&rclk=1","Rhésus Centre des langues , soutien et formation",Apprenticeship center,Laayoune,+212 8 08 53 48 18,7,5,,,,,,,,,,
https://www.google.com/maps/place/Unt+center+for+languages+%28E-learning%29+%D8%AA%D8%AF%D8%B1%D9%8A%D8%B3+%D8%A7%D9%84%D9%84%D8%BA%D8%A9+%D8%A7%D9%84%D8%A7%D9%86%D8%AC%D9%84%D9%8A%D8%B2%D9%8A%D8%A9+%D8%B9%D9%86+%D8%A8%D8%B9%D8%AF%E2%80%AD/data=!4m7!3m6!1s0xc3773121ed97c51:0xe3ae3122584d5c8b!8m2!3d27.1308327!4d-13.1753148!16s%2Fg%2F11v3sq3dh0!19sChIJUXzZHhJzNwwRi1xNWCIxruM?authuser=0&hl=en&rclk=1,Unt center for languages (E-learning) تدريس اللغة الانجليزية عن بعد,Education Centre,Laayoune,+212 6 40 13 46 15,8,5,,,,,,,,,,
https://www.google.com/maps/place/GALP+Genius+Academy+of+Languages+%26+Programming+%D8%A3%D9%83%D8%A7%D8%AF%D9%8A%D9%85%D9%8A%D8%A9+%D8%AC%D9%8A%D9%86%D9%8A%D8%B3+%D9%84%D9%84%D8%BA%D8%A7%D8%AA+%D9%88%D8%A7%D9%84%D8%A8%D8%B1%D9%85%D8%AC%D8%A9%E2%80%AD/data=!4m7!3m6!1s0xc3773e92cfad895:0xe54a4f75a437919a!8m2!3d27.1553325!4d-13.1978252!16s%2Fg%2F11vknvq0k7!19sChIJldj6LOlzNwwRmpE3pHVPSuU?authuser=0&hl=en&rclk=1,GALP Genius Academy of Languages & Programming أكاديمية جينيس للغات والبرمجة,School Centre,Laayoune,+212 6 45 64 48 21,1,5,,,,,,,,,,
https://www.google.com/maps/place/Easy+Languages/data=!4m7!3m6!1s0x8ba15a2c50a908fb:0xd816705b32556d33!8m2!3d31.8008346!4d-7.1513478!16s%2Fg%2F11l22styxw!19sChIJ-wipUCxaoYsRM21VMltwFtg?authuser=0&hl=en&rclk=1,Easy Languages,Adult education centre,Assahrij,+212 6 38 27 69 29,0,0,,,,,,,,,,
https://www.google.com/maps/place/IPELC+-+Institut+priv%C3%A9+d%27excellence+en+langues+et+comp%C3%A9tences+-+NADOR/data=!4m7!3m6!1s0xd77a7aa7d4d98e1:0xec31b58c0a28fb0f!8m2!3d35.1676961!4d-2.928727!16s%2Fg%2F11x6dk8771!19sChIJ4ZhNfaqndw0RD_soCoy1Mew?authuser=0&hl=en&rclk=1,IPELC - Institut privé d'excellence en langues et compétences - NADOR,Training centre,Nador,+212 7 10 72 01 00,3,5,,,,,,,,,,
https://www.google.com/maps/place/Ecole+Center+Nador/data=!4m7!3m6!1s0xd77a7c703026857:0xe06ae72c80cd8994!8m2!3d35.146293!4d-2.9154968!16s%2Fg%2F11l73p_bcy!19sChIJV2gCA8endw0RlInNgCznauA?authuser=0&hl=en&rclk=1,Ecole Center Nador,Education Centre,Nador,+212 6 66 84 50 50,32,4.8,https://ecolecenter.com/,facebook.com/elitcolearning1,instagram.com/elitcolearning,,,,,wa.me/0666845050?text=j,contact@ecolecenter.com,
https://www.google.com/maps/place/Beta+Language+Center/data=!4m7!3m6!1s0xd77a753bce58a81:0x8a77ff16e2a3d0f6!8m2!3d35.1705416!4d-2.9309259!16s%2Fg%2F11nn16_pgr!19sChIJgYrlvFOndw0R9tCj4hb_d4o?authuser=0&hl=en&rclk=1,Beta Language Center,Education Centre,Nador,+212 6 62 20 74 37,2,5,,,,,,,,,,
https://www.google.com/maps/place/Institute+Rif+Des+Langues+Et+De+L%27informatique/data=!4m7!3m6!1s0xd77a8376d43b93d:0x100720f615147697!8m2!3d35.1601496!4d-2.968684!16s%2Fg%2F11c5s47vkd!19sChIJPblDbTeodw0Rl3YUFfYgBxA?authuser=0&hl=en&rclk=1,Institute Rif Des Langues Et De L'informatique,Independent school,Ihaddaden حدادن,+212 6 18 85 77 26,0,0,,,,,,,,,,
"https://www.google.com/maps/place/IMI+:+Institut+Multim%C3%A9dia+d%27Informatique,+Apprentissage+des+Langues+%26+Soutien+Scolaire/data=!4m7!3m6!1s0xd77a7f0c2fc3103:0x3e7db99bd64eb881!8m2!3d35.1695807!4d-2.928237!16s%2Fg%2F11b8z9byrj!19sChIJAzH8wvCndw0RgbhO1pu5fT4?authuser=0&hl=en&rclk=1","IMI : Institut Multimédia d'Informatique, Apprentissage des Langues & Soutien Scolaire",Special education school,Nador,+212 5 36 33 07 07,0,0,https://www.iminador.com/,facebook.com/Imi.nador,,,,,,,contact@iminador.com,
https://www.google.com/maps/place/Institute+Andr%C3%A9+chevrel+priv%C3%A9/data=!4m7!3m6!1s0xd77a9cbc9f9eb9b:0xafeb234b3699e8e2!8m2!3d35.1711288!4d-2.9475154!16s%2Fg%2F11sgr0g7xk!19sChIJm-v5ycupdw0R4uiZNksj668?authuser=0&hl=en&rclk=1,Institute André chevrel privé,Education Centre,Nador,+212 6 68 71 36 84,3,4.7,,,,,,,,,,
https://www.google.com/maps/place/Institute+Oxford/data=!4m7!3m6!1s0xd77a50025820417:0xca6ee7f099c841ae!8m2!3d35.0678554!4d-2.9184084!16s%2Fg%2F11lp2rbfdb!19sChIJFwSCJQCldw0RrkHImfDnbso?authuser=0&hl=en&rclk=1,Institute Oxford,Education Centre,Selouane,+212 7 73 82 82 00,2,5,,,,,,,,,,
https://www.google.com/maps/place/Oxford+Institute/data=!4m7!3m6!1s0xd77a90af5d69a5d:0xf4829499b953dcb9!8m2!3d35.1528002!4d-2.9989706!16s%2Fg%2F11g4h5d3yw!19sChIJXZrW9Qqpdw0RudxTuZmUgvQ?authuser=0&hl=en&rclk=1,Oxford Institute,Educational institution,Zeghanghane ⴰⵣⵖⴰⵏⵖⴰⵏ أزغنغان,+212 5 36 35 20 39,4,4.3,,,,,,,,,,
https://www.google.com/maps/place/Speak+Up+Center+-+Khouribga/data=!4m7!3m6!1s0xda69d2a45356dcb:0x3c3022c28c14d641!8m2!3d32.8866993!4d-6.9093648!16s%2Fg%2F11l5jhwfy0!19sChIJy201RSqdpg0RQdYUjMIiMDw?authuser=0&hl=en&rclk=1,Speak Up Center - Khouribga,Learning Centre,Khouribga,+212 6 39 89 41 65,66,5,,,,,,,,,,
https://www.google.com/maps/place/Centre+Smart_school+Des+Langues+Et+De+Soutien+Scolaire./data=!4m7!3m6!1s0xda4277850f9ce7b:0x6fda7fde0ea70a63!8m2!3d32.8848982!4d-6.9205123!16s%2Fg%2F11rwlbjymj!19sChIJe875UHgnpA0RYwqnDt5_2m8?authuser=0&hl=en&rclk=1,Centre Smart_school Des Langues Et De Soutien Scolaire.,School Centre,Khouribga,+212 6 19 91 98 12,3,5,,,,,,,,,,
https://www.google.com/maps/place/American+Center+Language/data=!4m7!3m6!1s0xda69d2e8265c8a3:0x7edd238937195606!8m2!3d32.8899749!4d-6.9051146!16s%2Fg%2F11pvbdtgw0!19sChIJo8hlgi6dpg0RBlYZN4kj3X4?authuser=0&hl=en&rclk=1,American Center Language,Learning Centre,Khouribga,+212 6 61 66 59 42,0,0,,,,,,,,,,
https://www.google.com/maps/place/Smart+Deutsch+Center/data=!4m7!3m6!1s0xda427abf8851957:0xf502e1081f1d21a5!8m2!3d32.8866257!4d-6.9099823!16s%2Fg%2F11ympljj1p!19sChIJVxmF-KsnpA0RpSEdHwjhAvU?authuser=0&hl=en&rclk=1,Smart Deutsch Center,Training centre,Khouribga,+212 6 40 07 37 57,0,0,https://smartdeutsch.ma/#/,,,,,,,,,
https://www.google.com/maps/place/Centre+With+Us/data=!4m7!3m6!1s0xda427004e8e8917:0xc769b79ac8b95771!8m2!3d32.8843673!4d-6.9157308!16s%2Fg%2F11vz8yy1zl!19sChIJF4mOTgAnpA0RcVe5yJq3acc?authuser=0&hl=en&rclk=1,Centre With Us,Training centre,Khouribga,+212 6 64 44 24 30,6,5,,,,,,,,,,
https://www.google.com/maps/place/Center+Simple+%26+Facile/data=!4m7!3m6!1s0xda429faccacab0f:0xfb50ca0822f24344!8m2!3d32.8733047!4d-6.9262688!16s%2Fg%2F11lrvbl0q5!19sChIJD6uszPoppA0RREPyIgjKUPs?authuser=0&hl=en&rclk=1,Center Simple & Facile,Independent school,Khouribga,+212 6 00 40 98 59,0,0,https://www.instagram.com/le_petit_clubfrancais/,,instagram.com/rsrc.php/y4/r/QaBlI0OZiks.ico,,,,,,,
https://www.google.com/maps/place/Centre+des+langues+Langue+anglaise+%D9%85%D8%B1%D9%83%D8%B2+%D8%AA%D8%B9%D9%84%D9%8A%D9%85+%D8%A7%D9%84%D9%84%D8%BA%D8%A9+%D8%A7%D9%84%D8%A7%D9%86%D8%AC%D9%84%D9%8A%D8%B2%D9%8A%D9%87%E2%80%AD/data=!4m7!3m6!1s0xda05b856d476ca1:0x8673db10041723bb!8m2!3d33.8609344!4d-5.5777096!16s%2Fg%2F11t7w3x911!19sChIJoWxHbYVboA0RuyMXBBDbc4Y?authuser=0&hl=en&rclk=1,Centre des langues Langue anglaise مركز تعليم اللغة الانجليزيه,Education Centre,Meknes,+212 6 28 46 01 27,0,0,,,,,,,,,,
https://www.google.com/maps/place/Kant+Deutsch+Institut/data=!4m7!3m6!1s0xda0450065185961:0x3e4094939705e3a7!8m2!3d33.8978304!4d-5.5472169!16s%2Fg%2F11y67720zp!19sChIJYVkYZQBFoA0Rp-MFl5OUQD4?authuser=0&hl=en&rclk=1,Kant Deutsch Institut,Educational institution,Meknes,+212 5 35 51 51 11,17,5,https://kantdeutschinstitut.de/,,,,,,,,"contact@kantdeutschinstitut.com, contact@kantdeutschinstitut.de, noreply@envato.com, support@kantdeutschinstitut.com", 
https://www.google.com/maps/place/Berlin+Institut+Marjane/data=!4m7!3m6!1s0xda05b2e6339c5ff:0x5bfb07103b04dc8b!8m2!3d33.8591758!4d-5.578!16s%2Fg%2F11v9_xq05v!19sChIJ_8U5Yy5boA0Ri9wEOxAH-1s?authuser=0&hl=en&rclk=1,Berlin Institut Marjane,Educational institution,Meknes,+212 6 57 71 13 93,2,5,,,,,,,,,,
https://www.google.com/maps/place/Schoolcom+-+Soutien+scolaire+%26+Centre+de+langues+%C3%A0+Meknes/data=!4m7!3m6!1s0xda05bd38c1fe959:0x3ac0b4f7ed30a6ff!8m2!3d33.8623938!4d-5.570107!16s%2Fg%2F11rdvt2_f9!19sChIJWekfjNNboA0R_6Yw7fe0wDo?authuser=0&hl=en&rclk=1,Schoolcom - Soutien scolaire & Centre de langues à Meknes,School Centre,Meknes,+212 7 77 98 72 74,2,5,,,,,,,,,,
https://www.google.com/maps/place/Selectividad+Meknes+Big+Up+Center/data=!4m7!3m6!1s0xda0456b9277fe9b:0x28ad55b384996dd0!8m2!3d33.9020079!4d-5.547453!16s%2Fg%2F11fwbkm_w0!19sChIJm_53kmtFoA0R0G2ZhLNVrSg?authuser=0&hl=en&rclk=1,Selectividad Meknes Big Up Center,Adult education centre,Meknes,+212 5 35 52 53 80,92,4.9,https://www.bigupcenter.ma/,,,,,,,,,
https://www.google.com/maps/place/Cesm+Center+Spanish+De+Selectividad+M%C3%A9kn%C3%A8s/data=!4m7!3m6!1s0xda04536ab34be21:0xb2210e818e178a87!8m2!3d33.8981834!4d-5.5513682!16s%2Fg%2F11xg3qb2xd!19sChIJIb40qzZFoA0Rh4oXjoEOIbI?authuser=0&hl=en&rclk=1,Cesm Center Spanish De Selectividad Méknès,Training centre,Meknes,+212 6 72 76 50 03,34,4.6,https://selectividad-meknes.com/,,,,,,,,contact@selectividad-meknes.com, 
https://www.google.com/maps/place/Eclairage+Center/data=!4m7!3m6!1s0xda05b2ac97c88fd:0xd6be17d82fb323ac!8m2!3d33.8961348!4d-5.5616981!16s%2Fg%2F11g8w27y78!19sChIJ_Yh8ySpboA0RrCOzL9gXvtY?authuser=0&hl=en&rclk=1,Eclairage Center,Training centre,Meknes,+212 6 69 76 39 57,1,5,,,,,,,,,,
https://www.google.com/maps/place/Centre+Amir/data=!4m7!3m6!1s0xda045b6640c9da3:0x15a9891a4505c497!8m2!3d33.8905161!4d-5.5010303!16s%2Fg%2F11cs5wgv60!19sChIJo50MZLZFoA0Rl8QFRRqJqRU?authuser=0&hl=en&rclk=1,Centre Amir,Tutor,Meknes,+212 6 33 27 75 07,1,5,https://centreamir.wixsite.com/centre,facebook.com/WixFrancais?,,x.com/favicon.ico,,,,,centre.amir@gmail.com,
https://www.google.com/maps/place/Languages+without+borders+%D9%85%D8%B1%D9%83%D8%B2+%D9%84%D8%BA%D8%A7%D8%AA+%D8%A8%D9%84%D8%A7+%D8%AD%D8%AF%D9%88%D8%AF%E2%80%AD/data=!4m7!3m6!1s0xda04559c399c043:0x25c2166b03a674f5!8m2!3d33.9035201!4d-5.4823987!16s%2Fg%2F11lrpp20_0!19sChIJQ8CZw1lFoA0R9XSmA2sWwiU?authuser=0&hl=en&rclk=1,Languages without borders مركز لغات بلا حدود,Education Centre,Ouislane,+212 6 00 20 03 36,2,5,,,,,,,,,,
https://www.google.com/maps/place/Centre+Help/data=!4m7!3m6!1s0xda0455523af9ee7:0x9bd0af442e8fd6ee!8m2!3d33.8760189!4d-5.5598535!16s%2Fg%2F11kfbwjf57!19sChIJ556vI1VFoA0R7taPLkSv0Js?authuser=0&hl=en&rclk=1,Centre Help,Tutor,Meknes,+212 6 54 29 97 17,4,4.5,,,,,,,,,,
https://www.google.com/maps/place/Oxford+Academy+Mekn%C3%A8s/data=!4m7!3m6!1s0xda05b9db74f8859:0x76d5332da1f386e!8m2!3d33.8531751!4d-5.5650207!16s%2Fg%2F11s767pvx6!19sChIJWYhPt51boA0Rbjgf2jJTbQc?authuser=0&hl=en&rclk=1,Oxford Academy Meknès,Education Centre,Meknes,+212 6 49 86 84 04,1,5,,,,,,,,,,
https://www.google.com/maps/place/centre+Tarik+Nour+des+langues+%C3%A9trang%C3%A8res/data=!4m7!3m6!1s0xda0452f574f0c6d:0xae62667437fa436b!8m2!3d33.8552507!4d-5.5314607!16s%2Fg%2F11hz6lcnvr!19sChIJbQxPVy9FoA0Ra0P6N3RmYq4?authuser=0&hl=en&rclk=1,centre Tarik Nour des langues étrangères,Academy,Meknes,+212 6 27 31 71 82,0,0,,,,,,,,,,
https://www.google.com/maps/place/Instituto+Cervantes.+Centro+Cultural+Espa%C3%B1ol/data=!4m7!3m6!1s0xda044dbc5d36dc9:0x68224dbd7e01f2a5!8m2!3d33.9015346!4d-5.5480241!16s%2Fg%2F11bwyvn9z0!19sChIJyW3TxdtEoA0RpfIBfr1NImg?authuser=0&hl=en&rclk=1,Instituto Cervantes. Centro Cultural Español,Cultural centre,Meknes,+212 5 35 40 32 01,36,3.9,https://fez.cervantes.es/fr/default.shtm,facebook.com/InstitutoCervantesFez,,,,youtube.com/c/InstitutoCervantesdeFez,,,"cenfez@cervantes.es, info.nador@cervantes.es, infomeknes@cervantes.es, informafez@cervantes.es", 
https://www.google.com/maps/place/%D9%85%D8%B1%D9%83%D8%B2+%D9%8A%D9%88%D8%B3%D9%81+%D9%84%D9%84%D8%AA%D8%B9%D9%84%D9%8A%D9%85+%D8%A7%D9%84%D8%A7%D9%88%D9%84%D9%8A+%D9%88+%D8%A7%D9%84%D8%AF%D8%B9%D9%85+%D8%A7%D9%84%D9%85%D8%AF%D8%B1%D8%B3%D9%8A+%D9%88+%D8%A7%D9%84%D8%AC%D8%A7%D9%85%D8%B9%D9%8A+%D9%88+%D8%A7%D9%84%D9%84%D8%BA%D8%A7%D8%AA%E2%80%AD/data=!4m7!3m6!1s0xda045f5ef47817d:0xc478bac53165ea28!8m2!3d33.8560538!4d-5.5428121!16s%2Fg%2F11p5znx8vj!19sChIJfYFH7_VFoA0RKOplMcW6eMQ?authuser=0&hl=en&rclk=1,مركز يوسف للتعليم الاولي و الدعم المدرسي و الجامعي و اللغات,Pre-school,Meknes,+212 6 49 78 44 96,4,5,,,,,,,,,,
https://www.google.com/maps/place/Berliner+Zentrum/data=!4m7!3m6!1s0xa7756c6c64a375e5:0xa536cc64f7dc891a!8m2!3d33.900022!4d-5.5461028!16s%2Fg%2F11xdhxkk21!19sChIJ5XWjZGxsdacRGonc92TMNqU?authuser=0&hl=en&rclk=1,Berliner Zentrum,Special education school,Meknes,+212 6 61 66 61 05,0,0,https://www.instagram.com/berliner_zentrum_meknes/,,instagram.com/rsrc.php/y4/r/QaBlI0OZiks.ico,,,,,,,
https://www.google.com/maps/place/GERMA+DU+BILDUNGSZENTRUM+%F0%9F%87%A9%F0%9F%87%AA/data=!4m7!3m6!1s0xda0458b4ca8bbdb:0x589f336da81a0728!8m2!3d33.8964803!4d-5.5479528!16s%2Fg%2F11z3zwx1mz!19sChIJ27uoTItFoA0RKAcaqG0zn1g?authuser=0&hl=en&rclk=1,GERMA DU BILDUNGSZENTRUM 🇩🇪,Learning Centre,Meknes,+212 6 91 24 46 83,4,5,,,,,,,,,,
https://www.google.com/maps/place/Nova+Language+Center/data=!4m7!3m6!1s0xd787defd87e9c21:0x40e95f296c9bf83c!8m2!3d34.657903!4d-1.902033!16s%2Fg%2F11ffv6b6jl!19sChIJIZx-2O99eA0RPPibbClf6UA?authuser=0&hl=en&rclk=1,Nova Language Center,Educational institution,Oujda,+212 6 54 23 15 95,11,3.5,,,,,,,,,,
https://www.google.com/maps/place/Languo+Acad%C3%A9mie+Oujda/data=!4m7!3m6!1s0xd78635c04826f7b:0x82ff5af52a4d6a2!8m2!3d34.6923046!4d-1.9067615!16s%2Fg%2F11sgn9zbsy!19sChIJe2-CBFxjeA0RotakUq_1Lwg?authuser=0&hl=en&rclk=1,Languo Académie Oujda,Learning Centre,Oujda,+212 6 88 07 07 09,3,5,,,,,,,,,,
https://www.google.com/maps/place/Center+Oxford+Community/data=!4m7!3m6!1s0xd78633f44ad50c7:0x584b5d84935d913f!8m2!3d34.6875053!4d-1.8837327!16s%2Fg%2F11rf7_j_t2!19sChIJx1CtRD9jeA0RP5Fdk4RdS1g?authuser=0&hl=en&rclk=1,Center Oxford Community,Education Centre,Oujda,+212 6 35 24 52 53,37,5,,,,,,,,,,
https://www.google.com/maps/place/Centre+de+Formation+Siriuscenter+-+Oujda/data=!4m7!3m6!1s0xd787d03f5ec9559:0x14624ba09537233!8m2!3d34.6606542!4d-1.9037967!16s%2Fg%2F11mgw571_6!19sChIJWZXs9QN9eA0RM3JTCbokRgE?authuser=0&hl=en&rclk=1,Centre de Formation Siriuscenter - Oujda,Training centre,Oujda,+212 6 07 56 78 19,18,3.7,,,,,,,,,,
https://www.google.com/maps/place/Center+Language+Johanne+Gutenberg/data=!4m7!3m6!1s0xd787b49ebab4029:0xdddddeba390c93e0!8m2!3d34.657956!4d-1.9145371!16s%2Fg%2F11gxztvvsx!19sChIJKUCr60l7eA0R4JMMObre3d0?authuser=0&hl=en&rclk=1,Center Language Johanne Gutenberg,Educational institution,Oujda,+212 6 72 08 23 47,1,5,,,,,,,,,,
https://www.google.com/maps/place/Jardin+de+langues/data=!4m7!3m6!1s0xd7865c9e8a1d91f:0xa588516ef6ab3a0!8m2!3d34.6829796!4d-1.91825!16s%2Fg%2F11j3vkbsnw!19sChIJH9mh6MlleA0RoLNq7xaFWAo?authuser=0&hl=en&rclk=1,Jardin de langues,Training centre,Oujda,+212 6 06 02 95 93,0,0,,,,,,,,,,
https://www.google.com/maps/place/Science+Est+Center+Priv%C3%A9/data=!4m7!3m6!1s0xd787d6a3b84165b:0x77996d51ab687281!8m2!3d34.6577557!4d-1.8958915!16s%2Fg%2F11ym0dy88m!19sChIJWxaEO2p9eA0RgXJoq1FtmXc?authuser=0&hl=en&rclk=1,Science Est Center Privé,Adult education centre,Oujda,+212 7 12 07 30 03,4,5,,,,,,,,,,
https://www.google.com/maps/place/Cefolim/data=!4m7!3m6!1s0xd787ca51a8ba343:0x21e674dddc50562b!8m2!3d34.6576009!4d-1.9018245!16s%2Fg%2F11bwqbxx8z!19sChIJQ6OLGqV8eA0RK1ZQ3N105iE?authuser=0&hl=en&rclk=1,Cefolim,Learning Centre,Oujda,+212 6 82 13 50 23,18,4.6,,,,,,,,,,
https://www.google.com/maps/place/Centre+D%27excellence+Abdellah+Guenoune+De+Soutien+Scolaire+Et+Langues/data=!4m7!3m6!1s0xd7863000ae60899:0xacf44449653cffe0!8m2!3d34.6715071!4d-1.8858954!16s%2Fg%2F11wfjqnp1k!19sChIJmQjmCgBjeA0R4P88ZUlE9Kw?authuser=0&hl=en&rclk=1,Centre D'excellence Abdellah Guenoune De Soutien Scolaire Et Langues,Education Centre,Oujda,+212 6 21 00 47 17,0,0,,,,,,,,,,
https://www.google.com/maps/place/Centre+Madinati+Des+Langues+Tutoring/data=!4m7!3m6!1s0xd78639c6ed6dc6f:0x323d2599802c57b6!8m2!3d34.6553929!4d-1.9182297!16s%2Fg%2F11glxm4kkq!19sChIJb9zWbpxjeA0RtlcsgJklPTI?authuser=0&hl=en&rclk=1,Centre Madinati Des Langues Tutoring,Education Centre,Oujda,+212 6 70 53 55 12,4,5,,,,,,,,,,
https://www.google.com/maps/place/Bridges+to+Success+PLC/data=!4m7!3m6!1s0xd787d42b27f6bb7:0xafad376ac7b02fe0!8m2!3d34.6546874!4d-1.8963176!16s%2Fg%2F11l5sjnvq2!19sChIJt2t_skJ9eA0R4C-wx2o3ra8?authuser=0&hl=en&rclk=1,Bridges to Success PLC,Learning Centre,Oujda,+212 6 67 27 34 34,6,5,,,,,,,,,,
https://www.google.com/maps/place/The+Universe+Des+Langues/data=!4m7!3m6!1s0xd786360f4ea6b39:0x4f67c499b3ba60e6!8m2!3d34.681864!4d-1.9001592!16s%2Fg%2F11j81vgn9g!19sChIJOWvq9GBjeA0R5mC6s5nEZ08?authuser=0&hl=en&rclk=1,The Universe Des Langues,School Centre,Oujda,+212 6 41 73 14 70,0,0,,,,,,,,,,
https://www.google.com/maps/place/Center+Sigma+Of+Science+And+Language/data=!4m7!3m6!1s0xd78659f8a4de271:0x353b2af2f6f3005c!8m2!3d34.6812114!4d-1.938147!16s%2Fg%2F11p728db3j!19sChIJceJNip9leA0RXADz9vIqOzU?authuser=0&hl=en&rclk=1,Center Sigma Of Science And Language,Tutor,Oujda,+212 6 01 37 76 17,0,0,,,,,,,,,,
https://www.google.com/maps/place/Institut+fran%C3%A7ais+d%27Oujda/data=!4m7!3m6!1s0xd7864b169e3713b:0xceb54e7bcd4b1dff!8m2!3d34.6785155!4d-1.9227486!16s%2Fg%2F1hc23nsy9!19sChIJO3HjabFkeA0R_x1LzXtOtc4?authuser=0&hl=en&rclk=1,Institut français d'Oujda,Cultural centre,Oujda,+212 5 36 68 21 13,52,4.2,https://if-maroc.org/oujda/,facebook.com/ifoujda,instagram.com/ifoujda,,linkedin.com/company/3475490,youtube.com/user/ifMaroc,,wa.me/212662466264,,
https://www.google.com/maps/place/%D9%85%D8%B1%D9%83%D8%B2+%D8%AA%D8%AD%D8%B5%D9%8A%D9%84+%D9%84%D9%84%D8%B9%D9%84%D9%88%D9%85+%D9%88%D8%A7%D9%84%D9%84%D8%BA%D8%A7%D8%AA+%7C+Centre+Tahsil%E2%80%AD/data=!4m7!3m6!1s0xd78633136904329:0xb917aed4298b7f7f!8m2!3d34.6766389!4d-1.8902676!16s%2Fg%2F11vbg988g9!19sChIJKUOQNjFjeA0Rf3-LKdSuF7k?authuser=0&hl=en&rclk=1,مركز تحصيل للعلوم واللغات | Centre Tahsil,Education Centre,Oujda,+212 6 39 67 43 26,0,0,,,,,,,,,,
https://www.google.com/maps/place/Fle+Course+Of+French+Communication+Maroc/data=!4m7!3m6!1s0xd78655b79032ddb:0xf0a6ba4bcbd46e8e!8m2!3d34.6827037!4d-1.9352593!16s%2Fg%2F11t2lxhdld!19sChIJ2y0DeVtleA0Rjm7Uy0u6pvA?authuser=0&hl=en&rclk=1,Fle Course Of French Communication Maroc,Tutor,Oujda,+212 7 60 40 25 50,2,5,,,,,,,,,,
https://www.google.com/maps/place/English+Easy+Center/data=!4m7!3m6!1s0xd7863e51ce68631:0x777d5cb84f48baeb!8m2!3d34.6965029!4d-1.8873691!16s%2Fg%2F11t_rt3tjn!19sChIJMYbmHOVjeA0R67pIT7hcfXc?authuser=0&hl=en&rclk=1,English Easy Center,Secondary school,Oujda,+212 6 90 97 23 82,0,0,,,,,,,,,,
https://www.google.com/maps/place/%D9%85%D8%B1%D9%83%D8%B2+%D9%85%D9%84%D8%AA%D9%82%D9%89+%D8%A7%D9%84%D8%B9%D9%84%D9%88%D9%85+%D9%88%D8%AC%D8%AF%D8%A9%E2%80%AD/data=!4m7!3m6!1s0xd787d224618345b:0x5b6e8733c68d7a2!8m2!3d34.6563814!4d-1.9024745!16s%2Fg%2F11j4yy1l33!19sChIJWzQYRiJ9eA0RotdoPHPotgU?authuser=0&hl=en&rclk=1,مركز ملتقى العلوم وجدة,Educational institution,Oujda,+212 5 35 53 51 47,3,3.7,https://forum-sciences.blogspot.com/search/label/%D8%A7%D9%84%D9%84%D8%BA%D8%A7%D8%AA?m=1,facebook.com/Centre-multi-spécialités-de-formation-théorique-pratique-et-technique-495162204337525,,,,youtube.com/vi,,,,
https://www.google.com/maps/place/Education+Mondiale/data=!4m7!3m6!1s0xd0b42fe265352e3:0x44c49599aaaea6dd!8m2!3d35.581989!4d-5.352136!16s%2Fg%2F11c58nk9h8!19sChIJ41JTJv5CCw0R3aauqpmVxEQ?authuser=0&hl=en&rclk=1,Education Mondiale,Consultant,Tétouan تطوان,+212 5 39 71 68 62,32,4.7,https://www.edumondiale.com/,facebook.com/educationmondiale,instagram.com/educationmondiale,x.com/bolt-performance?src=72&evid=,linkedin.com/in/al-berdouni,youtube.com/watch?v=VXIK_a5V9o0,,,,
https://www.google.com/maps/place/TamoudaCenter/data=!4m7!3m6!1s0xd0b425d7663e5f3:0x1041dfdf70ef5820!8m2!3d35.5692976!4d-5.3721878!16s%2Fg%2F11c58sc4wb!19sChIJ8-Vjdl1CCw0RIFjvcN_fQRA?authuser=0&hl=en&rclk=1,TamoudaCenter,Training centre,Tétouan تطوان,+212 5 39 70 27 52,14,3.4,https://tamouda-center.com/,facebook.com/tamoudacenter,instagram.com/tamouda_center,,,youtube.com/watch?v=jDDaplaOz7Q,,,tamoudacenter@gmail.com,
https://www.google.com/maps/place/Lounge+Of+French/data=!4m7!3m6!1s0xd0b43309a9fc52b:0x7ce9fb6b55d5b56!8m2!3d35.5705931!4d-5.3715315!16s%2Fg%2F11yf4v90cz!19sChIJK8WfmjBDCw0RVltdtbafzgc?authuser=0&hl=en&rclk=1,Lounge Of French,School Centre,Tétouan تطوان,+212 7 70 17 38 28,7,5,https://www.youtube.com/@visonsjuste?si=2diXF_IsWjxDWl-6,facebook.com/youtube,instagram.com/youtube,x.com/YouTube,,youtube.com/ads,tiktok.com/@visonsjuste,,,
https://www.google.com/maps/place/CLFA+:+Centre+de+Langues+Fran%C3%A7aise+%26+Anglaise_T%C3%A9touan/data=!4m7!3m6!1s0xd0b430046b40a57:0x37a92422394058e1!8m2!3d35.5682109!4d-5.3935978!16s%2Fg%2F11w1twd8v8!19sChIJVwq0RgBDCw0R4VhAOSIkqTc?authuser=0&hl=en&rclk=1,CLFA : Centre de Langues Française & Anglaise_Tétouan,Education Centre,Tétouan تطوان,+212 5 39 96 96 88,2,5,,,,,,,,,,
https://www.google.com/maps/place/Centre+des+Langues+Assaoud/data=!4m7!3m6!1s0xd0b43fb2bbe134d:0xa8583eabe7174af!8m2!3d35.5690139!4d-5.3778402!16s%2Fg%2F11l23wczly!19sChIJTRO-K_tDCw0Rr3RxvuqDhQo?authuser=0&hl=en&rclk=1,Centre des Langues Assaoud,Education Centre,Tétouan تطوان,+212 7 60 45 69 17,7,5,,,,,,,,,,
https://www.google.com/maps/place/Academia+Bernabe/data=!4m7!3m6!1s0xd0b43d04fb99c21:0x24dc9e4571f9aa0e!8m2!3d35.5814395!4d-5.3577724!16s%2Fg%2F11rc9trlfg!19sChIJIZy5T9BDCw0RDqr5cUWe3CQ?authuser=0&hl=en&rclk=1,Academia Bernabe,Education Centre,Tétouan تطوان,+212 6 15 57 04 92,3,5,,,,,,,,,,
https://www.google.com/maps/place/%D9%85%D8%B1%D9%83%D8%B2+%D9%86%D9%88%D8%B1+%D8%A7%D9%84%D9%87%D8%AF%D9%89+%D8%AA%D8%B9%D9%84%D9%8A%D9%85+%D8%A7%D9%84%D9%84%D8%BA%D8%A7%D8%AA+%D9%88%D8%A7%D9%84%D8%AF%D8%B9%D9%85+%D8%A7%D9%84%D9%85%D8%AF%D8%B1%D8%B3%D9%8A%E2%80%AD/data=!4m7!3m6!1s0xd0b438b5fc768e9:0xb8d43a4a5553303a!8m2!3d35.5887644!4d-5.3635067!16s%2Fg%2F11vly0qqn2!19sChIJ6WjHX4tDCw0ROjBTVUo61Lg?authuser=0&hl=en&rclk=1,مركز نور الهدى تعليم اللغات والدعم المدرسي,Education Centre,Tétouan تطوان,+212 7 16 66 55 45,0,0,,,,,,,,,,
https://www.google.com/maps/place/Centre+Z%C3%A9nith+T%C3%A9touan+%D9%85%D8%B1%D9%83%D8%B2+%D8%A7%D9%84%D9%84%D8%BA%D8%A7%D8%AA+%D9%88%D8%A7%D9%84%D8%AF%D8%B9%D9%85+%D8%A7%D9%84%D9%85%D8%AF%D8%B1%D8%B3%D9%8A%E2%80%AD/data=!4m7!3m6!1s0xd0b434d3df9fc9d:0x456be3e02bc7875d!8m2!3d35.5676609!4d-5.3932067!16s%2Fg%2F11sqgrrfsg!19sChIJnfz5PU1DCw0RXYfHK-Dja0U?authuser=0&hl=en&rclk=1,Centre Zénith Tétouan مركز اللغات والدعم المدرسي,School Centre,Tétouan تطوان,+212 7 08 99 83 07,18,4.7,,,,,,,,,,
https://www.google.com/maps/place/Centre+Zad+Almaerifa/data=!4m7!3m6!1s0xd0b434258981fe1:0xe6732d06e62006c0!8m2!3d35.578473!4d-5.3556819!16s%2Fg%2F11mlyxbgsl!19sChIJ4R-YWEJDCw0RwAYg5gYtc-Y?authuser=0&hl=en&rclk=1,Centre Zad Almaerifa,Visitor centre,Tétouan تطوان,+212 6 68 71 72 81,4,5,,,,,,,,,,
https://www.google.com/maps/place/Centre+Valid%C3%A9/data=!4m7!3m6!1s0xd0b43905c1f1e4f:0x17ed21b5e5aec373!8m2!3d35.5721712!4d-5.3794872!16s%2Fg%2F11mhxxb2pg!19sChIJTx4fXJBDCw0Rc8Ou5bUh7Rc?authuser=0&hl=en&rclk=1,Centre Validé,Learning Centre,Tétouan تطوان,+212 7 02 71 21 11,31,4.9,,,,,,,,,,
https://www.google.com/maps/place/TETOUAN+ADVISORS+SARL/data=!4m7!3m6!1s0xd0b424fd9ea51ad:0xb82e7a370e8da66a!8m2!3d35.566899!4d-5.360659!16s%2Fg%2F11dfx83kdh!19sChIJrVHq2U9CCw0RaqaNDjd6Lrg?authuser=0&hl=en&rclk=1,TETOUAN ADVISORS SARL,Business management consultant,Tétouan تطوان,+212 6 11 64 27 26,11,1.8,,,,,,,,,,
https://www.google.com/maps/place/Centre+Privilege+Kenitra/data=!4m7!3m6!1s0xda759e405868af9:0xc9ebc455ad6b2714!8m2!3d34.2591695!4d-6.5841472!16s%2Fg%2F11f157_5ws!19sChIJ-YqGBeRZpw0RFCdrrVXE68k?authuser=0&hl=en&rclk=1,Centre Privilege Kenitra,Adult education centre,Kenitra,+212 5 37 39 78 78,22,4.3,,,,,,,,,,
https://www.google.com/maps/place/Group+academy+de+la+formation+pratique/data=!4m7!3m6!1s0xda759fd2b3a4bbb:0xe9973708c2cc68b5!8m2!3d34.2607761!4d-6.5827109!16s%2Fg%2F11pwy64154!19sChIJu0s6K_1Zpw0RtWjMwgg3l-k?authuser=0&hl=en&rclk=1,Group academy de la formation pratique,Adult education centre,Kenitra,+212 5 37 36 31 36,87,4.8,https://groupacademy.ma/,facebook.com/Formationgroupacademy2022,instagram.com/center_groupacademy/#,twitter.com/twitter,,youtube.com/@groupacademydelaformationp676/featured,tiktok.com/@groupacademy,,groupacademy2019@gmail.com,
https://www.google.com/maps/place/Course+Of+French/data=!4m7!3m6!1s0xda759e06beb5b1d:0xf734f542e9b93f56!8m2!3d34.2605394!4d-6.5971221!16s%2Fg%2F11tcs6dpf0!19sChIJHVvra-BZpw0RVj-56UL1NPc?authuser=0&hl=en&rclk=1,Course Of French,Tutor,Kenitra,+212 6 77 88 86 53,2,5,,,,,,,,,,
https://www.google.com/maps/place/Centre+Brainup+The+Cours+De+Soutien+Scolaire+Et+Langues+Kenitra+-+%D9%85%D8%B1%D9%83%D8%B2+%D8%A7%D9%84%D8%AF%D8%B9%D9%85+%D8%A7%D9%84%D9%85%D8%AF%D8%B1%D8%B3%D9%8A%E2%80%AD/data=!4m7!3m6!1s0xda759deb4e2a57d:0xc7eba2bb6f5e83e0!8m2!3d34.2595623!4d-6.5872676!16s%2Fg%2F11w_mld9wn!19sChIJfaXitN5Zpw0R4INeb7ui68c?authuser=0&hl=en&rclk=1,Centre Brainup The Cours De Soutien Scolaire Et Langues Kenitra - مركز الدعم المدرسي,Tutor,Kenitra,+212 7 50 86 09 54,0,0,https://docs.google.com/forms/d/e/1FAIpQLSfAXZ3M-_hE29Y1y0_TRrzZpdpQu1xitdVCIC2CRpuzvcmHEg/viewform?usp=send_form,,,,,,,,,
"https://www.google.com/maps/place/Austen+Academy+%7C+Centre+De+Langues,+Kenitra/data=!4m7!3m6!1s0xda759e0b2091c9d:0x6016e484ef854d32!8m2!3d34.2571819!4d-6.5898362!16s%2Fg%2F11ml9l1mwk!19sChIJnRwJsuBZpw0RMk2F74TkFmA?authuser=0&hl=en&rclk=1","Austen Academy | Centre De Langues, Kenitra",Training centre,Kenitra,+212 6 60 36 86 28,35,5,https://austen-academy.ma/,facebook.com/profile.php?id=61581530708632,instagram.com/austenacademy,,,youtube.com/embed/kY93rGJs92o,,wa.me/212660368628,ihssane@austenacademymaroc.com, 
"https://www.google.com/maps/place/Linguart+Acad%C3%A9mie+%7C+Centre+De+Langues,+Support+And+Training+Professional+%C3%80+K%C3%A9nitra/data=!4m7!3m6!1s0xda7591a72d93de1:0x83a01243b1aa5e47!8m2!3d34.2485414!4d-6.6076804!16s%2Fg%2F11zbmpxz81!19sChIJ4T3ZchpZpw0RR16qsUMSoIM?authuser=0&hl=en&rclk=1","Linguart Académie | Centre De Langues, Support And Training Professional À Kénitra",Training centre,Kenitra,+212 6 08 35 61 94,0,0,,,,,,,,,,
https://www.google.com/maps/place/Global+Languages+Institute/data=!4m7!3m6!1s0xda7597d72f1cab3:0x652b62d79c7b3956!8m2!3d34.2603453!4d-6.5809373!16s%2Fg%2F11vhvmlhmw!19sChIJs8rxcn1Zpw0RVjl7nNdiK2U?authuser=0&hl=en&rclk=1,Global Languages Institute,Education Centre,Kenitra,+212 6 56 72 15 00,1,5,,,,,,,,,,
https://www.google.com/maps/place/Centre+Formation+Domain+Groupe/data=!4m7!3m6!1s0xda759c69cbd13b3:0x44e03628f881f95d!8m2!3d34.2535021!4d-6.5900698!16s%2Fg%2F11w2jtzh8b!19sChIJsxO9nMZZpw0RXfmB-Cg24EQ?authuser=0&hl=en&rclk=1,Centre Formation Domain Groupe,Training centre,Kenitra,+212 5 30 61 06 10,15,5,https://domaingroupemaroc.com/,,,,,,,,"conatct@domaingroupemaroc.com, contact@domaingroupemaroc.com", 
https://www.google.com/maps/place/Bridgerland+Cll/data=!4m7!3m6!1s0xda759b4d8356afb:0x35b8bd99895e80b5!8m2!3d34.2609104!4d-6.5806219!16s%2Fg%2F11ptylhscj!19sChIJ-2o12LRZpw0RtYBeiZm9uDU?authuser=0&hl=en&rclk=1,Bridgerland Cll,Coaching center,Kenitra,+212 6 44 89 94 78,1,5,,,,,,,,,,
https://www.google.com/maps/place/Abc+Zentrum+German+Language+%26+Consulting/data=!4m7!3m6!1s0xda757cc5356641d:0x39ceb4abad670279!8m2!3d34.2595621!4d-6.5554199!16s%2Fg%2F11ypc5rksg!19sChIJHWRWU8xXpw0ReQJnrau0zjk?authuser=0&hl=en&rclk=1,Abc Zentrum German Language & Consulting,Training centre,Kenitra,+212 6 99 07 12 00,38,4.9,,,,,,,,,,
https://www.google.com/maps/place/Technolangue/data=!4m7!3m6!1s0xda759ca5c664cd1:0xa29e5d22bd83290c!8m2!3d34.2594467!4d-6.5855387!16s%2Fg%2F11hss2gwg_!19sChIJ0UxmXMpZpw0RDCmDvSJdnqI?authuser=0&hl=en&rclk=1,Technolangue,Learning Centre,Kenitra,+212 5 32 99 99 90,0,0,,,,,,,,,,
https://www.google.com/maps/place/The+Workshop+Studio/data=!4m7!3m6!1s0xda75943fcfc0317:0x4888d9a4e1e288d9!8m2!3d34.2602551!4d-6.5937408!16s%2Fg%2F11x1cs02t7!19sChIJFwP8_ENZpw0R2Yji4aTZiEg?authuser=0&hl=en&rclk=1,The Workshop Studio,Social club,Kenitra,+212 6 69 81 10 90,13,5,https://theworkshopstudio.org/,facebook.com/Hostinger,instagram.com/hostinger_global/?hl=en,x.com/Hostinger,,,,wa.me/+212669811090,email@email.com,
https://www.google.com/maps/place/Rhouzal+academy/data=!4m7!3m6!1s0xda7590072c23389:0x8948a806389fe7f8!8m2!3d34.2560062!4d-6.5931235!16s%2Fg%2F11wfdkf8f0!19sChIJiTPCcgBZpw0R-OefOAaoSIk?authuser=0&hl=en&rclk=1,Rhouzal academy,Education Centre,Kenitra,+212 6 91 90 15 23,20,5,,,,,,,,,,
https://www.google.com/maps/place/%D8%A7%D9%83%D8%A7%D8%AF%D9%8A%D9%85%D9%8A%D9%87+%D8%A7%D9%84%D9%85%D9%87%D8%A7%D8%B1%D8%A7%D8%AA+%D8%B1%D9%88%D8%B6+%D8%AF%D8%B1%D9%88%D8%B3+%D8%AF%D8%B9%D9%85+%D9%84%D8%BA%D8%A7%D8%AA%E2%80%AD/data=!4m7!3m6!1s0xda759a8e3a4c1cd:0x4a307d78dbbfb3c!8m2!3d34.2494935!4d-6.6532012!16s%2Fg%2F11z67lhk5x!19sChIJzcGk46hZpw0RPPu7jdcHowQ?authuser=0&hl=en&rclk=1,اكاديميه المهارات روض دروس دعم لغات,General education school,Mehdya,+212 6 77 23 23 10,0,0,,,,,,,,,,
https://www.google.com/maps/place/%D9%85%D8%B1%D9%83%D8%B2+%D8%A5%D9%8A%D8%B1%D8%A7%D8%A8%D8%A7+%D9%84%D9%84%D8%AF%D8%B9%D9%85+%D8%A7%D9%84%D9%85%D8%AF%D8%B1%D8%B3%D9%8A+%D9%88%D8%A7%D9%84%D9%84%D8%BA%D8%A7%D8%AA+%D9%88%D8%A7%D9%84%D8%AA%D9%83%D9%88%D9%8A%D9%86+%D8%A7%D9%84%D9%85%D8%B3%D8%AA%D9%85%D8%B1%E2%80%AD/data=!4m7!3m6!1s0xda759d7235cdc07:0x2fadfc0becec1be4!8m2!3d34.2591971!4d-6.5883832!16s%2Fg%2F11s867l8_4!19sChIJB9xcI9dZpw0R5Bvs7Av8rS8?authuser=0&hl=en&rclk=1,مركز إيرابا للدعم المدرسي واللغات والتكوين المستمر,Tutor,Kenitra,+212 6 63 23 55 18,3,5,,,,,,,,,,
https://www.google.com/maps/place/German+Bridge/data=!4m7!3m6!1s0xda75900078914c5:0x7244a2c288775e07!8m2!3d34.25683!4d-6.5827217!16s%2Fg%2F11v_4wf2s1!19sChIJxRSJBwBZpw0RB153iMKiRHI?authuser=0&hl=en&rclk=1,German Bridge,Student career counseling office,Kenitra,+212 6 17 92 03 26,5,5,,,,,,,,,,
https://www.google.com/maps/place/Lingua+America+Academy/data=!4m7!3m6!1s0xda759004d7078cb:0xbf4afeabd3e218f7!8m2!3d34.270179!4d-6.60154!16s%2Fg%2F11vxkf96dz!19sChIJy3hwTQBZpw0R9xji06v-Sr8?authuser=0&hl=en&rclk=1,Lingua America Academy,Education Centre,Kenitra,+212 6 01 76 54 69,7,5,,,,,,,,,,
https://www.google.com/maps/place/Centre+Elatifi+De+Tutoring+And+Languages/data=!4m7!3m6!1s0xda7591b6e458d5b:0xb92a38882e97e692!8m2!3d34.2567021!4d-6.6490078!16s%2Fg%2F11h0tjs9_z!19sChIJW41FbhtZpw0RkuaXLog4Krk?authuser=0&hl=en&rclk=1,Centre Elatifi De Tutoring And Languages,Tutor,Mehdya,+212 6 48 77 95 79,1,5,,,,,,,,,,
https://www.google.com/maps/place/Alliance+Educative+%D9%85%D8%B1%D9%83%D8%B2%D8%A7%D9%84%D8%AF%D8%B9%D9%85+%D9%88%D8%A7%D9%84%D8%AA%D9%82%D9%88%D9%8A%D8%A9%E2%80%AD/data=!4m7!3m6!1s0xda7594d6b7d8da5:0x3162a8662bffa968!8m2!3d34.241076!4d-6.6507798!16s%2Fg%2F11v9_r98ld!19sChIJpY19a01Zpw0RaKn_K2aoYjE?authuser=0&hl=en&rclk=1,Alliance Educative مركزالدعم والتقوية,Adult education centre,Mehdya,+212 7 77 36 70 26,6,5,,,,,,,,,,
https://www.google.com/maps/place/Prof+English+top/data=!4m7!3m6!1s0xda759bf8a87b197:0x6f40e6ed75cfdc4a!8m2!3d34.2604969!4d-6.5970867!16s%2Fg%2F11zh8lyl51!19sChIJl7GHir9Zpw0RStzPde3mQG8?authuser=0&hl=en&rclk=1,Prof English top,Tutor,Kenitra,+212 6 01 15 30 07,5,5,,,,,,,,,,
https://www.google.com/maps/place/%22A+New+English+Club%22/data=!4m7!3m6!1s0xda759000e9265cb:0xf0ba9f589508d838!8m2!3d34.2625692!4d-6.5916741!16s%2Fg%2F11zgz70_h3!19sChIJy2WSDgBZpw0RONgIlVifuvA?authuser=0&hl=en&rclk=1,"""A New English Club""",Club,Kenitra,+212 6 13 88 95 15,0,0,https://englishclub.ma/,,,,,,,,,
https://www.google.com/maps/place/Bullet+English/data=!4m7!3m6!1s0xda759299f57aadf:0xb8ae531b6e0fe437!8m2!3d34.2587538!4d-6.5835715!16s%2Fg%2F11rr_z31vr!19sChIJ36pXnylZpw0RN-QPbhtTrrg?authuser=0&hl=en&rclk=1,Bullet English,Educational institution,Kenitra,+212 6 14 30 15 57,3,5,,,,,,,,,,
https://www.google.com/maps/place/English+plus+center/data=!4m7!3m6!1s0xda75959d2f49d7f:0x39bc0440ad9b2676!8m2!3d34.2558163!4d-6.5815186!16s%2Fg%2F11p14m57zg!19sChIJf5300llZpw0RdiabrUAEvDk?authuser=0&hl=en&rclk=1,English plus center,Education Centre,Kenitra,+212 6 36 87 92 91,0,0,,,,,,,,,,
https://www.google.com/maps/place/Your+English+Teacher/data=!4m7!3m6!1s0xda75953dcd96f6b:0x37a205373a69b1fe!8m2!3d34.2574272!4d-6.626116!16s%2Fg%2F11k56ttt_n!19sChIJa2_Z3FNZpw0R_rFpOjcFojc?authuser=0&hl=en&rclk=1,Your English Teacher,Educational consultant,Kenitra,+212 6 43 52 03 00,0,0,,,,,,,,,,
https://www.google.com/maps/place/High+Tech+Training+Center+:+Language+Center+%26+Vocational+Training/data=!4m7!3m6!1s0xda91d57cafd46c3:0x8846e567fc7d5adf!8m2!3d33.2533131!4d-8.5034656!16s%2Fg%2F11j4h24l8_!19sChIJw0b9ylcdqQ0R31p9_GflRog?authuser=0&hl=en&rclk=1,High Tech Training Center : Language Center & Vocational Training,Training centre,El Jadida,+212 6 42 49 27 71,125,4.8,https://hightechtrainingcenter.com/,,,,,youtube.com/embed/KKXslLlKROM?feature=oembed?playlist=KKXslLlKROM&mute=0&autoplay=0&loop=no&controls=0&start=0&end=,,,contact@hightechtrainingcenter.com, 
https://www.google.com/maps/place/Apprentis+:+Centre+De+Langues/data=!4m7!3m6!1s0xda91f2aa03ac2ad:0x47897a248e896926!8m2!3d33.226348!4d-8.4915966!16s%2Fg%2F11y3h53jyc!19sChIJrcI6oCofqQ0RJmmJjiR6iUc?authuser=0&hl=en&rclk=1,Apprentis : Centre De Langues,Apprenticeship center,El Jadida,+212 6 06 39 09 54,6,3.5,,,,,,,,,,
https://www.google.com/maps/place/PIVOT+Languages+Center/data=!4m7!3m6!1s0xda91da8f8af8c8b:0xc2d1ef31bef4eb84!8m2!3d33.2511391!4d-8.5023565!16s%2Fg%2F11kc3v6ttv!19sChIJi4yv-KgdqQ0RhOv0vjHv0cI?authuser=0&hl=en&rclk=1,PIVOT Languages Center,Education Centre,El Jadida,+212 6 56 21 00 51,9,5,https://linktr.ee/pivot_languages_center,facebook.com/pivotcenterofficial,instagram.com/pivot_languages_center,,,,tiktok.com/@pivot_languages_center,wa.me/+212656210051,pivot.languages.center@gmail.com, 
https://www.google.com/maps/place/American+Language+Center/data=!4m7!3m6!1s0xda91e08fe98b95f:0xfe98317cce0d3937!8m2!3d33.2341774!4d-8.4975221!16s%2Fg%2F11bc8znv2m!19sChIJX7mY_ggeqQ0RNzkNznwxmP4?authuser=0&hl=en&rclk=1,American Language Center,Adult education centre,El Jadida,+212 5 23 34 34 40,23,4.6,,,,,,,,,,
https://www.google.com/maps/place/Institut+Fran%C3%A7ais+d%27El+Jadida/data=!4m7!3m6!1s0xda91de346c06e41:0x321a0b45b1fd685e!8m2!3d33.2424441!4d-8.4954777!16s%2Fg%2F1pp2w_lz1!19sChIJQW7ARuMdqQ0RXmj9sUULGjI?authuser=0&hl=en&rclk=1,Institut Français d'El Jadida,Cultural centre,El Jadida,+212 5 23 35 35 29,176,4,https://if-maroc.org/eljadida/,facebook.com/ifeljadida,instagram.com/if_eljadida,,linkedin.com/company/34754909,youtube.com/user/ifMaroc,,wa.me/212662466264,,
https://www.google.com/maps/place/Center+Choukri+Languages+Et+Tutoring/data=!4m7!3m6!1s0xda91dfd5f2eb809:0xf9c4fe8d3f1b685d!8m2!3d33.237718!4d-8.4942135!16s%2Fg%2F11cs3ys1pp!19sChIJCbguX_0dqQ0RXWgbP43-xPk?authuser=0&hl=en&rclk=1,Center Choukri Languages Et Tutoring,Vocational school,El Jadida,+212 6 15 04 51 81,0,0,,,,,,,,,,
https://www.google.com/maps/place/El+Ferdaous+Center/data=!4m7!3m6!1s0xda91d9f3fd2c365:0x50019ee4ac7c3dbe!8m2!3d33.2420308!4d-8.5176494!16s%2Fg%2F11w1l3_50g!19sChIJZcPSP58dqQ0Rvj18rOSeAVA?authuser=0&hl=en&rclk=1,El Ferdaous Center,Distance Learning Centre,El Jadida,+212 6 01 04 43 83,83,4.9,https://elferdaouscenter.com/,facebook.com/tr?id=1096659051979721&ev=PageView&noscript=1,instagram.com/elferdaous.center?igsh=Ynk1a2lydjVvNjF1&utm_source=qr,,,,,,contact@elferdaouscenter.com,
https://www.google.com/maps/place/Centre+%C3%89tudance+Des+Langues-Soutien+Scolaire+University/data=!4m7!3m6!1s0xda91fdec24b4867:0x1898ce911f81a6ef!8m2!3d33.251452!4d-8.5193134!16s%2Fg%2F11tff6nxqg!19sChIJZ0hLwt4fqQ0R76aBH5HOmBg?authuser=0&hl=en&rclk=1,Centre Étudance Des Langues-Soutien Scolaire University,Special education school,El Jadida,+212 6 02 11 61 57,0,0,,,,,,,,,,
https://www.google.com/maps/place/Center+Al+Rayan+:+Languages+Tutoring/data=!4m7!3m6!1s0xda91dc3e08023b7:0x7b1134840da3d733!8m2!3d33.2531699!4d-8.5104447!16s%2Fg%2F11f03qtptq!19sChIJtyOA4MMdqQ0RM9ejDYQ0EXs?authuser=0&hl=en&rclk=1,Center Al Rayan : Languages Tutoring,Apprenticeship center,El Jadida,+212 6 39 02 90 48,5,5,,,,,,,,,,
https://www.google.com/maps/place/Boosting+Center/data=!4m7!3m6!1s0xda91dbbde8d747d:0xe03bda985cbf8681!8m2!3d33.2436859!4d-8.5308441!16s%2Fg%2F11fs0p8g5g!19sChIJfXSN3rsdqQ0RgYa_XJjaO-A?authuser=0&hl=en&rclk=1,Boosting Center,Learning Centre,El Jadida,+212 6 00 35 70 42,50,4.8,,,,,,,,,,
https://www.google.com/maps/place/Global+Centre/data=!4m7!3m6!1s0xda91d9e3250f4d1:0xeb92077f4d75ab20!8m2!3d33.2529822!4d-8.5146749!16s%2Fg%2F11fmzj059y!19sChIJ0fRQMp4dqQ0RIKt1TX8Hkus?authuser=0&hl=en&rclk=1,Global Centre,Training centre,El Jadida,+212 6 80 33 72 77,19,4.7,,,,,,,,,,
https://www.google.com/maps/place/West+Education/data=!4m7!3m6!1s0xda91d746315a3e5:0x882b3d89ed7b4b78!8m2!3d33.2263466!4d-8.4967687!16s%2Fg%2F11h7f8jpnq!19sChIJ5aMVY3QdqQ0ReEt77Yk9K4g?authuser=0&hl=en&rclk=1,West Education,Education Centre,El Jadida,+212 6 67 07 82 73,17,5,https://www.westeducationma.com/,facebook.com/westeducationmorocco,instagram.com/west_education_ma,,linkedin.com/company/western-educational-services-and-training-west-staffing-pros,,,wa.me/212667078273,westeducation16@gmail.com,
https://www.google.com/maps/place/Alliance+Access+:+Consulting+Training+Networking+-+China/data=!4m7!3m6!1s0xda91d4a86be74e1:0xc22563dd808f48d1!8m2!3d33.2530953!4d-8.504114!16s%2Fg%2F11myntqss1!19sChIJ4XS-hkodqQ0R0UiPgN1jJcI?authuser=0&hl=en&rclk=1,Alliance Access : Consulting Training Networking - China,Business Centre,El Jadida,+212 7 11 18 61 16,2,5,https://alliance-access.com/,,,,,,,,,
https://www.google.com/maps/place/Deutschall+-+El+Jadida/data=!4m7!3m6!1s0xda91d1fb5d2301f:0xda7aeda174d296a0!8m2!3d33.2363386!4d-8.5300642!16s%2Fg%2F11rn5chp6x!19sChIJHzDStR8dqQ0RoJbSdKHteto?authuser=0&hl=en&rclk=1,Deutschall - El Jadida,Educational institution,El Jadida,+212 6 08 24 00 94,6,5,,,,,,,,,,
https://www.google.com/maps/place/English+with+Ismail/data=!4m7!3m6!1s0xda91f7542b46db7:0xb0c4b3e901e5af57!8m2!3d33.2357147!4d-8.5200281!16s%2Fg%2F11wq0m9wr8!19sChIJt220QnUfqQ0RV6_lAemzxLA?authuser=0&hl=en&rclk=1,English with Ismail,Education Centre,El Jadida,+212 7 77 76 25 33,20,4.9,https://englishwithismail.com/,facebook.com/Englishwithismail2,,,,,,,"info@englishwithismail.com, nn0864772@gmail.com", 
https://www.google.com/maps/place/Elpida+English+Center/data=!4m7!3m6!1s0xda91fab7069d1e1:0x7bba90ef5290f2e6!8m2!3d33.2277154!4d-8.5000087!16s%2Fg%2F11vf0gsg9x!19sChIJ4dFpcKsfqQ0R5vKQUu-Quns?authuser=0&hl=en&rclk=1,Elpida English Center,Training centre,El Jadida,+212 6 66 78 25 16,0,0,,,,,,,,,,
https://www.google.com/maps/place/Golden+Idea+Academy/data=!4m7!3m6!1s0xda7b72df441df7f:0xe33e20b8c7225f1e!8m2!3d33.6835774!4d-7.3851918!16s%2Fg%2F11pq2mzsk4!19sChIJf99B9C23pw0RHl8ix7ggPuM?authuser=0&hl=en&rclk=1,Golden Idea Academy,Learning Centre,Mohammedia,+212 5 23 27 22 79,41,4.9,https://gia.ma/,,,,,,,,"goldenideacademy@gmail.com, info@gia.ma", 
https://www.google.com/maps/place/School+Group+Matrix/data=!4m7!3m6!1s0xda7b6f154908ff1:0x4eccad1c6863ae5!8m2!3d33.6930394!4d-7.3893302!16s%2Fg%2F11dftprvj1!19sChIJ8Y-QVPG2pw0R5TqGxtHK7AQ?authuser=0&hl=en&rclk=1,School Group Matrix,Apprenticeship center,Mohammedia,+212 5 37 23 18 12,18,4,,,,,,,,,,
https://www.google.com/maps/place/%C3%89cole+Bcl+%22Bureau+Central+Des+Langues/data=!4m7!3m6!1s0xda7b70e439c7671:0xa8405bb6bb4dfa24!8m2!3d33.6863732!4d-7.3769033!16s%2Fg%2F11h22z796p!19sChIJcXacQw63pw0RJPpNu7ZbQKg?authuser=0&hl=en&rclk=1,"École Bcl ""Bureau Central Des Langues",Adult education centre,Mohammedia,+212 5 23 30 37 89,0,0,,,,,,,,,,
https://www.google.com/maps/place/Universe+Center+-+Centre+De+Formation+Mohammedia/data=!4m7!3m6!1s0xda7b70b77b794e5:0xed377b9d68ab93eb!8m2!3d33.6904518!4d-7.387238!16s%2Fg%2F11xt5lcz3m!19sChIJ5ZS3dwu3pw0R65OraJ17N-0?authuser=0&hl=en&rclk=1,Universe Center - Centre De Formation Mohammedia,Training centre,Mohammedia,+212 6 65 20 02 27,8,4.9,https://universcenter.ma/,facebook.com/tr?id=1407761670283299&ev=PageView&noscript=1,,,,,,,,
https://www.google.com/maps/place/Center+Language+Moli%C3%A8re/data=!4m7!3m6!1s0xdad9b711a56b94f:0xfab649e396ebe47!8m2!3d31.5000684!4d-9.756676!16s%2Fg%2F11p18kpphs!19sChIJT7lWGnGbrQ0RR75uOZ5kqw8?authuser=0&hl=en&rclk=1,Center Language Molière,Education,Essaouira,+212 6 55 03 70 45,0,0,,,,,,,,,,
https://www.google.com/maps/place/School+Mallah+De+Langues/data=!4m7!3m6!1s0xdbb116d365f6ad7:0xbb6c4f705ff4b919!8m2!3d30.9015975!4d-6.9144838!16s%2Fg%2F11k9dk2t8x!19sChIJ12pfNm0Ruw0RGbn0X3BPbLs?authuser=0&hl=en&rclk=1,School Mallah De Langues,Educational institution,Tarmigt,+212 6 67 05 54 26,1,5,https://www.instagram.com/mallah_school/,,instagram.com/rsrc.php/y4/r/QaBlI0OZiks.ico,,,,,,,
https://www.google.com/maps/place/Babel+center+Ouarzazate/data=!4m7!3m6!1s0xa9a7307b3bafde6f:0x45fe1970d00304b!8m2!3d30.9355224!4d-6.9325894!16s%2Fg%2F11kpkng2p1!19sChIJb96vO3swp6kRSzAADZfhXwQ?authuser=0&hl=en&rclk=1,Babel center Ouarzazate,Education Centre,Ouarzazate,+212 6 76 44 68 11,1,4,,,,,,,,,,
https://www.google.com/maps/place/Alliance+Fran%C3%A7aise+de+Ouarzazate/data=!4m7!3m6!1s0xdbb113a8888cfbb:0x9f73db621502aa0e!8m2!3d30.9245824!4d-6.9110639!16s%2Fg%2F11xyrcr2pg!19sChIJu8-IiDoRuw0RDqoCFWLbc58?authuser=0&hl=en&rclk=1,Alliance Française de Ouarzazate,Cultural association,Ouarzazate,+212 7 11 18 68 20,3,4.7,https://if-maroc.org/afo/,facebook.com/InstitutFrancaisDuMaroc,instagram.com/ifmaroc,,linkedin.com/company/institut-fran%C3%A7ais-du-maroc,youtube.com/channel/UCUzueLif51XYwU_JMaPYIbg,,wa.me/212662466264,aithrizkarima2018@gmail.com,
https://www.google.com/maps/place/During+Support+And+Language+%D8%AF%D8%B1%D9%88%D8%B3+%D8%A7%D9%84%D8%AF%D8%B9%D9%85%E2%80%AD/data=!4m7!3m6!1s0xa8b40e45e7bb01a1:0x5415e3088f652954!8m2!3d31.8008346!4d-7.1513478!16s%2Fg%2F11lf396pr4!19sChIJoQG750UOtKgRVClljwjjFVQ?authuser=0&hl=en&rclk=1,During Support And Language دروس الدعم,Tutor,Assahrij,+212 7 61 55 67 59,0,0,,,,,,,,,,
https://www.google.com/maps/place/Acad%C3%A9mie+Am%C3%A9ricaine+de+Communication+Internationale/data=!4m7!3m6!1s0xdac219a2b7b600d:0x1af383163f4d81f3!8m2!3d32.2961615!4d-9.2427725!16s%2Fg%2F11r117zhgp!19sChIJDWB7K5ohrA0R84FNPxaD8xo?authuser=0&hl=en&rclk=1,Académie Américaine de Communication Internationale,Education Centre,Safi,+212 5 25 06 23 92,18,4.2,,,,,,,,,,
https://www.google.com/maps/place/Course+Support+And+Strengthening+In+French+Language/data=!4m7!3m6!1s0xdac27672c654923:0xa530c116a63fd0a7!8m2!3d32.2837553!4d-9.225133!16s%2Fg%2F11zdd1j0vk!19sChIJI0llLGcnrA0Rp9A_phbBMKU?authuser=0&hl=en&rclk=1,Course Support And Strengthening In French Language,Tutor,Safi,+212 6 63 86 26 26,0,0,,,,,,,,,,
https://www.google.com/maps/place/Jkm.language/data=!4m7!3m6!1s0xda7592d99a2b36f:0xa0e3ba9083119cdf!8m2!3d34.2594977!4d-6.5823378!16s%2Fg%2F11nr879y9j!19sChIJb7OimS1Zpw0R35wRg5C646A?authuser=0&hl=en&rclk=1,Jkm.language,Tutor,Kenitra,+212 6 56 54 50 05,0,0,,,,,,,,,,
https://www.google.com/maps/place/CPF+%7C+Centre+de+Langue+et+Formation/data=!4m7!3m6!1s0xda7d371f9eedfef:0xa6a862bc16dacc7c!8m2!3d33.5952979!4d-7.6263292!16s%2Fg%2F11vtbplc0d!19sChIJ79_u-XHTpw0RfMzaFrxiqKY?authuser=0&hl=en&rclk=1,CPF | Centre de Langue et Formation,Education Centre,Casablanca,+212 6 96 17 33 84,1,5,,,,,,,,,,
https://www.google.com/maps/place/Speak+Well+Center/data=!4m7!3m6!1s0xda633ad7794ce75:0x7c4f129c9544d577!8m2!3d33.5336734!4d-7.6153997!16s%2Fg%2F11xd_dcyzd!19sChIJdc6Ud60zpg0Rd9VElZwST3w?authuser=0&hl=en&rclk=1,Speak Well Center,School Centre,Casablanca,+212 6 45 83 39 43,10,5,,,,,,,,,,
https://www.google.com/maps/place/Best-Arabic-Lessons/data=!4m7!3m6!1s0xda7cd8d428301ed:0x13b38728c64125dd!8m2!3d33.6180326!4d-7.5430735!16s%2Fg%2F11plb_h7x0!19sChIJ7QGDQo3Npw0R3SVBxiiHsxM?authuser=0&hl=en&rclk=1,Best-Arabic-Lessons,Tutor,Casablanca,+212 6 13 63 19 67,0,0,,,,,,,,,,
https://www.google.com/maps/place/Centre+de+ressouce+de+langue+international/data=!4m7!3m6!1s0xda7d3ca36ed8c4d:0xcff93c6f6d88a653!8m2!3d33.5879421!4d-7.6132661!16s%2Fg%2F11h3ddsch6!19sChIJTYztNsrTpw0RU6aIbW88-c8?authuser=0&hl=en&rclk=1,Centre de ressouce de langue international,School Centre,Casablanca,+212 5 22 44 76 88,1,5,,,,,,,,,,
https://www.google.com/maps/place/French+At+Home/data=!4m7!3m6!1s0xda7cda66cf5f6b5:0xa72ab1f5efddb46f!8m2!3d33.5774644!4d-7.5872518!16s%2Fg%2F11np4mm_1k!19sChIJtfb1bKbNpw0Rb7Td7_WxKqc?authuser=0&hl=en&rclk=1,French At Home,Vocational school,Casablanca,+212 6 23 90 45 33,0,0,,,,,,,,,,
https://www.google.com/maps/place/Casile/data=!4m7!3m6!1s0xda62dd4a6698449:0x90387dddf919e80a!8m2!3d33.5398149!4d-7.6843094!16s%2Fg%2F11plp63lbx!19sChIJSYRpptQtpg0RCugZ-d19OJA?authuser=0&hl=en&rclk=1,Casile,Educational institution,Casablanca,+212 6 18 27 14 86,34,5,,,,,,,,,,
https://www.google.com/maps/place/Studienkolleg+Maroco-Allemand+%2F+Classes+Preparatory+Allemandes+D%C3%A9localis%C3%A9es/data=!4m7!3m6!1s0xda7d32e768fa213:0xb626753f509d6b4e!8m2!3d33.5773508!4d-7.6259719!16s%2Fg%2F11y1xqzk15!19sChIJE6KPdi7Tpw0RTmudUD91JrY?authuser=0&hl=en&rclk=1,Studienkolleg Maroco-Allemand / Classes Preparatory Allemandes Délocalisées,Cramming school,Casablanca,+212 6 71 71 23 23,3,5,https://stk-maroc.com/,facebook.com/Studienkolleg.Maroco.Allemand,instagram.com/studienkolleg_maroco,,,,,,info@stk-maroc.com,
https://www.google.com/maps/place/Selectividad+Casablanca/data=!4m7!3m6!1s0xda7d3a3a9a3f7d1:0x7aa61313b248573d!8m2!3d33.5713261!4d-7.6458333!16s%2Fg%2F11qbkrm359!19sChIJ0fejqaPTpw0RPVdIshMTpno?authuser=0&hl=en&rclk=1,Selectividad Casablanca,Learning Centre,Casablanca,+212 6 64 68 96 87,27,5,https://selectividad.ma/,,,,,,,wa.me/212664689687?text=Bonjour%20ITCenter%2C%20j%27aimerais%20avoir%20des%20informations%20sur%20la%20Selectividad,,
https://www.google.com/maps/place/CEFIAC+FP+Formation+%28centre+de+formation+professionnelle%29/data=!4m7!3m6!1s0xda7d38d34dbdc5b:0x6d0f744f95368703!8m2!3d33.5943931!4d-7.5889278!16s%2Fg%2F11ns47wlrx!19sChIJW9zbNI3Tpw0RA4c2lU90D20?authuser=0&hl=en&rclk=1,CEFIAC FP Formation (centre de formation professionnelle),Educational institution,Casablanca,+212 6 63 59 62 70,23,4.7,,,,,,,,,,
https://www.google.com/maps/place/Selectividad+Marrakech/data=!4m7!3m6!1s0xdafef64a3abacc3:0xe72e03b250ba7568!8m2!3d31.6357662!4d-8.01153!16s%2Fg%2F11yc_zv7vn!19sChIJw6yro2Tvrw0RaHW6ULIDLuc?authuser=0&hl=en&rclk=1,Selectividad Marrakech,Training centre,Marrakesh,+212 6 60 01 66 11,4,5,https://itcenter.ma/,facebook.com/Itcenter_ma-104103522109131,instagram.com/itcenter_ma,,linkedin.com/shareArticle?mini=true&url=https://itcenter.ma/langlais-au-maroc/&title=L’anglais%20au%20Maroc&source=ITCENTER,,,,contact@itcenter.matrouvez,
https://www.google.com/maps/place/Zinass+Acad%C3%A9mie/data=!4m7!3m6!1s0xda7d30017478767:0x3b53dda7496b0442!8m2!3d33.5947229!4d-7.616679!16s%2Fg%2F11w1cd1zsr!19sChIJZ4dHFwDTpw0RQgRrSafdUzs?authuser=0&hl=en&rclk=1,Zinass Académie,School district office,Casablanca,+212 6 16 37 20 00,13,5,,,,,,,,,,
https://www.google.com/maps/place/Photo+Academy/data=!4m7!3m6!1s0xda7d2ecb38e74b7:0xc0b426c53f854f12!8m2!3d33.5898468!4d-7.6333724!16s%2Fg%2F1q6683k1c!19sChIJt3SOs-zSpw0REk-FP8UmtMA?authuser=0&hl=en&rclk=1,Photo Academy,Training centre,Casablanca,+212 5 22 48 48 20,19,4.9,,,,,,,,,,
https://www.google.com/maps/place/Babelangues/data=!4m7!3m6!1s0xda76d86b4d28bd1:0x15880df27abbceae!8m2!3d33.9878503!4d-6.8511947!16s%2Fg%2F11s8hy500s!19sChIJ0YvStIZtpw0Rrs67evINiBU?authuser=0&hl=en&rclk=1,Babelangues,Translation service,Rabat,+212 7 00 78 50 24,19,4.9,,,,,,,,,,
https://www.google.com/maps/place/Atlantic+Center+Support+And+Languages/data=!4m7!3m6!1s0xda91f29a859f3cb:0xa7da04cbfca489d1!8m2!3d33.2264199!4d-8.5056014!16s%2Fg%2F11sff23mq6!19sChIJy_NZqCkfqQ0R0Ymk_MsE2qc?authuser=0&hl=en&rclk=1,Atlantic Center Support And Languages,Education Centre,El Jadida,+212 6 98 13 52 78,1,5,,,,,,,,,,
https://www.google.com/maps/place/Online+Arabic+language+school/data=!4m7!3m6!1s0xd9f8b034265ba41:0x20562d82d9c5cf43!8m2!3d34.0338117!4d-5.0090694!16s%2Fg%2F11n_y89zm0!19sChIJQbplQgOLnw0RQ8_F2YItViA?authuser=0&hl=en&rclk=1,Online Arabic language school,Education Centre,Fez,+212 6 03 23 87 14,0,0,,,,,,,,,,
https://www.google.com/maps/place/Tamuda+Diensten/data=!4m7!3m6!1s0xd0c7fc38718f79d:0xb81e066d3cde5761!8m2!3d35.7772095!4d-5.805737!16s%2Fg%2F11np17lv27!19sChIJnfcYh8N_DA0RYVfePG0GHrg?authuser=0&hl=en&rclk=1,Tamuda Diensten,Translation service,Tangier,+212 5 31 31 01 20,37,5,https://www.tamuda.info/,,,,,youtube.com/watch?v=2q9g-wfTzwA&#038;t=30s&#038;ab_channel=MondedeSanaa%D8%B9%D8%A7%D9%84%D9%85%D8%B3%D9%86%D8%A7%D8%A1&#038;fbclid=IwAR0Nk6QLdxoGu_W1Us-gc2zs_iz86Tga73NzxIiNzcUfld1MI8Gkqtp12Bg,,,"les@tamuda.info, support@gmail.com, visa@tamuda.info", 
https://www.google.com/maps/place/Bettem+Center/data=!4m7!3m6!1s0xdac21cf7df31a77:0x444adbbcf455fda9!8m2!3d32.2919641!4d-9.2320807!16s%2Fg%2F11pd3bwbyl!19sChIJdxrzfc8hrA0Rqf1V9LzbSkQ?authuser=0&hl=en&rclk=1,Bettem Center,Learning Centre,Safi,+212 6 13 13 12 33,40,5,https://www.youtube.com/c/OthmaneBettem,facebook.com/OthmaneBettem,instagram.com/OthmaneBettem,twitter.com/BettemOthmane,,youtube.com/ads,,,,
https://www.google.com/maps/place/Center+Hiba+De+Tutoring+%26+Learning+Des+Langues/data=!4m7!3m6!1s0xa68e9f2bfba5bb1d:0x7406d02f7a19b358!8m2!3d34.9974188!4d-5.9105328!16s%2Fg%2F11tgf63fw7!19sChIJHbul-yufjqYRWLMZei_QBnQ?authuser=0&hl=en&rclk=1,Center Hiba De Tutoring & Learning Des Langues,Tutor,Ksar el-Kebir القصر الكبير,+212 6 01 14 23 86,1,5,,,,,,,,,,
"https://www.google.com/maps/place/%D9%85%D8%B1%D9%83%D8%B2+%D8%A2%D9%81%D8%A7%D9%82+%D9%84%D9%84%D8%AF%D8%B9%D9%85+%D9%88+%D8%A7%D9%84%D9%84%D8%BA%D8%A7%D8%AA+Centre+Afaq,+Afaq+Academy%E2%80%AD/data=!4m7!3m6!1s0xdb105066ff1a1f5:0x4bc7364ff7cac3b9!8m2!3d30.5030564!4d-8.6051433!16s%2Fg%2F11sbd5zrf9!19sChIJ9aHxbwYFsQ0RucPK9082x0s?authuser=0&hl=en&rclk=1","مركز آفاق للدعم و اللغات Centre Afaq, Afaq Academy",Training centre,Arazane,+212 7 05 82 36 36,0,0,,,,,,,,,,
https://www.google.com/maps/place/English+For+All+%D8%A7%D9%84%D8%A5%D9%86%D8%AC%D9%84%D9%8A%D8%B2%D9%8A%D8%A9+%D9%84%D9%84%D8%AC%D9%85%D9%8A%D8%B9%E2%80%AD/data=!4m7!3m6!1s0xd0a6a47388dfa99:0xdd2f888d3d13bd41!8m2!3d34.6869394!4d-5.9998894!16s%2Fg%2F11fylt44yz!19sChIJmfqNOEdqCg0RQb0TPY2IL90?authuser=0&hl=en&rclk=1,English For All الإنجليزية للجميع,School Centre,Souk El Arbaa,+212 6 20 96 08 54,28,5,https://www.youtube.com/watch?v=lTcXHu9aUtA&feature=youtu.be,facebook.com/youtube,instagram.com/youtube,x.com/YouTube,,youtube.com/ads,,,mzioukam@gmail.com,
https://www.google.com/maps/place/Institut+Elance+Avenir/data=!4m7!3m6!1s0xda7cb21a238e435:0x238a8590dd387996!8m2!3d33.6074759!4d-7.503816!16s%2Fg%2F11vj410zjx!19sChIJNeQ4oiHLpw0Rlnk43ZCFiiM?authuser=0&hl=en&rclk=1,Institut Elance Avenir,Education Centre,Casablanca,+212 6 30 89 60 90,4,4,,,,,,,,,,
https://www.google.com/maps/place/Centre+de+langue+%22Groupe+HST%22+%D9%85%D8%B1%D9%83%D8%B2+%D8%A7%D9%84%D9%84%D8%BA%D8%A7%D8%AA+%D9%88%D8%A7%D9%84%D8%AF%D8%B9%D9%85+%D8%A7%D9%84%D9%85%D8%AF%D8%B1%D8%B3%D9%8A%E2%80%AD/data=!4m7!3m6!1s0xda7b15a27c16d5d:0xacbde3ab5c13bd57!8m2!3d33.68495!4d-7.3395658!16s%2Fg%2F11sc2k25df!19sChIJXW3BJ1qxpw0RV70TXKvjvaw?authuser=0&hl=en&rclk=1,"Centre de langue ""Groupe HST"" مركز اللغات والدعم المدرسي",University,Bni Yakhlef,+212 6 46 27 68 13,3,5,,,,,,,,,,
https://www.google.com/maps/place/%D9%85%D8%B1%D9%83%D8%B2+%D8%A7%D9%84%D9%84%D8%BA%D8%A7%D8%AA+%D9%88%D8%A7%D9%84%D8%AA%D9%88%D8%A7%D8%B5%D9%84+ALE%E2%80%AD/data=!4m7!3m6!1s0xda88fedd31430ef:0x807e153efba4b63!8m2!3d33.3690794!4d-7.9967657!16s%2Fg%2F11sds77748!19sChIJ7zAU0-2PqA0RY0u671PhBwg?authuser=0&hl=en&rclk=1,مركز اللغات والتواصل ALE,Education Centre,Bir Jdid,+212 6 80 79 92 53,5,5,,,,,,,,,,
https://www.google.com/maps/place/%D9%85%D8%B1%D9%83%D8%B2+%D8%A7%D9%84%D9%81%D8%B6%D9%84+%D9%84%D9%84%D8%AF%D8%B9%D9%85+%D8%A7%D9%84%D9%85%D8%AF%D8%B1%D8%B3%D9%8A+%D9%88+%D8%A7%D9%84%D9%84%D8%BA%D8%A7%D8%AA+%D8%A7%D9%84%D8%A3%D8%AC%D9%86%D8%A8%D9%8A%D8%A9%E2%80%AD/data=!4m7!3m6!1s0xda8836e8e5539d7:0xe4b69c8f5bc491f4!8m2!3d33.4118309!4d-7.8530605!16s%2Fg%2F11t9tt9hvz!19sChIJ1zlVjm6DqA0R9JHEW4-ctuQ?authuser=0&hl=en&rclk=1,مركز الفضل للدعم المدرسي و اللغات الأجنبية,Learning Centre,Had Soualem,+212 5 22 96 38 37,2,3,,,,,,,,,,
https://www.google.com/maps/place/%D9%85%D8%B1%D9%83%D8%B2+%D8%A7%D9%84%D8%A3%D9%85%D9%84+%D9%84%D9%84%D8%AF%D8%B9%D9%85+%D9%88+%D8%A7%D9%84%D8%AA%D9%82%D9%88%D9%8A%D8%A9+%D9%88+%D8%A7%D9%84%D9%84%D8%BA%D8%A7%D8%AA+%D8%A7%D9%84%D8%A3%D8%AC%D9%86%D8%A8%D9%8A%D8%A9%E2%80%AD/data=!4m7!3m6!1s0xda635fc9f476125:0x7ff70456144f2019!8m2!3d33.5525199!4d-7.4852803!16s%2Fg%2F11ml3166nb!19sChIJJWFHn_w1pg0RGSBPFFYE938?authuser=0&hl=en&rclk=1,مركز الأمل للدعم و التقوية و اللغات الأجنبية,School Centre,Tit Mellil,+212 7 76 94 38 02,0,0,https://docs.google.com/forms/d/e/1FAIpQLSd5820BVNwuYqcnF_B184FWzswftAdWCWTWqxi85_reQV7YKA/viewform?usp=dialog,,,,,,,,,
https://www.google.com/maps/place/Essoufi+Center/data=!4m7!3m6!1s0xda62dd211cd9cef:0xd5635c2d279ae48!8m2!3d33.4788122!4d-7.6598874!16s%2Fg%2F11t3gh_8sd!19sChIJ75zNEdItpg0RSK550sI1Vg0?authuser=0&hl=en&rclk=1,Essoufi Center,Training centre,Bouskoura,+212 6 56 59 50 22,13,4.7,,,,,,,,,,
https://www.google.com/maps/place/Zh+Langues/data=!4m7!3m6!1s0x8d4f6367a653ff1f:0xf81f52f5b4fe8e35!8m2!3d31.8008346!4d-7.1513478!16s%2Fg%2F11xw9t6lnm!19sChIJH_9TpmdjT40RNY7-tPVSH_g?authuser=0&hl=en&rclk=1,Zh Langues,Distance Learning Centre,Assahrij,+212 6 63 41 72 04,0,0,,,,,,,,,,
https://www.google.com/maps/place/Language+Center+And+Training+Elmanar/data=!4m7!3m6!1s0xda4692e6f6c94eb:0x75c7d030d7891195!8m2!3d32.3642661!4d-6.687025!16s%2Fg%2F11t6fsr1wt!19sChIJ65Rsby5ppA0RlRGJ1zDQx3U?authuser=0&hl=en&rclk=1,Language Center And Training Elmanar,Educational institution,Oulad Zmam,+212 6 94 90 51 65,1,5,,,,,,,,,,
https://www.google.com/maps/place/%D9%85%D8%B1%D9%83%D8%B2+%D8%A7%D9%84%D8%AF%D8%B9%D9%85+%D9%81%D9%8A+%D8%A7%D9%84%D9%84%D8%BA%D8%A9+%D8%A7%D9%84%D8%A5%D9%86%D8%AC%D9%84%D9%8A%D8%B2%D9%8A%D8%A9%E2%80%AD/data=!4m7!3m6!1s0xd98570027648907:0xf5d383c4c060895!8m2!3d32.2540882!4d-4.4952541!16s%2Fg%2F11yv2sfkzz!19sChIJB4lkJwBXmA0RlQgGTDw4XQ8?authuser=0&hl=en&rclk=1,مركز الدعم في اللغة الإنجليزية,Training centre,Er-Rich,+212 7 08 85 02 32,1,5,,,,,,,,,,
https://www.google.com/maps/place/Center+Excellence+Pour+Les+Langues+Et+La+Communication/data=!4m7!3m6!1s0xdafe9129dad68a1:0x59ff996505bc654b!8m2!3d31.6423591!4d-8.1084666!16s%2Fg%2F11ptzjjm8w!19sChIJoWitnRLprw0RS2W8BWWZ_1k?authuser=0&hl=en&rclk=1,Center Excellence Pour Les Langues Et La Communication,Educational institution,Saâda,+212 6 19 02 64 33,0,0,,,,,,,,,,
https://www.google.com/maps/place/%D9%85%D8%B1%D9%83%D8%B2+%D8%A3%D9%85+%D8%A7%D9%84%D9%82%D8%B1%D9%89%E2%80%AD/data=!4m7!3m6!1s0xdbcb97fd9713c35:0xa9c5775ecfad5d3!8m2!3d31.238798!4d-6.1142077!16s%2Fg%2F11kkznnnd3!19sChIJNTxx2X-5vA0R09X67HVXnAo?authuser=0&hl=en&rclk=1,مركز أم القرى,Education Centre,Kalaat M'Gouna,+212 6 48 44 10 80,5,5,,,,,,,,,,
https://www.google.com/maps/place/Dar+America+%28+Dawlia+Language+Center+%29+DLC/data=!4m7!3m6!1s0xda516fb89b93431:0x5bdc38c6943f9d7e!8m2!3d31.8356461!4d-7.3139442!16s%2Fg%2F11bx3t63yz!19sChIJMTS5ifsWpQ0Rfp0_lMY43Fs?authuser=0&hl=en&rclk=1,Dar America ( Dawlia Language Center ) DLC,Education Centre,Laattaouia,+212 6 26 90 27 72,25,4.7,,,,,,,,,,
https://www.google.com/maps/place/Language+Center+Wifaq/data=!4m7!3m6!1s0xd9f8bd398e09019:0xd820c8296b1f0995!8m2!3d34.0096598!4d-5.0277301!16s%2Fg%2F11h15z92t3!19sChIJGZDgmNOLnw0RlQkfaynIINg?authuser=0&hl=en&rclk=1,Language Center Wifaq,Learning Centre,Fez,+212 6 13 17 47 44,0,0,,,,,,,,,,
https://www.google.com/maps/place/Centre+Nabil+De+Soutien+Scolaire+Langue+Math%C3%A9matiques+Physique+Smp+Bcg+%C3%89conomie/data=!4m7!3m6!1s0xd9f8dd575bb956b:0x21b93cbb25d3058a!8m2!3d34.0064009!4d-4.9700687!16s%2Fg%2F11sw_1xldx!19sChIJa5W7ddWNnw0RigXTJbs8uSE?authuser=0&hl=en&rclk=1,Centre Nabil De Soutien Scolaire Langue Mathématiques Physique Smp Bcg Économie,Education Centre,Fez,+212 6 21 28 14 38,2,5,,,,,,,,,,
https://www.google.com/maps/place/Club+Hikma+Pour+Les+Langues+Vivantes/data=!4m7!3m6!1s0xd9f8b8b0464eef3:0xf99fd6ce3dd749a1!8m2!3d34.0375209!4d-4.999773!16s%2Fg%2F11fmrpyw_5!19sChIJ8-5kBIuLnw0RoUnXPc7Wn_k?authuser=0&hl=en&rclk=1,Club Hikma Pour Les Langues Vivantes,Training centre,Fez,+212 6 66 70 58 01,1,5,,,,,,,,,,
https://www.google.com/maps/place/%D9%85%D8%B1%D9%83%D8%B2+%D8%A7%D9%84%D9%85%D8%B3%D8%B9%D9%88%D8%AF%D9%8A+%D9%84%D9%84%D8%BA%D8%A7%D8%AA+%D9%88%D8%A7%D9%84%D8%AA%D9%83%D9%88%D9%8A%D9%86%D8%A7%D8%AA+%D8%A7%D9%86+%D8%A7%D9%84%D9%85%D9%87%D9%86%D9%8A%D8%A9+Centre+El+Messaoudi+Pour+Les+Languages+And+Vocational+Training+%D8%A7%D9%84%D9%81%D8%B1%D8%B9+2%E2%80%AD/data=!4m7!3m6!1s0xd9f8d005f346fe5:0xcedc0797bea3a86a!8m2!3d34.0181962!4d-4.9751246!16s%2Fg%2F11kpwvl8vc!19sChIJ5W80XwCNnw0RaqijvpcH3M4?authuser=0&hl=en&rclk=1,مركز المسعودي للغات والتكوينات ان المهنية Centre El Messaoudi Pour Les Languages And Vocational Training الفرع 2,Education Centre,Fez,+212 6 49 21 58 56,2,5,,,,,,,,,,
https://www.google.com/maps/place/Center+Belfquih/data=!4m7!3m6!1s0xda0451da8a81aa1:0x5255e6d1beaadfa3!8m2!3d33.886068!4d-5.5006156!16s%2Fg%2F11l6shk7kt!19sChIJoRqoqB1FoA0Ro9-qvtHmVVI?authuser=0&hl=en&rclk=1,Center Belfquih,Education Centre,Meknes,+212 6 50 56 27 85,6,4.3,,,,,,,,,,
https://www.google.com/maps/place/Centre+De+Langues+Et+De+Soutien+Scolaire+-+Satour/data=!4m7!3m6!1s0xd9f8b54b0756539:0x4319f04e2483abd!8m2!3d34.014157!4d-5.0364042!16s%2Fg%2F11rcwf2d8r!19sChIJOWV1sFSLnw0RvTpI4gSfMQQ?authuser=0&hl=en&rclk=1,Centre De Langues Et De Soutien Scolaire - Satour,Tutor,Fez,+212 6 32 48 02 34,0,0,,,,,,,,,,
https://www.google.com/maps/place/Alam+Langues/data=!4m7!3m6!1s0xd9f8b392fbfc6b3:0xdc980340b32e6edb!8m2!3d34.0356029!4d-5.0006559!16s%2Fg%2F1tj593cn!19sChIJs8a_LzmLnw0R224us0ADmNw?authuser=0&hl=en&rclk=1,Alam Langues,Instruction,Fez,+212 5 35 65 87 68,1,4,https://alamlanguages.webnode.fr/,,,,,,,,alam.languages@gmail.com,
https://www.google.com/maps/place/Nabil+School+%D9%85%D8%B1%D9%83%D8%B2+%D8%A7%D9%84%D9%84%D8%BA%D8%A7%D8%AA+%D9%88%D8%A7%D9%84%D8%AF%D8%B9%D9%85+%D8%A7%D9%84%D9%85%D8%AF%D8%B1%D8%B3%D9%8A+%D9%88%D8%A7%D9%84%D8%A5%D8%B9%D9%84%D8%A7%D9%85%D9%8A%D8%A7%D8%AA%E2%80%AD/data=!4m7!3m6!1s0xd75510024a2355f:0x975f1b8f4f689335!8m2!3d34.5352642!4d-4.9622298!16s%2Fg%2F11lnyc46tf!19sChIJXzWiJABRdQ0RNZNoT48bX5c?authuser=0&hl=en&rclk=1,Nabil School مركز اللغات والدعم المدرسي والإعلاميات,Education Centre,Ourtzagh,+212 6 60 02 95 67,1,5,,,,,,,,,,
https://www.google.com/maps/place/%D9%85%D8%B1%D9%83%D8%B2+%D8%A7%D9%84%D8%B4%D8%B1%D9%88%D9%82+%D9%84%D9%84%D8%AF%D8%B9%D9%85+%D9%88+%D8%A7%D9%84%D9%84%D8%BA%D8%A7%D8%AA%E2%80%AD/data=!4m7!3m6!1s0xd757bb1785f1385:0x534e8c9db3a63c87!8m2!3d34.5905549!4d-4.5511734!16s%2Fg%2F11sbfkxt0g!19sChIJhRNfeLF7dQ0Rhzyms52MTlM?authuser=0&hl=en&rclk=1,مركز الشروق للدعم و اللغات,Education Centre,Bouhouda,+212 6 05 85 13 83,3,5,https://docs.google.com/forms/d/e/1FAIpQLSf-WnXPNUZZzRLVkTULYxwH71tjI6H5Xq8N84PpYP8EvB0_ng/viewform?usp=send_form,,,,,,,,,
https://www.google.com/maps/place/%D9%85%D8%B1%D9%83%D8%B2+%D8%A7%D9%84%D9%84%D8%BA%D8%A7%D8%AA+%D9%88%D8%A7%D9%84%D8%AF%D8%B9%D9%85+%D8%A7%D9%84%D8%AA%D8%B1%D8%A8%D9%88%D9%8A%E2%80%AD/data=!4m7!3m6!1s0xda0cf004460f73f:0x2572bde8883a057b!8m2!3d33.8969168!4d-6.3164782!16s%2Fg%2F11wc2xrw5m!19sChIJP_dgRADPoA0RewU6iOi9ciU?authuser=0&hl=en&rclk=1,مركز اللغات والدعم التربوي,Education Centre,Tiflet,+212 6 00 00 00 00,0,0,,,,,,,,,,
https://www.google.com/maps/place/%D9%85%D8%B1%D9%83%D8%B2+%D9%85%D8%B1%D8%A7%D8%AF+%D8%B3%D9%83%D9%88%D9%84+%D9%84%D9%84%D8%AA%D9%83%D9%88%D9%8A%D9%86+%D9%88+%D8%A7%D9%84%D9%84%D8%BA%D8%A7%D8%AA+%D9%88+%D8%A7%D9%84%D8%AF%D8%B9%D9%85+%D8%A7%D9%84%D8%AA%D8%B1%D8%A8%D9%88%D9%8A%E2%80%AD/data=!4m7!3m6!1s0xd9fb558c1f2ad95:0xcf5d7742a39d071f!8m2!3d34.0493401!4d-4.4134019!16s%2Fg%2F11kj_86nb7!19sChIJla3ywVi1nw0RHwedo0J3Xc8?authuser=0&hl=en&rclk=1,مركز مراد سكول للتكوين و اللغات و الدعم التربوي,Educational institution,Tahla,+212 6 69 84 65 72,1,5,,,,,,,,,,
https://www.google.com/maps/place/Centre+de+langues+et+d%27informatique/data=!4m7!3m6!1s0xd77af0770a065ff:0x2721008fe9145ae!8m2!3d35.0085467!4d-3.011702!16s%2Fg%2F11tj4xgh86!19sChIJ_2WgcAevdw0RrkWR_ggQcgI?authuser=0&hl=en&rclk=1,Centre de langues et d'informatique,Education Centre,Al Aroui ⵍⵄⴰⵔⵡⵉ العروي,+212 6 81 21 90 11,0,0,,,,,,,,,,
https://www.google.com/maps/place/NEXT+STEP+CENTER/data=!4m7!3m6!1s0xd78656b4f3593df:0x5c8a028355e4cfe7!8m2!3d34.6611608!4d-1.9043632!16s%2Fg%2F11z645z99t!19sChIJ35M1T2tleA0R58_kVYMCilw?authuser=0&hl=en&rclk=1,NEXT STEP CENTER,Training centre,Oujda,+212 6 06 31 03 47,11,5,,,,,,,,,,
https://www.google.com/maps/place/Institute+Kimacs/data=!4m7!3m6!1s0xd77ae1a6be65db7:0x956425819c3f433d!8m2!3d35.0116953!4d-3.0042676!16s%2Fg%2F11dxnzk5wf!19sChIJt13maxqudw0RPUM_nIElZJU?authuser=0&hl=en&rclk=1,Institute Kimacs,Learning Centre,Al Aroui ⵍⵄⴰⵔⵡⵉ العروي,+212 6 01 00 30 32,18,4.8,,,,,,,,,,
https://www.google.com/maps/place/Avness+:+Centre+de+langues+et+de+soutien/data=!4m7!3m6!1s0x6845cf10eeead35f:0x9f0354624b7924f2!8m2!3d32.8604438!4d-6.5698396!16s%2Fg%2F11s5tx90h0!19sChIJX9Pq7hDPRWgR8iR5S2JUA58?authuser=0&hl=en&rclk=1,Avness : Centre de langues et de soutien,Education Centre,Oued Zem,+212 6 99 35 53 43,0,0,,,,,,,,,,
https://www.google.com/maps/place/Centre+Mdle+Des+Langues+Et+Soutien+Scolaire/data=!4m7!3m6!1s0xda76bdf12b8ac4f:0xb1fce5f5c0e3ac31!8m2!3d34.0304024!4d-6.8098811!16s%2Fg%2F11p74dn665!19sChIJT6y4Et9rpw0RMazjwPXl_LE?authuser=0&hl=en&g_ep=EgoyMDI2MDgzMS4wIJJjKgBIAVAD&rclk=1,Centre Mdle Des Langues Et Soutien Scolaire,Language school,Salé,+212 6 07 85 80 55,15,5,,,,,,,,,,
https://www.google.com/maps/place/Centre+des+langues+Nevada/data=!4m7!3m6!1s0xda76ba707b0d2ef:0xaafdbc2d2b16f671!8m2!3d34.0185904!4d-6.7632936!16s%2Fg%2F11zwm_gtbw!19sChIJ79KwB6drpw0RcfYWKy28_ao?authuser=0&hl=en&g_ep=EgoyMDI2MDgzMS4wIJJjKgBIAVAD&rclk=1,Centre des langues Nevada,German language school,Salé,+212 5 37 82 83 86,0,0,,,,,,,,,,
https://www.google.com/maps/place/Overall+Voice+English+Center/data=!4m7!3m6!1s0xdb3c74b23b19fb5:0xcafc26f48807c09f!8m2!3d30.3502644!4d-9.5430888!16s%2Fg%2F11sgwwl3lj!19sChIJtZ-xI0vHsw0Rn8AHiPQm_Mo?authuser=0&hl=en&g_ep=EgoyMDI2MDgzMS4wIJJjKgBIAVAD&rclk=1,Overall Voice English Center,English language school,Inezgane,+212 6 31 12 57 57,2,5,,,,,,,,,,
https://www.google.com/maps/place/%D9%85%D8%B1%D9%83%D8%B2+%D8%A7%D9%84%D9%84%D8%BA%D8%A7%D8%AA%E2%80%AD/data=!4m7!3m6!1s0xdaf7b90576e520b:0xb03950ac258d3263!8m2!3d32.2393046!4d-7.9577903!16s%2Fg%2F11s98n3vh1!19sChIJC1JuV5B7rw0RYzKNJaxQObA?authuser=0&hl=en&g_ep=EgoyMDI2MDgzMS4wIJJjKgBIAVAD&rclk=1,مركز اللغات,Language school,Ben Guerir,+212 6 16 38 51 40,1,5,,,,,,,,,,
https://www.google.com/maps/place/%D9%85%D8%B1%D9%83%D8%B2+%D8%B7%D9%8A%D8%A8%D8%A9+%D9%84%D9%84%D8%BA%D8%A7%D8%AA%E2%80%AD/data=!4m7!3m6!1s0xdaf7b343e8f74e1:0x4425ceecbf8d84b4!8m2!3d32.2301041!4d-7.9549329!16s%2Fg%2F11vdp3v4lx!19sChIJ4XSPPjR7rw0RtISNv-zOJUQ?authuser=0&hl=en&g_ep=EgoyMDI2MDgzMS4wIJJjKgBIAVAD&rclk=1,مركز طيبة للغات,Language school,Ben Guerir,+212 6 46 39 33 29,0,0,,,,,,,,,,
https://www.google.com/maps/place/Millennia+Centre+De+Langues+Marrakech/data=!4m7!3m6!1s0xdafef74b70afd5d:0x39cc1388eb8a7944!8m2!3d31.6391557!4d-7.9983317!16s%2Fg%2F11v41f8cz6!19sChIJXf0Kt3Tvrw0RRHmK64gTzDk?authuser=0&hl=en&g_ep=EgoyMDI2MDgzMS4wIJJjKgBIAVAD&rclk=1,Millennia Centre De Langues Marrakech,Language school,Marrakesh,+212 6 69 69 44 31,47,4.7,https://millennia.ma/fr,facebook.com/GPMillennia,instagram.com/millennia.centre.de.formation,,,,tiktok.com/@millenniagpe,wa.me/212669694431,"contact@millennia.ma, email@exemple.com", 
https://www.google.com/maps/place/Codex+Language+Center/data=!4m7!3m6!1s0xdaf7a80090a29d1:0xd85c263f071b4b7a!8m2!3d32.2345485!4d-7.9552191!16s%2Fg%2F1hm3hqm5c!19sChIJ0SkKCYB6rw0ReksbBz8mXNg?authuser=0&hl=en&g_ep=EgoyMDI2MDgzMS4wIJJjKgBIAVAD&rclk=1,Codex Language Center,Language school,Ben Guerir,+212 5 24 32 43 74,11,4.4,,,,,,,,,,
https://www.google.com/maps/place/CENTRE+BELLAD+SCHOOL+PRIV%C3%89/data=!4m7!3m6!1s0xdaf8f0e62da875d:0x64f0407200981d7c!8m2!3d31.9014727!4d-7.9448787!16s%2Fg%2F11yvsr8lpn!19sChIJXYfaYg6Prw0RfB2YAHJA8GQ?authuser=0&hl=en&g_ep=EgoyMDI2MDgzMS4wIJJjKgBIAVAD&rclk=1,CENTRE BELLAD SCHOOL PRIVÉ,Language school,Sidi Bou Othmane,+212 6 66 25 40 55,7,5,,,,,,,,,,
https://www.google.com/maps/place/Centre+Chejani/data=!4m7!3m6!1s0xdaf9547d15497d5:0x2070c0bb70036533!8m2!3d31.7453798!4d-8.1199371!16s%2Fg%2F11nxcw5s64!19sChIJ1ZdU0UeVrw0RM2UDcLvAcCA?authuser=0&hl=en&g_ep=EgoyMDI2MDgzMS4wIJJjKgBIAVAD&rclk=1,Centre Chejani,Language school,Harbil حربيل,+212 6 18 97 27 78,1,5,,,,,,,,,,
https://www.google.com/maps/place/Lernzentrum+T%C3%A9touan/data=!4m7!3m6!1s0xd0b4350d0366de3:0x2b2f99f2572896d1!8m2!3d35.5815814!4d-5.3454257!16s%2Fg%2F11sk8h5xhj!19sChIJ42020FBDCw0R0ZYoV_KZLys?authuser=0&hl=en&g_ep=EgoyMDI2MDkwMS4wIJJjKgBIAVAD&rclk=1,Lernzentrum Tétouan,German language school,Tétouan تطوان,+212 6 12 66 25 95,1,5,,,,,,,,,,
https://www.google.com/maps/place/Tlc/data=!4m7!3m6!1s0xdaf7ba16c4eef15:0x31d7add4648187cb!8m2!3d32.2299342!4d-7.9549807!16s%2Fg%2F11y8dx5_d1!19sChIJFe9ObKF7rw0Ry4eBZNSt1zE?authuser=0&hl=en&g_ep=EgoyMDI2MDgzMS4wIJJjKgBIAVAD&rclk=1,Tlc,Foreign languages program school,Ben Guerir,+212 7 82 05 67 90,2,5,https://www.instagram.com/tlc.ma?igsh=eHRxZmQxMHpkcHV3,,instagram.com/rsrc.php/y4/r/QaBlI0OZiks.ico,,,,,,,
https://www.google.com/maps/place/MEGALOPOL+centre+priv%C3%A9/data=!4m7!3m6!1s0xda76b80ffeb6659:0x3355b9d04f20294c!8m2!3d34.0332949!4d-6.8046955!16s%2Fg%2F11p5tk13jb!19sChIJWWbr_4Brpw0RTCkgT9C5VTM?authuser=0&hl=en&g_ep=EgoyMDI2MDgzMS4wIJJjKgBIAVAD&rclk=1,MEGALOPOL centre privé,Language school,Salé,+212 6 63 55 46 91,3,5,,,,,,,,,,
https://www.google.com/maps/place/Centre+Laghfiri/data=!4m7!3m6!1s0xda19ba864ae6311:0xb5c0fb9a0bba304e!8m2!3d33.1632114!4d-5.5659988!16s%2Fg%2F11jt4thxnd!19sChIJEWOuZKiboQ0RTjC6C5r7wLU?authuser=0&hl=en&g_ep=EgoyMDI2MDgzMS4wIJJjKgBIAVAD&rclk=1,Centre Laghfiri,German language school,M'Rirt,+212 6 36 47 56 10,2,5,,,,,,,,,,
https://www.google.com/maps/place/Berlitz+Rabat/data=!4m7!3m6!1s0xda71329897f02f7:0x114877da5eb4041c!8m2!3d33.9555232!4d-6.8762592!16s%2Fg%2F1hd_ccd94!19sChIJ9wJ_iSkTpw0RHAS0Xtp3SBE?authuser=0&hl=en&g_ep=EgoyMDI2MDgzMS4wIJJjKgBIAVAD&rclk=1,Berlitz Rabat,Language school,Rabat,+212 6 62 15 91 61,21,5,https://www.berlitz.com/fr-ma/centres-de-langues/rabat,facebook.com/berlitzmaroc,,,linkedin.com/company/5083062,,,,dataprotection@berlitz-maroc.com, 
https://www.google.com/maps/place/Center+Eclipse/data=!4m7!3m6!1s0xda76d49736ab485:0xde7193ab15d2dc41!8m2!3d33.9977556!4d-6.8493001!16s%2Fg%2F11qg3gs4j3!19sChIJhbRqc0ltpw0RQdzSFauTcd4?authuser=0&hl=en&g_ep=EgoyMDI2MDgzMS4wIJJjKgBIAVAD&rclk=1,Center Eclipse,German language school,Rabat,+212 6 61 68 21 69,11,4.3,,,,,,,,,,
https://www.google.com/maps/place/Centre+AMP-Tech/data=!4m7!3m6!1s0xda76b60d2e5c59f:0x9a5f637d8457560b!8m2!3d34.0467199!4d-6.7784626!16s%2Fg%2F11k3rqfnxf!19sChIJn8Xl0mBrpw0RC1ZXhH1jX5o?authuser=0&hl=en&g_ep=EgoyMDI2MDgzMS4wIJJjKgBIAVAD&rclk=1,Centre AMP-Tech,Language school,Salé,+212 6 06 87 89 88,37,5,,,,,,,,,,
https://www.google.com/maps/place/Lb+Centre/data=!4m7!3m6!1s0xda7a745b78fa8e9:0x4b5e6972928ee09c!8m2!3d33.7802204!4d-7.1583222!16s%2Fg%2F11s7nwwl05!19sChIJ6aiPt0Wnpw0RnOCOknJpXks?authuser=0&hl=en&g_ep=EgoyMDI2MDgzMS4wIJJjKgBIAVAD&rclk=1,Lb Centre,Language school,Bouznika,+212 5 37 64 91 91,0,0,,,,,,,,,,
https://www.google.com/maps/place/Center+Al+Amana+%D9%85%D8%B1%D9%83%D8%B2+%D8%A7%D9%84%D8%A3%D9%85%D8%A7%D9%86%D8%A9+%D9%84%D9%84%D8%BA%D8%A7%D8%AA+%D9%88%D8%A7%D9%84%D8%AF%D8%B9%D9%85+%D8%A7%D9%84%D9%85%D8%AF%D8%B1%D8%B3%D9%8A%E2%80%AD/data=!4m7!3m6!1s0xda7170b453b1f11:0xdb076296b2dba8f2!8m2!3d33.8029464!4d-6.7946711!16s%2Fg%2F11p1538y38!19sChIJER87RQsXpw0R8qjbspZiB9s?authuser=0&hl=en&g_ep=EgoyMDI2MDgzMS4wIJJjKgBIAVAD&rclk=1,Center Al Amana مركز الأمانة للغات والدعم المدرسي,Language school,Aïn El Aouda,+212 6 66 17 64 77,2,5,,,,,,,,,,
https://www.google.com/maps/place/Oxford+Languages+Institute/data=!4m7!3m6!1s0xda76a662da2b529:0xae51a8aa48bb3a11!8m2!3d34.022124!4d-6.7678887!16s%2Fg%2F11dxm5jzjc!19sChIJKbWiLWZqpw0RETq7SKqoUa4?authuser=0&hl=en&g_ep=EgoyMDI2MDgzMS4wIJJjKgBIAVAD&rclk=1,Oxford Languages Institute,Language school,Salé,+212 6 00 17 17 36,9,3.1,,,,,,,,,,
https://www.google.com/maps/place/Getaway+To+Germany/data=!4m7!3m6!1s0xda76b865c099a33:0xd37c97f22c72d148!8m2!3d34.0717869!4d-6.7714697!16s%2Fg%2F11whzmrdx4!19sChIJM5oJXIZrpw0RSNFyLPKXfNM?authuser=0&hl=en&g_ep=EgoyMDI2MDgzMS4wIJJjKgBIAVAD&rclk=1,Getaway To Germany,Foreign languages program school,Salé,+212 7 81 66 92 90,34,4.7,https://www.getaway-to-germany.de/,,,,,,,,,
https://www.google.com/maps/place/Centre+G%C3%A9n%C3%A9ration+Alpha/data=!4m7!3m6!1s0xda769f19a5f369f:0x7194da95e1fa74d3!8m2!3d34.0600834!4d-6.8030504!16s%2Fg%2F11ntrz6035!19sChIJnzZfmvFppw0R03T64ZXalHE?authuser=0&hl=en&g_ep=EgoyMDI2MDgzMS4wIJJjKgBIAVAD&rclk=1,Centre Génération Alpha,Language school,Salé,+212 6 64 61 44 54,9,5,,,,,,,,,,
https://www.google.com/maps/place/Berg+Zentrum/data=!4m7!3m6!1s0xda7ab1e532978bf:0x45a941b95ae73485!8m2!3d33.6150497!4d-7.1220158!16s%2Fg%2F11yn31clbl!19sChIJv3gpUx6rpw0RhTTnWrlBqUU?authuser=0&hl=en&g_ep=EgoyMDI2MDgzMS4wIJJjKgBIAVAD&rclk=1,Berg Zentrum,Language school,Benslimane,+212 6 80 03 16 34,15,5,,,,,,,,,,
https://www.google.com/maps/place/Almaroc+X+Multijobs/data=!4m7!3m6!1s0xda7d3b8e8d69a6f:0x337d469a9a9297f4!8m2!3d33.5712354!4d-7.6255703!16s%2Fg%2F11yyv91q63!19sChIJb5rW6LjTpw0R9JeSmppGfTM?authuser=0&hl=en&g_ep=EgoyMDI2MDgzMS4wIJJjKgBIAVAD&rclk=1,Almaroc X Multijobs,Language school,Casablanca,+212 6 23 76 73 70,21,5,https://almaroc-multijobs.de/,,,,,,,,info@almaroc-multijobs.de,
https://www.google.com/maps/place/Language+Booster/data=!4m7!3m6!1s0xda7cb35371e4767:0xc0cf8b2b8363da90!8m2!3d33.6061688!4d-7.5122744!16s%2Fg%2F11v0mllh43!19sChIJZ0ceNzXLpw0RkNpjgyuLz8A?authuser=0&hl=en&g_ep=EgoyMDI2MDgzMS4wIJJjKgBIAVAD&rclk=1,Language Booster,Language school,Casablanca,+212 6 18 17 75 63,0,0,,,,,,,,,,
https://www.google.com/maps/place/British+Workshop+2+Mars/data=!4m7!3m6!1s0xda7d32418f645bf:0x4a8d8b6db32e0096!8m2!3d33.5793345!4d-7.6168776!16s%2Fg%2F11zwz8d3zt!19sChIJv0X2GCTTpw0RlgAus22LjUo?authuser=0&hl=en&g_ep=EgoyMDI2MDgzMS4wIJJjKgBIAVAD&rclk=1,British Workshop 2 Mars,Language school,Casablanca,+212 6 61 04 26 98,1,5,https://2mars.britishworkshop.ma/?utm_source=google&utm_medium=gbp,facebook.com/britishworkshop,instagram.com/britishworkshop,,,,,wa.me/212661042698?text=Bonjour%2C%20je%20suis%20int%C3%A9ress%C3%A9(e)%20par%20le%20centre%20British%20Workshop%20%C3%A0%202%20Mars,vous@email.com,
https://www.google.com/maps/place/Planet+English+Association/data=!4m7!3m6!1s0xda7697a3503307d:0xc4ad238a3cfb069d!8m2!3d34.0720709!4d-6.7939284!16s%2Fg%2F11l1lysmn3!19sChIJfTADNXpppw0RnQb7PIojrcQ?authuser=0&hl=en&g_ep=EgoyMDI2MDgzMS4wIJJjKgBIAVAD&rclk=1,Planet English Association,Language school,Salé,+212 6 88 15 86 62,16,5,https://www.planetenglishassociation.com/,facebook.com/mycompany,instagram.com/planet_english_association,,,youtube.com/@PlanetEnglishAssociation,tiktok.com/@planetenglishassociation?_r=1&_d=dfk0dd038ega0k&sec_uid=ms4wljabaaaavoyexifmbc0qvnnzotosmo4jvtxzgjmuz4klzjl_xrao05itgii58bgj1bq0wpbr&share_author_id=7236444032133383173&sharer_language=en&source=h5_m&u_code=e84jake9bhgkg5&timestamp,,,
https://www.google.com/maps/place/Oikonomia+Academy+%D8%A3%D9%83%D8%A7%D8%AF%D9%8A%D9%85%D9%8A%D8%A9+%D8%A3%D9%88%D9%8A%D9%83%D9%88%D9%86%D9%88%D9%85%D9%8A%D8%A7%E2%80%AD/data=!4m7!3m6!1s0xda76bf6c1d4d655:0xfc68a966ff1a421d!8m2!3d34.0468987!4d-6.7797261!16s%2Fg%2F11vb17gmqp!19sChIJVdbUwfZrpw0RHUIa_2apaPw?authuser=0&hl=en&g_ep=EgoyMDI2MDgzMS4wIJJjKgBIAVAD&rclk=1,Oikonomia Academy أكاديمية أويكونوميا,Language school,Salé,+212 6 50 85 81 94,2,5,,,,,,,,,,
https://www.google.com/maps/place/Chemin+D%27excellence/data=!4m7!3m6!1s0xda74145ff8ff7af:0xbbcdeb3d4ec57627!8m2!3d33.990425!4d-6.7368047!16s%2Fg%2F11p02ss3ql!19sChIJr_eP_0VBpw0RJ3bFTj3rzbs?authuser=0&hl=en&g_ep=EgoyMDI2MDgzMS4wIJJjKgBIAVAD&rclk=1,Chemin D'excellence,Language school,Salé,+212 7 05 08 72 11,6,4.2,,,,,,,,,,
https://www.google.com/maps/place/Evoolve+Online+English+Center+Maroc/data=!4m7!3m6!1s0xda76df8cbfc8cf1:0xae99a2bfd75291e4!8m2!3d33.9933067!4d-6.8485228!16s%2Fg%2F11v9xz5y8t!19sChIJ8Yz8y_htpw0R5JFS17-ima4?authuser=0&hl=en&g_ep=EgoyMDI2MDgzMS4wIJJjKgBIAVAD&rclk=1,Evoolve Online English Center Maroc,English language school,Rabat,+212 6 59 82 57 55,0,0,,,,,,,,,,
https://www.google.com/maps/place/Center+Say+It+Right/data=!4m7!3m6!1s0xda883003c0bd6b9:0xc20fb8dd769dc8e0!8m2!3d33.4122945!4d-7.8500134!16s%2Fg%2F11whmn5l9x!19sChIJudYLPACDqA0R4Middt24D8I?authuser=0&hl=en&g_ep=EgoyMDI2MDgzMS4wIJJjKgBIAVAD&rclk=1,Center Say It Right,Foreign languages program school,Had Soualem,+212 6 17 59 17 95,2,5,,,,,,,,,,
https://www.google.com/maps/place/Center+Al+Fadl/data=!4m7!3m6!1s0xda8838b797fdfa1:0x9793377d9237b427!8m2!3d33.4222991!4d-7.847929!16s%2Fg%2F11kb4sdll0!19sChIJod9_eYuDqA0RJ7Q3kn03k5c?authuser=0&hl=en&g_ep=EgoyMDI2MDgzMS4wIJJjKgBIAVAD&rclk=1,Center Al Fadl,Language school,Had Soualem,+212 6 61 24 44 72,0,0,,,,,,,,,,
https://www.google.com/maps/place/Alpha+Brain/data=!4m7!3m6!1s0x6b8439bff4fc9015:0x2bc085e233ba2391!8m2!3d33.8921072!4d-6.3238334!16s%2Fg%2F11sc1wxnc_!19sChIJFZD89L85hGsRkSO6M-KFwCs?authuser=0&hl=en&g_ep=EgoyMDI2MDgzMS4wIJJjKgBIAVAD&rclk=1,Alpha Brain,Language school,Tiflet,+212 6 69 86 63 12,0,0,,,,,,,,,,
https://www.google.com/maps/place/Center+Camara+:+Language+Center+De+Tutoring/data=!4m7!3m6!1s0xd0a4da4dcf8d5b9:0x136dd0920e551ec!8m2!3d35.0029221!4d-5.9144362!16s%2Fg%2F11rrp3_4bq!19sChIJudX43KRNCg0R7FHlIAndNgE?authuser=0&hl=en&g_ep=EgoyMDI2MDgzMS4wIJJjKgBIAVAD&rclk=1,Center Camara : Language Center De Tutoring,Foreign languages program school,Ksar el-Kebir القصر الكبير,+212 6 38 14 81 74,0,0,https://www.youtube.com/channel/UCqStx31fBTALz3a6V2UjbMg,facebook.com/MzO2C,instagram.com/mzodc,x.com/YouTube,,youtube.com/ads,tiktok.com/@centrecamara,,,
https://www.google.com/maps/place/%D9%85%D8%B1%D9%83%D8%B2+%D8%BA%D8%A7%D9%86%D8%AF%D9%8A+%D9%84%D9%84%D8%BA%D8%A7%D8%AA%E2%80%AD/data=!4m7!3m6!1s0xd0a4df020e169b3:0x75f74e20666c5735!8m2!3d34.996001!4d-5.9090933!16s%2Fg%2F11f3n_9f5j!19sChIJs2nhIPBNCg0RNVdsZiBO93U?authuser=0&hl=en&g_ep=EgoyMDI2MDgzMS4wIJJjKgBIAVAD&rclk=1,مركز غاندي للغات,Language school,Ksar-el-Kebir,+212 6 63 36 27 06,1,5,,,,,,,,,,
https://www.google.com/maps/place/The+EEIC+English+Institute/data=!4m7!3m6!1s0x84c4e172b36801bb:0x242cecfafe6641b9!8m2!3d14.2580229!4d25.0125937!16s%2Fg%2F11s61k84hv!19sChIJuwFos3LhxIQRuUFm_vrsLCQ?authuser=0&hl=en&g_ep=EgoyMDI2MDgzMC4wIJJjKgBIAVAD&rclk=1,The EEIC English Institute,English language school,Kutum - كتم,+212 6 32 45 54 12,0,0,,,,,,,,,,
https://www.google.com/maps/place/Mtech+Technologies+SARL+Skills+Academy/data=!4m7!3m6!1s0xda63bc7dd49fe43:0x923e85730cacd2a9!8m2!3d33.5925501!4d-7.6096547!16s%2Fg%2F11kk06nxm7!19sChIJQ_5J3cc7pg0RqdKsDHOFPpI?authuser=0&hl=en&g_ep=EgoyMDI2MDgzMS4wIJJjKgBIAVAD&rclk=1,Mtech Technologies SARL Skills Academy,Language school,Casablanca,+212 5 22 51 58 27,0,0,,,,,,,,,,
https://www.google.com/maps/place/Myschool/data=!4m7!3m6!1s0xda759e58cced575:0xf40a087a0d967d27!8m2!3d34.258191!4d-6.588578!16s%2Fg%2F1vd3x4nr!19sChIJddXOjOVZpw0RJ32WDXoICvQ?authuser=0&hl=en&g_ep=EgoyMDI2MDgzMC4wIJJjKgBIAVAD&rclk=1,Myschool,English language school,Kenitra,+212 5 37 68 04 80,5,3.8,https://myschool-maroc.com/,facebook.com/MySchoolMaroc,instagram.com/MySchoolMaroc,twitter.com/MySchoolMaroc,linkedin.com/company/25031376,,tiktok.com/@myschool_ma?_r=1&_t=ZS-98i8necrXu5,wa.me/212667707940,contact.myschool@gmail.com,
https://www.google.com/maps/place/Britway/data=!4m7!3m6!1s0xda7693e8518cb3d:0x1eff5e62143d9f3b!8m2!3d34.0635077!4d-6.808497!16s%2Fg%2F11w8qgg399!19sChIJPcsYhT5ppw0RO589FGJe_x4?authuser=0&hl=en&g_ep=EgoyMDI2MDgzMC4wIJJjKgBIAVAD&rclk=1,Britway,Language school,Salé,+212 6 90 93 88 13,17,5,,,,,,,,,,
https://www.google.com/maps/place/DMS+sprachakademie+Centre+D%27allemand/data=!4m7!3m6!1s0xda7699a0cd617bf:0x43f60739219c81ee!8m2!3d34.0643633!4d-6.8051697!16s%2Fg%2F11vdby82bp!19sChIJvxfWDJpppw0R7oGcITkH9kM?authuser=0&hl=en&g_ep=EgoyMDI2MDgzMC4wIJJjKgBIAVAD&rclk=1,DMS sprachakademie Centre D'allemand,Language school,Salé,+212 8 08 62 18 97,24,5,,,,,,,,,,
https://www.google.com/maps/place/Language+Center+And+Support+Els/data=!4m7!3m6!1s0xda7410007e813e7:0xbffcd96135759f62!8m2!3d33.9980394!4d-6.7442676!16s%2Fg%2F11lnpwjnnk!19sChIJ5xPoBwBBpw0RYp91NWHZ_L8?authuser=0&hl=en&g_ep=EgoyMDI2MDgzMC4wIJJjKgBIAVAD&rclk=1,Language Center And Support Els,Language school,Salé,+212 6 82 04 58 05,0,0,,,,,,,,,,
https://www.google.com/maps/place/Lingo+Zone/data=!4m7!3m6!1s0xda0451cee4f6e09:0x84ec5dbd0ea4ed97!8m2!3d33.858133!4d-5.5618211!16s%2Fg%2F11mmpcl2nj!19sChIJCW5P7hxFoA0Rl-2kDr1d7IQ?authuser=0&hl=en&g_ep=EgoyMDI2MDgzMC4wIJJjKgBIAVAD&rclk=1,Lingo Zone,Language school,Meknes,+212 6 00 48 46 61,13,4.8,,,,,,,,,,
https://www.google.com/maps/place/BELA+-+British+English+Language+Academy/data=!4m7!3m6!1s0xd9f8b3ce28e02ef:0x13bc931a21e3f908!8m2!3d34.031554!4d-5.0092857!16s%2Fg%2F11n4vtbhjg!19sChIJ7wKO4jyLnw0RCPnjIRqTvBM?authuser=0&hl=en&g_ep=EgoyMDI2MDgzMC4wIJJjKgBIAVAD&rclk=1,BELA - British English Language Academy,English language school,Fez,+212 6 73 73 20 15,23,5,https://englishatbela.com/,facebook.com/Bela-British-English-Language-Academy,instagram.com/bela_fes,,,,,wa.me/212673732015,contact@englishatbela.com,
https://www.google.com/maps/place/Uni+Nachhilfe+Fes/data=!4m7!3m6!1s0xd9f8b5ec734b57b:0x34dcb1ae6dbac892!8m2!3d34.0386901!4d-4.9998217!16s%2Fg%2F11lkw9yhlq!19sChIJe7U0x16Lnw0Rksi6ba6x3DQ?authuser=0&hl=en&g_ep=EgoyMDI2MDgzMC4wIJJjKgBIAVAD&rclk=1,Uni Nachhilfe Fes,Language school,Fez,+212 5 35 62 27 77,5,5,https://www.uni-nachhilfe-wuppertal.de/,facebook.com/pages/Uni-Nachhilfe-Wuppertal/291691674236273,,,,,,api.whatsapp.com/send?phone=%E2%81%A64915734825496%E2%81%A9,info@uni-nachhilfe-wuppertal.de,
https://www.google.com/maps/place/Espace+La+Boussole+Du+Succ%C3%A8s+%D9%81%D8%B6%D8%A7%D8%A1+%D8%A8%D9%88%D8%B5%D9%84%D8%A9+%D8%A7%D9%84%D9%86%D8%AC%D8%A7%D8%AD%E2%80%AD/data=!4m7!3m6!1s0xd9f8b34739a37e5:0x6c5cbd0d1a30dfb3!8m2!3d34.0592661!4d-4.9817158!16s%2Fg%2F11h597tj4l!19sChIJ5TeaczSLnw0Rs98wGg29XGw?authuser=0&hl=en&g_ep=EgoyMDI2MDgzMC4wIJJjKgBIAVAD&rclk=1,Espace La Boussole Du Succès فضاء بوصلة النجاح,Language school,Fez,+212 6 69 06 91 27,0,0,,,,,,,,,,
https://www.google.com/maps/place/Venus-Net+Hay+Chmaou/data=!4m7!3m6!1s0xda7698e561ffa01:0x927af314d4d383d3!8m2!3d34.0703902!4d-6.7970756!16s%2Fg%2F11j_1hpsnb!19sChIJAfofVo5ppw0R04PT1BTzepI?authuser=0&hl=en&g_ep=EgoyMDI2MDgzMC4wIJJjKgBIAVAD&rclk=1,Venus-Net Hay Chmaou,Language school,Salé,+212 5 37 84 60 46,4,4,,,,,,,,,,
https://www.google.com/maps/place/Center+Language+And+During+Support/data=!4m7!3m6!1s0xda76b459080d949:0xdb77b8775efab48e!8m2!3d34.0336969!4d-6.7708138!16s%2Fg%2F11s76xxwjh!19sChIJSdmAkEVrpw0RjrT6Xne4d9s?authuser=0&hl=en&g_ep=EgoyMDI2MDgzMC4wIJJjKgBIAVAD&rclk=1,Center Language And During Support,English language school,Salé,+212 6 24 02 41 29,0,0,,,,,,,,,,
https://www.google.com/maps/place/Arame+Center/data=!4m7!3m6!1s0xda76bd35cafeda5:0xcdabc905b41364e6!8m2!3d34.0547972!4d-6.7786897!16s%2Fg%2F11hybbhz8r!19sChIJpe2vXNNrpw0R5mQTtAXJq80?authuser=0&hl=en&g_ep=EgoyMDI2MDgzMC4wIJJjKgBIAVAD&rclk=1,Arame Center,Language school,Salé,+212 6 64 84 94 93,2,3,,,,,,,,,,
https://www.google.com/maps/place/Venus-Net+Hay+Salam/data=!4m7!3m6!1s0xda76bd3f0b744b3:0x8e38ee31c105b60f!8m2!3d34.0469611!4d-6.7806395!16s%2Fg%2F11jzqtddnp!19sChIJs0S38NNrpw0RD7YFwTHuOI4?authuser=0&hl=en&g_ep=EgoyMDI2MDgzMC4wIJJjKgBIAVAD&rclk=1,Venus-Net Hay Salam,Language school,Salé,+212 5 37 81 29 82,4,4,https://www.google.com/maps/place//data=!4m3!3m2!1s0xda76bd3f0b744b3:0x8e38ee31c105b60f!12e1?source=g.page.m.dd._&laa=lu-desktop-reviews-dialog-review-solicitation,,,,,,,,press@google.com,
https://www.google.com/maps/place/Venus-Net+Tabriquet/data=!4m7!3m6!1s0xda76b229c762d03:0xac7db6ee918ad5e6!8m2!3d34.0402172!4d-6.8067654!16s%2Fg%2F11tk58nhc0!19sChIJAy12nCJrpw0R5tWKke62faw?authuser=0&hl=en&g_ep=EgoyMDI2MDgzMC4wIJJjKgBIAVAD&rclk=1,Venus-Net Tabriquet,Language school,Salé,+212 5 37 86 27 21,4,3.8,,,,,,,,,,
"https://www.google.com/maps/place/Centre+TILILA+PREPA+AGADIR+-+Pr%C3%A9paration+de+Concours+,+Soutien+Scolaire+BAC+et+Langues/data=!4m7!3m6!1s0xdb3c9423bfdd17b:0x8b20044d50b98eb!8m2!3d30.4045738!4d-9.5212439!16s%2Fg%2F11sqdb0gbh!19sChIJe9H9O0LJsw0R65gL1UQAsgg?authuser=0&hl=en&g_ep=EgoyMDI2MDgzMS4wIJJjKgBIAVAD&rclk=1","Centre TILILA PREPA AGADIR - Préparation de Concours , Soutien Scolaire BAC et Langues",School Centre,Agadir,+212 6 22 02 68 74,5,4.2,,,,,,,,,,
https://www.google.com/maps/place/Centre+Essalam+De+Soutien+Scolaire+Et+Langues+%7C+%D9%85%D8%B1%D9%83%D8%B2+%D8%A7%D9%84%D8%B3%D9%84%D8%A7%D9%85+%D9%84%D9%84%D8%AF%D8%B9%D9%85+%D8%A7%D9%84%D9%85%D8%AF%D8%B1%D8%B3%D9%8A+%D9%88+%D8%A7%D9%84%D9%84%D8%BA%D8%A7%D8%AA%E2%80%AD/data=!4m7!3m6!1s0xda7a9df22bb0133:0x616461f77cfbd96f!8m2!3d33.7634467!4d-7.1579649!16s%2Fg%2F11jypz5jkq!19sChIJMwG7It-ppw0Rb9n7fPdhZGE?authuser=0&hl=en&g_ep=EgoyMDI2MDgzMS4wIJJjKgBIAVAD&rclk=1,Centre Essalam De Soutien Scolaire Et Langues | مركز السلام للدعم المدرسي و اللغات,Tutor,Bouznika,+212 7 68 12 50 30,8,5,,,,,,,,,,
https://www.google.com/maps/place/Center+Tutoring+Al+Batwar/data=!4m7!3m6!1s0xdb3b78dcad6b0bd:0x2c5f9e676d76d74c!8m2!3d30.4092273!4d-9.5873763!16s%2Fg%2F11whjrxt8v!19sChIJvbDWyo23sw0RTNd2bWeeXyw?authuser=0&hl=en&g_ep=EgoyMDI2MDgzMS4wIJJjKgBIAVAD&rclk=1,Center Tutoring Al Batwar,Tutor,Agadir,+212 6 60 98 49 15,15,5,https://www.soutien-scolaire-agadir.ma/,facebook.com/people/Centre-Soutien-Scolaire-Al-Batwar/61565742605673,instagram.com/soutien.scolaire.agadir,,,,,wa.me/212660984915,contact@soutien-scolaire-agadir.ma, 
https://www.google.com/maps/place/USP+Universal+startup/data=!4m7!3m6!1s0x4cc983ed545f66bb:0x3388542f3ad44864!8m2!3d31.6480045!4d-7.999906!16s%2Fg%2F11ssnfs5q9!19sChIJu2ZfVO2DyUwRZEjUOi9UiDM?authuser=0&hl=en&g_ep=EgoyMDI2MDgzMS4wIJJjKgBIAVAD&rclk=1,USP Universal startup,Training centre,Marrakesh,+212 6 64 89 23 95,27,4.1,https://www.uspmarrakech.online/,facebook.com/USP_Center,instagram.com/USP_Center,,,,,,,
https://www.google.com/maps/place/Center+Academy+9001/data=!4m7!3m6!1s0xdb3b7b25ee7c50b:0xe7cc5e2304209d3a!8m2!3d30.4233294!4d-9.5678023!16s%2Fg%2F11jsky62_g!19sChIJC8XnXrK3sw0ROp0gBCNezOc?authuser=0&hl=en&g_ep=EgoyMDI2MDgzMS4wIJJjKgBIAVAD&rclk=1,Center Academy 9001,Tutor,Agadir,+212 6 88 93 39 33,5,4.8,https://www.google.com/url?sa=t&source=web&rct=j&url=https://m.facebook.com/pages/category/School/Centre-Academy-9001-Agadir-606970342764457/&ved=2ahUKEwickbyr5q36AhVlgP0HHZAxAVYQFnoECBYQAQ&usg=AOvVaw1JekrPKqGg8YoPwCS5k3dz,facebook.com/pages/category/School/Centre-Academy-9001-Agadir-606970342764457,,,,,,,press@google.com,
https://www.google.com/maps/place/Centre+Elite+%D9%85%D8%B1%D9%83%D8%B2+%D8%A7%D9%84%D9%86%D8%AE%D8%A8%D8%A9+%D9%84%D9%84%D8%AF%D8%B9%D9%85+%D8%A7%D9%84%D9%85%D8%AF%D8%B1%D8%B3%D9%8A+%D9%88+%D8%A7%D9%84%D9%84%D8%BA%D8%A7%D8%AA%E2%80%AD/data=!4m7!3m6!1s0xdb3c7a383f2b1e1:0x3e65bee3d3bfe91f!8m2!3d30.3460186!4d-9.4860372!16s%2Fg%2F11nvjfybts!19sChIJ4bHyg6PHsw0RH-m_0-O-ZT4?authuser=0&hl=en&g_ep=EgoyMDI2MDgzMS4wIJJjKgBIAVAD&rclk=1,Centre Elite مركز النخبة للدعم المدرسي و اللغات,Tutor,Aït Melloul,+212 6 38 26 32 29,1,5,,,,,,,,,,
https://www.google.com/maps/place/Ocean+Connecting/data=!4m7!3m6!1s0xdb3b786ed856f81:0xcfee351cdd94fbfc!8m2!3d30.4357163!4d-9.5615716!16s%2Fg%2F11lm9vfy5v!19sChIJgW-F7Ya3sw0R_PuU3Rw17s8?authuser=0&hl=en&g_ep=EgoyMDI2MDgzMS4wIJJjKgBIAVAD&rclk=1,Ocean Connecting,Training centre,Agadir,+212 7 04 30 97 87,222,4.8,https://www.oceanconnecting.ma/,facebook.com/oceanconnecting,instagram.com/oceanconnecting,,linkedin.com/company/oceanconnecting,,,,contact@oceanconnecting.ma,
https://www.google.com/maps/place/%D9%85%D8%B1%D9%83%D8%B2+%D8%A7%D9%84%D9%8A%D8%B2%D9%85%D9%8A+%D9%84%D8%AF%D8%B1%D9%88%D8%B3+%D8%A7%D9%84%D8%AF%D8%B9%D9%85+%D9%88+%D8%A7%D9%84%D9%84%D8%BA%D8%A7%D8%AA%E2%80%AD/data=!4m7!3m6!1s0xdb3cf9505804951:0x7b2b313686ff85ba!8m2!3d30.3854036!4d-9.4316236!16s%2Fg%2F11nvt79b50!19sChIJUUmABZXPsw0RuoX_hjYxK3s?authuser=0&hl=en&g_ep=EgoyMDI2MDgzMS4wIJJjKgBIAVAD&rclk=1,مركز اليزمي لدروس الدعم و اللغات,Education Centre,Drargua ⴷⵔⴰⵔⴳⴰ الدراركة,+212 6 97 36 50 62,1,5,,,,,,,,,,
https://www.google.com/maps/place/American+TESOL+Academy+Meknes/data=!4m7!3m6!1s0xda04592ab25d96d:0xa939c60688f041d2!8m2!3d33.8678625!4d-5.5470912!16s%2Fg%2F11vc3bp_qw!19sChIJbdklq5JFoA0R0kHwiAbGOak?authuser=0&hl=en&g_ep=EgoyMDI2MDgzMS4wIJJjKgBIAVAD&rclk=1,American TESOL Academy Meknes,Education Centre,Meknes,+212 5 35 53 86 38,3,5,,,,,,,,,,
https://www.google.com/maps/place/Bayt+Al+Hikma+Center/data=!4m7!3m6!1s0xda717b3cbd2f3a3:0x5b54ca2c61dd5bfe!8m2!3d33.8007441!4d-6.8018012!16s%2Fg%2F11whgdy2r0!19sChIJo_PSy7MXpw0R_lvdYSzKVFs?authuser=0&hl=en&g_ep=EgoyMDI2MDgzMS4wIJJjKgBIAVAD&rclk=1,Bayt Al Hikma Center,Tutor,Aïn El Aouda,+212 6 05 80 75 19,42,4.9,https://baytlhikma.com/,facebook.com/share/h7XqoB8fzhA4gh3G/?mibextid=LQQJ4d,instagram.com/bayt_al_hiikma_center?igsh=cTF5OTZnazN4aDI0&utm_source=qr,,,youtube.com/@BaytalHikmaCenter,tiktok.com/@bayt.al.hikma.cen?_t=8pkEXgPwTig&_r=1,wa.me/212605807519,baytalhikmacenter@gmail.com,
https://www.google.com/maps/place/%D9%85%D8%B1%D9%83%D8%B2+%D8%AA%D8%B3%D9%86%D9%8A%D9%85+%D9%84%D9%84%D8%AF%D8%B9%D9%85+%D8%A7%D9%84%D9%85%D8%AF%D8%B1%D8%B3%D9%8A+%D9%88+%D8%AA%D8%B9%D9%84%D9%85+%D8%A7%D9%84%D9%84%D8%BA%D8%A7%D8%AA%E2%80%AD/data=!4m7!3m6!1s0x63c77af25195b77f:0x5fff341be56b640d!8m2!3d33.6810003!4d-7.3366932!16s%2Fg%2F11kbqhr0_9!19sChIJf7eVUfJ6x2MRDWRr5Rs0_18?authuser=0&hl=en&g_ep=EgoyMDI2MDgzMS4wIJJjKgBIAVAD&rclk=1,مركز تسنيم للدعم المدرسي و تعلم اللغات,Tutor,Bni Yakhlef,+212 6 17 01 30 03,0,0,,,,,,,,,,
https://www.google.com/maps/place/Center+Atlas+Arryada/data=!4m7!3m6!1s0xdb000123c88c445:0xdc941f139a2d1cad!8m2!3d31.3732478!4d-7.7976701!16s%2Fg%2F11c545hdd9!19sChIJRcSIPBIAsA0RrRwtmhMflNw?authuser=0&hl=en&g_ep=EgoyMDI2MDgzMS4wIJJjKgBIAVAD&rclk=1,Center Atlas Arryada,Educational institution,Akhlij,+212 6 94 52 00 29,4,4.8,,,,,,,,,,
https://www.google.com/maps/place/Centre+CITEL/data=!4m7!3m6!1s0xda7d29c1d6504b3:0x2f60d0d44adf1246!8m2!3d33.5900434!4d-7.6160877!16s%2Fg%2F11bysjvdcb!19sChIJswRlHZzSpw0RRhLfStTQYC8?authuser=0&hl=en&g_ep=EgoyMDI2MDgzMS4wIJJjKgBIAVAD&rclk=1,Centre CITEL,Educational institution,Casablanca,+212 5 22 20 73 80,3,5,,,,,,,,,,
https://www.google.com/maps/place/Institut+Fran%C3%A7ais+de+Marrakech/data=!4m7!3m6!1s0xdafeea271a75181:0xdf27a9b0ed8d17c2!8m2!3d31.6416858!4d-8.0256277!16s%2Fg%2F1tj2dbx1!19sChIJgVGncaLurw0RwheN7bCpJ98?authuser=0&hl=en&g_ep=EgoyMDI2MDgzMS4wIJJjKgBIAVAD&rclk=1,Institut Français de Marrakech,Cultural centre,Marrakesh,+212 5 24 44 69 30,841,4.3,https://if-maroc.org/marrakech/,facebook.com/InstitutFrancaisDeMarrakech,instagram.com/ifmarrakech,,linkedin.com/company/34754909,youtube.com/user/ifMaroc,,wa.me/212662466264,,
https://www.google.com/maps/place/Centre+salah+eddine+-+soutien+scolaire+langue+et+communication/data=!4m7!3m6!1s0xdafeb007dfba241:0xa0f22eb6714bd947!8m2!3d31.6877124!4d-8.0702512!16s%2Fg%2F11lv54xkh8!19sChIJQaL7fQDrrw0RR9lLcbYu8qA?authuser=0&hl=en&g_ep=EgoyMDI2MDgzMS4wIJJjKgBIAVAD&rclk=1,Centre salah eddine - soutien scolaire langue et communication,Training centre,Marrakesh,+212 6 66 61 21 26,0,0,,,,,,,,,,
https://www.google.com/maps/place/ARC+Services/data=!4m7!3m6!1s0xdafed54a2dfbe61:0xfa9db4a889e53908!8m2!3d31.6606387!4d-8.006266!16s%2Fg%2F11y1ry0mlr!19sChIJYb7folTtrw0RCDnliai0nfo?authuser=0&hl=en&g_ep=EgoyMDI2MDgzMS4wIJJjKgBIAVAD&rclk=1,ARC Services,Education Centre,Marrakesh,+212 7 79 86 55 83,4,5,https://www.instagram.com/arcservicesma/,,instagram.com/rsrc.php/y4/r/QaBlI0OZiks.ico,,,,,,,
https://www.google.com/maps/place/Talents+Consulting+Et+Formations/data=!4m7!3m6!1s0xdafed084d8a5005:0xfdb97c9e28ae6121!8m2!3d31.6650183!4d-8.0099491!16s%2Fg%2F11y46y8tl9!19sChIJBVCKTQjtrw0RIWGuKJ58uf0?authuser=0&hl=en&g_ep=EgoyMDI2MDgzMS4wIJJjKgBIAVAD&rclk=1,Talents Consulting Et Formations,Training centre,Marrakesh,+212 6 61 33 27 21,15,4.7,,,,,,,,,,
https://www.google.com/maps/place/One+academy/data=!4m7!3m6!1s0xda427fc8b0f979f:0xf148e4b5289d5e54!8m2!3d32.8844247!4d-6.9134004!16s%2Fg%2F11nv70wc3v!19sChIJn5cPi_wnpA0RVF6dKLXkSPE?authuser=0&hl=en&g_ep=EgoyMDI2MDgzMS4wIJJjKgBIAVAD&rclk=1,One academy,Education Centre,Khouribga,+212 6 88 14 96 72,5,5,,,,,,,,,,
https://www.google.com/maps/place/Afkary+Centre+de+soutien+scolaire/data=!4m7!3m6!1s0xd0b8700387be345:0xfec36dcc7a6bc845!8m2!3d35.7444951!4d-5.8323428!16s%2Fg%2F11whycdpql!19sChIJReN7OACHCw0RRchresxtw_4?authuser=0&hl=en&g_ep=EgoyMDI2MDgzMS4wIJJjKgBIAVAD&rclk=1,Afkary Centre de soutien scolaire,Tutor,Tangier,+212 6 74 33 26 30,26,5,https://afkary.ma/,facebook.com/p/Afkaryma-61565806422024,instagram.com/afkary_center/?hl=fr,,,,,,afkary832@gmail.com,
https://www.google.com/maps/place/Centre+De+Langues+Et+D%27informatique+%D9%85%D8%B1%D9%83%D8%B2+%D8%A7%D9%84%D9%84%D8%BA%D8%A7%D8%AA+%D9%88%D8%A7%D9%84%D8%A5%D8%B9%D9%84%D8%A7%D9%85%D9%8A%D8%A7%D8%AA%E2%80%AD/data=!4m7!3m6!1s0xd0b353fe8ba5907:0xa270278259255a88!8m2!3d35.4489668!4d-5.0940576!16s%2Fg%2F11jsmfft_3!19sChIJB1m66D81Cw0RiFolWYIncKI?authuser=0&hl=en&g_ep=EgoyMDI2MDkwMS4wIJJjKgBIAVAD&rclk=1,Centre De Langues Et D'informatique مركز اللغات والإعلاميات,School Centre,Oued Laou ⵡⴰⴷ ⵍⴰⵡ وادي لو,+212 6 37 01 23 93,0,0,,,,,,,,,,
https://www.google.com/maps/place/%D9%85%D8%B1%D9%83%D8%B2+supernova+%D9%84%D8%AF%D8%B9%D9%85+%D9%88+%D8%A7%D9%84%D9%84%D8%BA%D8%A7%D8%AA%E2%80%AD/data=!4m7!3m6!1s0xda045007665b40b:0x4d7b44e0d893225c!8m2!3d33.9042625!4d-5.4805156!16s%2Fg%2F11nvkr9yvw!19sChIJC7RldgBFoA0RXCKT2OBEe00?authuser=0&hl=en&g_ep=EgoyMDI2MDgzMS4wIJJjKgBIAVAD&rclk=1,مركز supernova لدعم و اللغات,Educational institution,Ouislane,+212 7 12 82 10 43,2,5,,,,,,,,,,
https://www.google.com/maps/place/Vladimir+institute/data=!4m7!3m6!1s0xd743113c9b249df:0xe1e168b49ad652f8!8m2!3d35.2435778!4d-3.9307612!16s%2Fg%2F11tn_gn1ps!19sChIJ30myyRMxdA0R-FLWmrRo4eE?authuser=0&hl=en&g_ep=EgoyMDI2MDgzMS4wIJJjKgBIAVAD&rclk=1,Vladimir institute,Education Centre,Al Hoceïma,+212 7 66 82 78 97,21,5,https://www.vladimirinstitute.com/en,facebook.com/WixFrancais,instagram.com/wix,twitter.com/WixFrance,,youtube.com/channel/UCy7ONifkKb8_cWLWgjub7Mg/featured,,,vladimirinstitution@gmail.com,
https://www.google.com/maps/place/Ichramal+center/data=!4m7!3m6!1s0xd0c7fd8387b368d:0xb805401f0fe2bbfd!8m2!3d35.7742597!4d-5.8032353!16s%2Fg%2F11tjpgsh8j!19sChIJjTZ7ONh_DA0R_bviDx9ABbg?authuser=0&hl=en&g_ep=EgoyMDI2MDgzMS4wIJJjKgBIAVAD&rclk=1,Ichramal center,Training centre,Tangier,+212 7 63 07 44 06,20,4.8,https://ichramalcenter.ma/,facebook.com/Ichramal?mibextid=LQQJ4d,instagram.com/ichramalcenter?igsh=MWZzN3pnYXY3YXdtZA==,,,,,,contact@ichramalcenter.ma,
https://www.google.com/maps/place/Lighthouse+De+Langues/data=!4m7!3m6!1s0xda91dcf80f64f83:0x73703fa01c4f22b3!8m2!3d33.249811!4d-8.5172797!16s%2Fg%2F11c1n18c13!19sChIJg0_2gM8dqQ0RsyJPHKA_cHM?authuser=0&hl=en&g_ep=EgoyMDI2MDgzMS4wIJJjKgBIAVAD&rclk=1,Lighthouse De Langues,Learning Centre,El Jadida,+212 5 23 39 50 76,2,3,,,,,,,,,,
https://www.google.com/maps/place/Isli+Centre+Language+Center+Tutoring+-/data=!4m7!3m6!1s0xda713e82688b4c1:0xef00b75e13211982!8m2!3d33.9248793!4d-6.9178902!16s%2Fg%2F11rgzykkc3!19sChIJwbSIJugTpw0RghkhE163AO8?authuser=0&hl=en&g_ep=EgoyMDI2MDgzMS4wIJJjKgBIAVAD&rclk=1,Isli Centre Language Center Tutoring -,Training centre,Temara,+212 6 66 09 60 46,32,4.1,,,,,,,,,,
https://www.google.com/maps/place/Prime+Bridge+Academy/data=!4m7!3m6!1s0xda713396c149b1b:0x264aa465a980ef07!8m2!3d33.9174847!4d-6.9202096!16s%2Fg%2F11y2jtmxwx!19sChIJG5sUbDkTpw0RB--AqWWkSiY?authuser=0&hl=en&g_ep=EgoyMDI2MDgzMS4wIJJjKgBIAVAD&rclk=1,Prime Bridge Academy,Training centre,Temara,+212 5 30 57 36 29,15,4.5,https://academyprimebridge.com/,,,,,,,,,
https://www.google.com/maps/place/centre+de+formation+afaq/data=!4m7!3m6!1s0xda741e381d7749b:0x82ab741d997431ac!8m2!3d33.9939385!4d-6.7354325!16s%2Fg%2F11mx4rk94f!19sChIJm3TXgeNBpw0RrDF0mR10q4I?authuser=0&hl=en&g_ep=EgoyMDI2MDgzMS4wIJJjKgBIAVAD&rclk=1,centre de formation afaq,Training centre,Salé,+212 5 37 53 74 91,10,5,,,,,,,,,,
https://www.google.com/maps/place/Center+Le+Sommet/data=!4m7!3m6!1s0xda8804356e8781d:0x5e0de9f6a674baa6!8m2!3d33.5219913!4d-7.8172219!16s%2Fg%2F11g6nyzy5m!19sChIJHXjoVkOAqA0Rprp0pvbpDV4?authuser=0&hl=en&g_ep=EgoyMDI2MDgzMS4wIJJjKgBIAVAD&rclk=1,Center Le Sommet,Training centre,Dar Bouazza,+212 6 61 35 83 26,85,4.9,https://centrelesommet.ma/,facebook.com/centrelesommet,instagram.com/centre.le.sommet,,,youtube.com/embed/BnhvwWWvjNE,tiktok.com/@centrelesommet,,"%20info@centrelesommet.com, info@centrelesommet.ma", 
https://www.google.com/maps/place/%D9%85%D8%B1%D9%83%D8%B2+%D8%A7%D9%84%D8%A5%D8%AF%D8%B1%D9%8A%D8%B3%D9%8A+%D9%84%D9%84%D8%BA%D8%A7%D8%AA+%D9%88%D8%A7%D9%84%D9%85%D8%B9%D9%84%D9%88%D9%85%D9%8A%D8%A7%D8%AA%E2%80%AD/data=!4m7!3m6!1s0xd9c2d006ef99a1b:0x43b902f68ff2e8a3!8m2!3d33.6677199!4d-3.6237542!16s%2Fg%2F11y373b4dt!19sChIJG5r5bgAtnA0Ro-jyj_YCuUM?authuser=0&hl=en&g_ep=EgoyMDI2MDgzMS4wIJJjKgBIAVAD&rclk=1,مركز الإدريسي للغات والمعلوميات,Education Centre,Tindine,+212 6 37 97 49 13,2,4,,,,,,,,,,
https://www.google.com/maps/place/Renaissance+Academy/data=!4m7!3m6!1s0xda70d269c866207:0xbeec6669f4f94647!8m2!3d33.8883413!4d-6.9676228!16s%2Fg%2F11lc_vsngd!19sChIJB2KGnCYNpw0RR0b59Glm7L4?authuser=0&hl=en&g_ep=EgoyMDI2MDgzMS4wIJJjKgBIAVAD&rclk=1,Renaissance Academy,Student career counseling office,Aïn Attig,+212 6 64 08 01 04,2,3,https://renaissance-academy.com/,,,,linkedin.com/company/renaissance-academy2024,,,,contact@renaissance-academy.com, 
https://www.google.com/maps/place/Sos+Teacher+Center/data=!4m7!3m6!1s0xda70f07f5538113:0xd197833681ef6530!8m2!3d33.8401171!4d-6.9193707!16s%2Fg%2F11gy9py397!19sChIJE4FT9QcPpw0RMGXvgTaDl9E?authuser=0&hl=en&g_ep=EgoyMDI2MDgzMS4wIJJjKgBIAVAD&rclk=1,Sos Teacher Center,Educational institution,Tamesna,+212 6 63 36 46 00,13,5,,,,,,,,,,
https://www.google.com/maps/place/Centre+de+formation+%C3%A0+T%C3%A9mara+Maroc+-+Lang-Tech/data=!4m7!3m6!1s0xda71317e4bb7681:0xe7218376c1eec35!8m2!3d33.9109848!4d-6.9202772!16s%2Fg%2F11p56p57t2!19sChIJgXa75BcTpw0RNewebDcYcg4?authuser=0&hl=en&g_ep=EgoyMDI2MDgzMS4wIJJjKgBIAVAD&rclk=1,Centre de formation à Témara Maroc - Lang-Tech,Learning Centre,Temara,+212 5 37 41 09 85,6,4.3,,,,,,,,,,
https://www.google.com/maps/place/Center+Jacques+Berque/data=!4m7!3m6!1s0xda76b9b19285861:0x26ea280c8a13da80!8m2!3d34.0165328!4d-6.8228654!16s%2Fg%2F11g8wnn_36!19sChIJYVgoGZtrpw0RgNoTigwo6iY?authuser=0&hl=en&g_ep=EgoyMDI2MDgzMS4wIJJjKgBIAVAD&rclk=1,Center Jacques Berque,Research institute,Rabat,+212 5 37 76 96 91,8,4.3,https://www.cjb.ma/,facebook.com/lecjb,,,,youtube.com/watch?v=BwZ2tVPOSRk&t=8s,,,secretariat@cjb.ma,
https://www.google.com/maps/place/Center+Mega+Language/data=!4m7!3m6!1s0xda7b1004e5630ff:0x5da41cbaaa71f95b!8m2!3d33.6981989!4d-7.3409794!16s%2Fg%2F11vwy0nbsr!19sChIJ_zBWTgCxpw0RW_lxqrocpF0?authuser=0&hl=en&g_ep=EgoyMDI2MDgzMS4wIJJjKgBIAVAD&rclk=1,Center Mega Language,Education Centre,Bni Yakhlef,+212 6 12 19 51 27,10,3.3,,,,,,,,,,
https://www.google.com/maps/place/Admigha+Tabriquat-Bettana/data=!4m7!3m6!1s0xda76bf691ceb645:0xb7202df5363e51e1!8m2!3d34.0351869!4d-6.8086947!16s%2Fg%2F11htrr4qf0!19sChIJRbbOkfZrpw0R4VE-NvUtILc?authuser=0&hl=en&g_ep=EgoyMDI2MDgzMS4wIJJjKgBIAVAD&rclk=1,Admigha Tabriquat-Bettana,Education Centre,Salé,+212 6 66 74 44 68,8,4.4,https://www.instagram.com/admigha/,,instagram.com/rsrc.php/y4/r/QaBlI0OZiks.ico,,,,,,,
https://www.google.com/maps/place/Leaders+Center-+%D9%85%D8%B9%D9%87%D8%AF+%D8%A7%D9%84%D9%82%D8%A7%D8%AF%D8%A9%E2%80%AD/data=!4m7!3m6!1s0xda76b5f36c9710f:0xe8511e6381800f4b!8m2!3d34.048071!4d-6.8078533!16s%2Fg%2F11wc9w593r!19sChIJD3HJNl9rpw0RSw-AgWMeUeg?authuser=0&hl=en&g_ep=EgoyMDI2MDgzMS4wIJJjKgBIAVAD&rclk=1,Leaders Center- معهد القادة,Educational institution,Salé,+212 6 61 24 66 24,18,4.9,https://www.instagram.com/leaderscenterofficial/,,instagram.com/rsrc.php/y4/r/QaBlI0OZiks.ico,,,,,,,
https://www.google.com/maps/place/Centre+Rse+De+Langues+Et+Support+Salt/data=!4m7!3m6!1s0xda769ee5b2667b7:0x40946f39733599cd!8m2!3d34.0738044!4d-6.7955274!16s%2Fg%2F11fl5hbsf4!19sChIJt2cmW-5ppw0RzZk1czlvlEA?authuser=0&hl=en&g_ep=EgoyMDI2MDgzMS4wIJJjKgBIAVAD&rclk=1,Centre Rse De Langues Et Support Salt,Coaching center,Salé,+212 6 55 93 29 35,3,3.7,,,,,,,,,,
https://www.google.com/maps/place/Centre+Sigma+Des+Langues+Et+Soutien+Scolaire/data=!4m7!3m6!1s0xda76927912d5255:0xc9ece1c63d6af0b7!8m2!3d34.0691211!4d-6.8011594!16s%2Fg%2F11h2nqzgd_!19sChIJVVItkSdppw0Rt_BqPcbh7Mk?authuser=0&hl=en&g_ep=EgoyMDI2MDgzMS4wIJJjKgBIAVAD&rclk=1,Centre Sigma Des Langues Et Soutien Scolaire,Educational institution,Salé,+212 6 12 99 13 54,2,5,,,,,,,,,,
https://www.google.com/maps/place/%D8%AD%D8%B6%D8%A7%D9%86%D8%A9+%D9%85%D8%A7%D9%85%D8%A7+%D8%B4%D9%8A%D9%85%D8%A7%D8%A1+%22%D9%85%D8%B1%D9%83%D8%B2+%D8%A7%D9%84%D8%AF%D8%B9%D9%85+%D9%88+%D8%A7%D9%84%D9%84%D8%BA%D8%A7%D8%AA+%22%D8%A7%D9%84%D9%85%D8%B5%D8%B7%D9%81%D9%89+%D8%A8%D9%81%D8%A7%D8%B3%E2%80%AD/data=!4m7!3m6!1s0xda7cb65457e7eff:0x74099851ef04c8c5!8m2!3d33.5870769!4d-7.5007603!16s%2Fg%2F11vch7_yr4!19sChIJ_35-RWXLpw0RxcgE71GYCXQ?authuser=0&hl=en&g_ep=EgoyMDI2MDgzMS4wIJJjKgBIAVAD&rclk=1,"حضانة ماما شيماء ""مركز الدعم و اللغات ""المصطفى بفاس",Pre-school,Casablanca,+212 8 08 62 66 04,0,0,,,,,,,,,,
https://www.google.com/maps/place/%D9%85%D8%B1%D9%83%D8%B2+%D9%8A%D8%A7%D8%B3%D8%B1+%D9%84%D9%84%D8%B9%D9%84%D9%88%D9%85+%D9%88%D8%A7%D9%84%D9%84%D8%BA%D8%A7%D8%AA%E2%80%AD/data=!4m7!3m6!1s0xda76b00465ad595:0x7b46739e811a5d23!8m2!3d34.050154!4d-6.8166182!16s%2Fg%2F11vr558ffy!19sChIJldVaRgBrpw0RI10agZ5zRns?authuser=0&hl=en&g_ep=EgoyMDI2MDgzMS4wIJJjKgBIAVAD&rclk=1,مركز ياسر للعلوم واللغات,Education Centre,Salé,+212 6 88 85 79 24,2,5,,,,,,,,,,
https://www.google.com/maps/place/%D9%85%D8%B1%D9%83%D8%B2mention+%D9%84%D9%84%D8%AF%D8%B9%D9%85+%D9%88%D8%A7%D9%84%D9%84%D8%BA%D8%A7%D8%AA%E2%80%AD/data=!4m7!3m6!1s0xda7692a99a7a3b1:0x1a126fe59fc1bae4!8m2!3d34.0627642!4d-6.7658412!16s%2Fg%2F11l749w5wr!19sChIJsaOnmSpppw0R5LrBn-VvEho?authuser=0&hl=en&g_ep=EgoyMDI2MDgzMS4wIJJjKgBIAVAD&rclk=1,مركزmention للدعم واللغات,Education Centre,Salé,+212 7 07 07 94 82,1,3,,,,,,,,,,
https://www.google.com/maps/place/Academy+international+Yaniss+Allemand/data=!4m7!3m6!1s0x6a56d9f4e1cad8b:0x4d82b2798afbbbf3!8m2!3d33.9099036!4d-6.9382788!16s%2Fg%2F11z2g9nb1m!19sChIJi60cTp9tpQYR87v7inmygk0?authuser=0&hl=en&g_ep=EgoyMDI2MDkwMS4wIJJjKgBIAVAD&rclk=1,Academy international Yaniss Allemand,Studying Centre,Temara,+212 6 38 08 70 62,29,5,,,,,,,,,,
https://www.google.com/maps/place/Student+Bridge/data=!4m7!3m6!1s0xda76b0040b9265d:0xae44d28cafcbcea5!8m2!3d34.0178797!4d-6.8344589!16s%2Fg%2F11ltfnt9xv!19sChIJXSa5QABrpw0Rpc7Lr4zSRK4?authuser=0&hl=en&g_ep=EgoyMDI2MDgzMS4wIJJjKgBIAVAD&rclk=1,Student Bridge,College,Rabat,+212 6 60 25 21 31,2,4.5,,,,,,,,,,
https://www.google.com/maps/place/Essoufi+Center/data=!4m7!3m6!1s0xda62dd211cd9cef:0xd5635c2d279ae48!8m2!3d33.4788503!4d-7.6595319!16s%2Fg%2F11t3gh_8sd!19sChIJ75zNEdItpg0RSK550sI1Vg0?authuser=0&hl=en&g_ep=EgoyMDI2MDgzMS4wIJJjKgBIAVAD&rclk=1,Essoufi Center,Training centre,Bouskoura,+212 7 81 67 43 77,13,4.7,,,,,,,,,,
https://www.google.com/maps/place/British+Accent/data=!4m7!3m6!1s0xda62f0224f5d169:0x605c831afcee5815!8m2!3d33.4864709!4d-7.6234137!16s%2Fg%2F11q3rr3kyt!19sChIJadH1JAIvpg0RFVju_BqDXGA?authuser=0&hl=en&g_ep=EgoyMDI2MDgzMS4wIJJjKgBIAVAD&rclk=1,British Accent,Special education school,Bouskoura,+212 6 65 20 21 73,0,0,,,,,,,,,,
https://www.google.com/maps/place/LLC+2/data=!4m7!3m6!1s0xda62b7df06a3ed7:0xbd108722c925cd06!8m2!3d33.5309417!4d-7.7348825!16s%2Fg%2F11kr820wp7!19sChIJ1z5q8H0rpg0RBs0lySKHEL0?authuser=0&hl=en&g_ep=EgoyMDI2MDgzMS4wIJJjKgBIAVAD&rclk=1,LLC 2,Education Centre,Dar Bouazza,+212 6 81 01 82 61,5,5,,,,,,,,,,
https://www.google.com/maps/place/Campus+R%C3%A9ussit+-+%D8%AF%D8%B1%D9%88%D8%B3+%D8%A7%D9%84%D8%AF%D8%B9%D9%85+%D9%88%D8%A7%D9%84%D9%84%D8%BA%D8%A7%D8%AA.%D8%A7%D8%A8%D8%AA%D8%AF%D8%A7%D8%A6%D9%8A+%D9%88%D8%A7%D8%B9%D8%AF%D8%A7%D8%AF%D9%8A%E2%80%AD/data=!4m7!3m6!1s0xdb3c9d2322760b1:0xb4018719d29bd858!8m2!3d30.3744971!4d-9.53938!16s%2Fg%2F11rd_f9st2!19sChIJsWAnMtLJsw0RWNib0hmHAbQ?authuser=0&hl=en&g_ep=EgoyMDI2MDgzMS4wIJJjKgBIAVAD&rclk=1,Campus Réussit - دروس الدعم واللغات.ابتدائي واعدادي,Cultural centre,Dcheira El Jihadia,+212 5 28 27 03 03,16,4.6,,,,,,,,,,
https://www.google.com/maps/place/Podium+School+Priv%C3%A9/data=!4m7!3m6!1s0xdb3b7b09f235205:0xae6cad184378c7e4!8m2!3d30.3729576!4d-9.5496779!16s%2Fg%2F11xsrj5fyc!19sChIJBVIjn7C3sw0R5Md4QxitbK4?authuser=0&hl=en&g_ep=EgoyMDI2MDgzMS4wIJJjKgBIAVAD&rclk=1,Podium School Privé,Training centre,Dcheira El Jihadia,+212 6 38 02 49 88,10,5,,,,,,,,,,
https://www.google.com/maps/place/CENTRE+ATTAFAWOQ+DE+LANGUE+ET+DE+COMMUNICATION/data=!4m7!3m6!1s0xdb3c1b90c6e6ec3:0xc3b795552786dab3!8m2!3d30.2374811!4d-9.5273084!16s%2Fg%2F11sfdshggj!19sChIJw25uDLnBsw0Rs9qGJ1WVt8M?authuser=0&hl=en&g_ep=EgoyMDI2MDgzMS4wIJJjKgBIAVAD&rclk=1,CENTRE ATTAFAWOQ DE LANGUE ET DE COMMUNICATION,Education Centre,Sidi Bibi,+212 6 74 93 30 81,0,0,,,,,,,,,,
https://www.google.com/maps/place/Center+Language+And+Technical+Communication/data=!4m7!3m6!1s0xdb3d78e88f4f6b9:0x2e6e7b27dcd7b76b!8m2!3d30.3943635!4d-9.2183875!16s%2Fg%2F11g6lx3ff6!19sChIJufb0iI7Xsw0Ra7fX3Cd7bi4?authuser=0&hl=en&g_ep=EgoyMDI2MDgzMS4wIJJjKgBIAVAD&rclk=1,Center Language And Technical Communication,Educational institution,Ouled-Teima,+212 6 66 88 48 92,0,0,,,,,,,,,,
https://www.google.com/maps/place/FEDORA+Centre+de+Formation+Continue+Taroudant/data=!4m7!3m6!1s0xdb1730a37318597:0x88327163b76b2a75!8m2!3d30.473492!4d-8.8785582!16s%2Fg%2F11c1tf6_h_!19sChIJl4UxNwpzsQ0RdSprt2NxMog?authuser=0&hl=en&g_ep=EgoyMDI2MDgzMS4wIJJjKgBIAVAD&rclk=1,FEDORA Centre de Formation Continue Taroudant,Training centre,Taroudant,+212 6 59 15 97 59,25,4.9,,,,,,,,,,
https://www.google.com/maps/place/Institut+Arriyada+des+sciences+et+des+Langues/data=!4m7!3m6!1s0xdb3d7c4116fbb19:0xd91c7656dc5a2e7f!8m2!3d30.3813124!4d-9.2210782!16s%2Fg%2F11qnkmc06_!19sChIJGbtvEcTXsw0Rfy5a3FZ2HNk?authuser=0&hl=en&g_ep=EgoyMDI2MDgzMS4wIJJjKgBIAVAD&rclk=1,Institut Arriyada des sciences et des Langues,Learning Centre,Ouled-Teima,+212 7 25 30 00 78,1,5,,,,,,,,,,
https://www.google.com/maps/place/Language+Center+Riyad+Al+Fikr/data=!4m7!3m6!1s0xda0cf9c612f0445:0xd0f21a9da39905ee!8m2!3d33.8954803!4d-6.3207151!16s%2Fg%2F11g_rn61xw!19sChIJRQQvYZzPoA0R7gWZo50a8tA?authuser=0&hl=en&g_ep=EgoyMDI2MDgzMS4wIJJjKgBIAVAD&rclk=1,Language Center Riyad Al Fikr,Educational institution,Tiflet,+212 6 97 12 04 57,2,5,,,,,,,,,,
https://www.google.com/maps/place/%D9%85%D8%B1%D9%83%D8%B2+%D8%AF%D8%A7%D8%B9%D9%85+%D9%84%D9%84%D8%AF%D8%B9%D9%85+%D8%A7%D9%84%D9%85%D8%AF%D8%B1%D8%B3%D9%8A+%D9%88+%D8%A7%D9%84%D9%84%D8%BA%D8%A7%D8%AA%E2%80%AD/data=!4m7!3m6!1s0xda04dfe7f56d5fd:0x6f934de9b8cb436f!8m2!3d33.7600299!4d-5.4825695!16s%2Fg%2F11kr8z1_83!19sChIJ_dVWf_5NoA0Rb0PLuOlNk28?authuser=0&hl=en&g_ep=EgoyMDI2MDgzMS4wIJJjKgBIAVAD&rclk=1,مركز داعم للدعم المدرسي و اللغات,Tutoring service,Boufakrane,+212 6 37 76 68 90,2,5,,,,,,,,,,
https://www.google.com/maps/place/%D8%AA%D8%B9%D9%84%D9%85+%D8%A7%D9%84%D9%84%D8%BA%D8%A9+%D8%A7%D9%84%D8%A5%D9%86%D8%AC%D9%84%D9%8A%D8%B2%D9%8A%D8%A9%E2%80%AD/data=!4m7!3m6!1s0xd9c1fd54dff4daf:0xd9befb26a24ebcf5!8m2!3d33.3382974!4d-3.7303245!16s%2Fg%2F11pvbltmsy!19sChIJr03_TdUfnA0R9bxOoib7vtk?authuser=0&hl=en&g_ep=EgoyMDI2MDgzMS4wIJJjKgBIAVAD&rclk=1,تعلم اللغة الإنجليزية,Educational testing service,Ermila,+212 6 57 58 71 31,2,5,,,,,,,,,,
https://www.google.com/maps/place/Centre+de+Langues+Michel+Vieuchange/data=!4m7!3m6!1s0xc3773003de0e48d:0x98cb05a5c9e20079!8m2!3d27.1376988!4d-13.182944!16s%2Fg%2F11zf3_h695!19sChIJjeTgPQBzNwwReQDiyaUFy5g?authuser=0&hl=en&g_ep=EgoyMDI2MDgzMS4wIJJjKgBIAVAD&rclk=1,Centre de Langues Michel Vieuchange,Learning center,Laayoune,+212 5 28 89 95 24,5,5,,,,,,,,,,
https://www.google.com/maps/place/%D9%85%D8%B1%D9%83%D8%B2+%D8%A7%D9%82%D8%B1%D8%A3+%D9%84%D9%84%D8%AF%D8%B9%D9%85+%D9%88%D8%A7%D9%84%D9%84%D8%BA%D8%A7%D8%AA%E2%80%AD/data=!4m7!3m6!1s0xd0af390d33cdddd:0x90778a2ecca6c5bc!8m2!3d34.7982288!4d-5.5764916!16s%2Fg%2F11rljxf1p9!19sChIJ3d0805DzCg0RvMWmzC6Kd5A?authuser=0&hl=en&g_ep=EgoyMDI2MDgzMS4wIJJjKgBIAVAD&rclk=1,مركز اقرأ للدعم واللغات,Education center,Ouazzane,+212 7 10 50 80 73,3,5,,,,,,,,,,
https://www.google.com/maps/place/Alpha+Germany/data=!4m7!3m6!1s0xd9f8b2b102998ad:0xf7d9c4505f32830e!8m2!3d34.0366818!4d-4.9992265!16s%2Fg%2F11xrlj59bb!19sChIJrZgpECuLnw0RDoMyX1DE2fc?authuser=0&hl=en&g_ep=EgoyMDI2MDgzMS4wIJJjKgBIAVAD&rclk=1,Alpha Germany,Training center,Fez,+212 6 79 95 42 95,14,4.5,,,,,,,,,,
https://www.google.com/maps/place/Prof.+Hanane+%C3%89lan+%C3%89volution%F0%9F%8C%B1/data=!4m7!3m6!1s0xdb47b1d706e5b87:0x731257940b30c064!8m2!3d29.6925901!4d-9.7253139!16s%2Fg%2F11x0k4ktgd!19sChIJh1tucB17tA0RZMAwC5RXEnM?authuser=0&hl=en&g_ep=EgoyMDI2MDgzMC4wIJJjKgBIAVAD&rclk=1,Prof. Hanane Élan Évolution🌱,Tutoring service,Tiznit,+212 6 35 20 98 86,15,5,,,,,,,,,,
https://www.google.com/maps/place/Yassora+Germany+Consulting+%26+Immigration/data=!4m7!3m6!1s0xda7d36609f0f403:0xad69cb069a5fb068!8m2!3d33.5968908!4d-7.6157159!16s%2Fg%2F11vxpflh5c!19sChIJA_TwCWbTpw0RaLBfmgbLaa0?authuser=0&hl=en&g_ep=EgoyMDI2MDgzMS4wIJJjKgBIAVAD&rclk=1,Yassora Germany Consulting & Immigration,Student career counseling office,Casablanca,+212 6 42 76 84 79,13,5,https://www.yassoragermany.com/,,,,,,,,,
https://www.google.com/maps/place/Dar+Espana/data=!4m7!3m6!1s0xda7d3582a0fae4f:0xe810fe72a305285c!8m2!3d33.5904654!4d-7.6271723!16s%2Fg%2F11pzx8cj26!19sChIJT64PKljTpw0RXCgFo3L-EOg?authuser=0&hl=en&g_ep=EgoyMDI2MDgzMC4wIJJjKgBIAVAD&rclk=1,Dar Espana,Educational institution,Casablanca,+212 6 66 12 57 72,4,4,https://www.darespana.ma/fr/,facebook.com/capstone.ma,instagram.com/capstone.ma,,linkedin.com/company/capstone-ma,youtube.com/@CapstoneAcademy,tiktok.com/@capstone.ma,,"contact@capstone.ma, exemple@email.com", 
https://www.google.com/maps/place/Selectividad+Cgranada+%D8%A7%D9%84%D8%AF%D8%B1%D8%A7%D8%B3%D8%A7%D8%AA+%D8%A7%D9%84%D8%AC%D8%A7%D9%85%D8%B9%D9%8A%D8%A9+%D9%81%D9%8A+%D8%A5%D8%B3%D8%A8%D8%A7%D9%86%D9%8A%D8%A7%E2%80%AD/data=!4m7!3m6!1s0xda7d300d6d00803:0x9343fcf62c614d34!8m2!3d33.5838243!4d-7.6249024!16s%2Fg%2F11t8g4d8vs!19sChIJAwjQ1gDTpw0RNE1hLPb8Q5M?authuser=0&hl=en&g_ep=EgoyMDI2MDgzMC4wIJJjKgBIAVAD&rclk=1,Selectividad Cgranada الدراسات الجامعية في إسبانيا,Educational institution,Casablanca,+212 6 55 93 49 89,15,4.7,https://selectividadcgranada.com/,facebook.com/selectividadcgranada,instagram.com/selectividad.cgranada/?hl=fr,twitter.com/?lang=en,,youtube.com/embed/jx6pmnGz0PM,tiktok.com/@selectividadcgranada,,selectividadcgranada@gmail.com, 
https://www.google.com/maps/place/Academy+International+Amjd-Pro/data=!4m7!3m6!1s0xd77a7f0eb42264b:0x16ddac76ec81f13d!8m2!3d35.1722712!4d-2.9262187!16s%2Fg%2F11gdq8jpgc!19sChIJSyZC6_Cndw0RPfGB7Has3RY?authuser=0&hl=en&g_ep=EgoyMDI2MDgzMC4wIJJjKgBIAVAD&rclk=1,Academy International Amjd-Pro,Learning center,Nador,+212 6 01 32 77 37,33,4.9,https://www.centreamjd.com/,facebook.com/amjd.pro/?_rdc=1&_rdr#,,,,,,wa.me/212707604533,academyamjdpro@gmail.com,
https://www.google.com/maps/place/Centre+Atlantique+de+Formation+2+Mars/data=!4m7!3m6!1s0xda7cd550e58815d:0x62c36206ee177bee!8m2!3d33.5648444!4d-7.6096202!16s%2Fg%2F11c1wwwg22!19sChIJXYFYDlXNpw0R7nsX7gZiw2I?authuser=0&hl=en&g_ep=EgoyMDI2MDgzMC4wIJJjKgBIAVAD&rclk=1,Centre Atlantique de Formation 2 Mars,Training center,Casablanca,+212 5 22 28 15 42,64,4.4,,,,,,,,,,
https://www.google.com/maps/place/Center+Top+Language+Communication+And+Academic+Support/data=!4m7!3m6!1s0xdad9b339b51f4f9:0x6bb680859c2434af!8m2!3d31.4548003!4d-9.7346668!16s%2Fg%2F11p11_b_pp!19sChIJ-fRRmzObrQ0RrzQknIWAtms?authuser=0&hl=en&g_ep=EgoyMDI2MDgzMC4wIJJjKgBIAVAD&rclk=1,Center Top Language Communication And Academic Support,Educational institution,Essaouira,+212 6 18 98 05 89,0,0,,,,,,,,,,
https://www.google.com/maps/place/Competance+Academy/data=!4m7!3m6!1s0xda91def5ae73f39:0xfe89b82d318240d1!8m2!3d33.2461221!4d-8.526598!16s%2Fg%2F11h8200gjr!19sChIJOT_nWu8dqQ0R0UCCMS24if4?authuser=0&hl=en&g_ep=EgoyMDI2MDgzMC4wIJJjKgBIAVAD&rclk=1,Competance Academy,School center,El Jadida,+212 6 22 14 93 88,1,5,,,,,,,,,,
https://www.google.com/maps/place/Centre+de+Langue+Fluency/data=!4m7!3m6!1s0xda1dbc3ccf46b31:0x430d4f69a6f1b0c9!8m2!3d33.4401173!4d-5.2247251!16s%2Fg%2F11t7bym1w3!19sChIJMWv0zMPboQ0RybDxpmlPDUM?authuser=0&hl=en&g_ep=EgoyMDI2MDgzMC4wIJJjKgBIAVAD&rclk=1,Centre de Langue Fluency,Education center,Azrou,+212 5 35 56 39 84,2,3,https://fluencylanguagecentre.blogspot.com/,,,,,,,,fluencycentre@gmail.com,
https://www.google.com/maps/place/Center+Gopex/data=!4m7!3m6!1s0xda75985287e7db7:0xbfd255ef7cf47d51!8m2!3d34.2591713!4d-6.5851502!16s%2Fg%2F11j47nv796!19sChIJt31-KIVZpw0RUX30fO9V0r8?authuser=0&hl=en&g_ep=EgoyMDI2MDgzMC4wIJJjKgBIAVAD&rclk=1,Center Gopex,Adult education school,Kenitra,+212 6 05 96 79 15,3,5,,,,,,,,,,
https://www.google.com/maps/place/Intello+Air+%26+Hospitality+Academy/data=!4m7!3m6!1s0xda759bde4b4b921:0x5cc178c65920b992!8m2!3d34.262623!4d-6.5858785!16s%2Fg%2F11s0yw_zlh!19sChIJIbm05L1Zpw0RkrkgWcZ4wVw?authuser=0&hl=en&g_ep=EgoyMDI2MDgzMC4wIJJjKgBIAVAD&rclk=1,Intello Air & Hospitality Academy,Vocational school,Kenitra,+212 6 21 84 59 53,19,3.9,https://www.intellogroupe.ma/,facebook.com/profile.php?id=100088041020998,instagram.com/intello_group,,,,tiktok.com/@intello_group,wa.me/212621845953,contact@intellogroupe.ma,
https://www.google.com/maps/place/%D9%85%D8%B1%D9%83%D8%B2+%D8%AA%D9%88%D8%A7%D8%B5%D9%84+%D9%84%D9%84%D8%AF%D8%B9%D9%85+%D9%88%D8%A7%D9%84%D9%84%D8%BA%D8%A7%D8%AA%E2%80%AD/data=!4m7!3m6!1s0xda05b63105d6dc3:0xef1383bd76e99107!8m2!3d33.8502275!4d-5.5784913!16s%2Fg%2F11stvgc8vr!19sChIJw21dEGNboA0RB5Hpdr2DE-8?authuser=0&hl=en&g_ep=EgoyMDI2MDgzMC4wIJJjKgBIAVAD&rclk=1,مركز تواصل للدعم واللغات,Education center,Majjate,+212 6 14 49 73 35,1,5,,,,,,,,,,
https://www.google.com/maps/place/Selectividad+F%C3%A8s+-+Big+Up+Center/data=!4m7!3m6!1s0xd9f8b25efb3ec21:0x8629fb59a1a0b703!8m2!3d34.0422849!4d-5.0010318!16s%2Fg%2F11xg4_vt3d!19sChIJIeyz7yWLnw0RA7egoVn7KYY?authuser=0&hl=en&g_ep=EgoyMDI2MDgzMC4wIJJjKgBIAVAD&rclk=1,Selectividad Fès - Big Up Center,Training center,Fez,+212 6 68 23 22 27,17,4.3,https://bigupcenter.ma/,,,,,,,,,
https://www.google.com/maps/place/Harvest+Technologies/data=!4m7!3m6!1s0xd9f8b0833631c15:0x22a68b8f128ad40b!8m2!3d34.0402458!4d-5.0024768!16s%2Fg%2F11sdwl6pf3!19sChIJFRxjMwiLnw0RC9SKEo-LpiI?authuser=0&hl=en&g_ep=EgoyMDI2MDgzMC4wIJJjKgBIAVAD&rclk=1,Harvest Technologies,Education center,Fez,+212 6 73 72 40 40,5,5,,,,,,,,,,
https://www.google.com/maps/place/Centre+B%C3%AAta/data=!4m7!3m6!1s0xd9f89b0580e5a1b:0x92524e530d636026!8m2!3d33.9601408!4d-4.9980798!16s%2Fg%2F11xvrcb_ts!19sChIJG1oOWLCJnw0RJmBjDVNOUpI?authuser=0&hl=en&g_ep=EgoyMDI2MDgzMC4wIJJjKgBIAVAD&rclk=1,Centre Bêta,School center,Ouled Tayeb,+212 6 10 43 89 97,12,4.9,,,,,,,,,,
https://www.google.com/maps/place/%D9%85%D8%A4%D8%B3%D8%B3%D8%A9+%D8%A7%D9%84%D8%AA%D9%81%D8%AA%D8%AD+%D8%A7%D9%84%D9%81%D9%86%D9%8A+%D9%88%D8%A7%D9%84%D8%A3%D8%AF%D8%A8%D9%8A+%D8%A3%D9%85+%D8%A3%D9%8A%D9%85%D9%86%E2%80%AD/data=!4m7!3m6!1s0xd9f8b49fdde41a9:0x606b1aa3bef507ef!8m2!3d34.0459471!4d-4.9974955!16s%2Fg%2F11ggswcy5l!19sChIJqUHe_UmLnw0R7wf1vqMaa2A?authuser=0&hl=en&g_ep=EgoyMDI2MDgzMC4wIJJjKgBIAVAD&rclk=1,مؤسسة التفتح الفني والأدبي أم أيمن,Educational institution,Fez,+212 7 83 23 95 67,6,5,,,,,,,,,,
https://www.google.com/maps/place/%D9%85%D8%B1%D9%83%D8%B2+%D8%B3%D9%84%D8%B3%D8%A8%D9%8A%D9%84+%D9%84%D9%84%D8%B9%D9%84%D9%88%D9%85+%D9%88%D8%A7%D9%84%D9%84%D8%BA%D8%A7%D8%AA%E2%80%AD/data=!4m7!3m6!1s0xda7430074e3c72f:0xec8bc10cd65b71c3!8m2!3d34.105018!4d-6.7192682!16s%2Fg%2F11vylkvkf4!19sChIJL8fjdABDpw0Rw3Fb1gzBi-w?authuser=0&hl=en&g_ep=EgoyMDI2MDgzMC4wIJJjKgBIAVAD&rclk=1,مركز سلسبيل للعلوم واللغات,Education center,Ameur عامر,+212 6 60 92 59 62,1,5,,,,,,,,,,
https://www.google.com/maps/place/Akademie+Language+And+Training+Private/data=!4m7!3m6!1s0xda76d21c33fc4c7:0x7f4e05766cc68020!8m2!3d34.0223109!4d-6.7616323!16s%2Fg%2F11sp7v7sv6!19sChIJx8Q_wyFtpw0RIIDGbHYFTn8?authuser=0&hl=en&g_ep=EgoyMDI2MDgzMC4wIJJjKgBIAVAD&rclk=1,Akademie Language And Training Private,Training center,Salé,+212 6 64 01 81 00,0,0,,,,,,,,,,
https://www.google.com/maps/place/Ads+Sprachenzentrum/data=!4m7!3m6!1s0xda76be51bd9371b:0x28cce2aefc34f199!8m2!3d34.0435759!4d-6.8121236!16s%2Fg%2F11lc9hkcg6!19sChIJGzfZG-Vrpw0RmfE0_K7izCg?authuser=0&hl=en&g_ep=EgoyMDI2MDgzMC4wIJJjKgBIAVAD&rclk=1,Ads Sprachenzentrum,Education center,Salé,+212 5 37 86 65 22,38,4.9,,,,,,,,,,
https://www.google.com/maps/place/Academy+Du+Savoir/data=!4m7!3m6!1s0xda62da380328c67:0x674b9197093ed28a!8m2!3d33.5107637!4d-7.6326379!16s%2Fg%2F11ry5jhgrh!19sChIJZ4wygKMtpg0RitI-CZeRS2c?authuser=0&hl=en&g_ep=EgoyMDI2MDgzMC4wIJJjKgBIAVAD&rclk=1,Academy Du Savoir,Tutoring service,Casablanca,+212 6 91 87 45 66,28,4.7,,,,,,,,,,